1:1      LANG_BEGIN                             []
1:1      PARENTHESIS        [                   [0x5b]
1:2      NEWLINE                                [0x0a]
2:1      INDENT                                 [0x20 0x20]
2:3      ID_LOWER           n                   [0x6e]
2:4      ID_LOWER           o                   [0x6f]
2:5      ID_LOWER           n                   [0x6e]
2:6      ID_LOWER           e                   [0x65]
2:7      NEWLINE                                [0x0a 0x20 0x20]
3:3      ID_LOWER           t                   [0x74]
3:4      ID_LOWER           r                   [0x72]
3:5      ID_LOWER           u                   [0x75]
3:6      ID_LOWER           e                   [0x65]
3:7      NEWLINE                                [0x0a 0x20 0x20]
4:3      DIGIT              4                   [0x34]
4:4      DIGIT              2                   [0x32]
4:5      NEWLINE                                [0x0a 0x20 0x20]
5:3      ID_LOWER           h                   [0x68]
5:4      ID_LOWER           e                   [0x65]
5:5      ID_LOWER           l                   [0x6c]
5:6      ID_LOWER           l                   [0x6c]
5:7      ID_LOWER           o                   [0x6f]
5:8      SPACE                                  [0x20]
5:9      OPERATOR           :                   [0x3a]
5:10     SPACE                                  [0x20]
5:11     OPERATOR           '                   [0x27]
5:12     ID_UPPER           W                   [0x57]
5:13     ID_LOWER           o                   [0x6f]
5:14     ID_LOWER           r                   [0x72]
5:15     ID_LOWER           l                   [0x6c]
5:16     ID_LOWER           d                   [0x64]
5:17     OPERATOR           '                   [0x27]
5:18     NEWLINE                                [0x0a 0x20 0x20]
6:3      PARENTHESIS        [                   [0x5b]
6:4      PARENTHESIS        ]                   [0x5d]
6:5      NEWLINE                                [0x0a 0x20 0x20]
7:3      PARENTHESIS        [                   [0x5b]
7:4      NEWLINE                                [0x0a]
8:1      INDENT                                 [0x20 0x20 0x20 0x20]
8:5      OPERATOR           '                   [0x27]
8:6      ID_LOWER           o                   [0x6f]
8:7      ID_LOWER           n                   [0x6e]
8:8      ID_LOWER           e                   [0x65]
8:9      OPERATOR           '                   [0x27]
8:10     SPACE                                  [0x20]
8:11     OPERATOR           :                   [0x3a]
8:12     SPACE                                  [0x20]
8:13     DIGIT              1                   [0x31]
8:14     OPERATOR           .                   [0x2e]
8:15     DIGIT              0                   [0x30]
8:16     NEWLINE                                [0x0a 0x20 0x20 0x20 0x20]
9:5      OPERATOR           '                   [0x27]
9:6      ID_LOWER           t                   [0x74]
9:7      ID_LOWER           w                   [0x77]
9:8      ID_LOWER           o                   [0x6f]
9:9      OPERATOR           '                   [0x27]
9:10     SPACE                                  [0x20]
9:11     OPERATOR           :                   [0x3a]
9:12     SPACE                                  [0x20]
9:13     DIGIT              2                   [0x32]
9:14     OPERATOR           .                   [0x2e]
9:15     DIGIT              0                   [0x30]
9:16     NEWLINE                                [0x0a]
10:1     DEDENT                                 [0x20 0x20]
10:3     PARENTHESIS        ]                   [0x5d]
10:4     NEWLINE                                [0x0a]
11:1     DEDENT                                 []
11:1     PARENTHESIS        ]                   [0x5d]
11:2     NEWLINE                                [0x0a]
12:1     LANG_END                               []
[
  none
  true
  42
  'hello' : 'World'
  []
  [
    'one' : 1
    'two' : 2
  ]
]

ERROR (MAJOR):
    ┌─expected token of category token[ MULTILINE_STRING ]; got token[ PARENTHESIS ]
    │ [01-broken.fern:9:3] expected token[ ' ]
    │ [01-broken.fern:9:3] while matching token[ ' ]
    │ [01-broken.fern:9:3] .string.single: expected sequence[ '\\''  ...  '\\'' ]
    ├─[01-broken.fern:9:3] .string.single
    │ [01-broken.fern:9:3] expected token[ " ]
    │ [01-broken.fern:9:3] while matching token[ " ]
    │ [01-broken.fern:9:3] .string.double: expected sequence[ '\"' ~ ... * '\"' ]
    ├─[01-broken.fern:9:3] .string.double
    [01-broken.fern:9:3] .string: expected alternation[ MULTI ... ouble ]
  ┌─[01-broken.fern:9:3] .string
  │ expected token of category ID_START; got token[ ID_START ]
  │ [01-broken.fern:9:3] .identifier: expected sequence[ ID_ST ... NUE * ]
  ├─[01-broken.fern:9:3] .identifier
  [01-broken.fern:9:3] .Fern.label: expected alternation[ strin ... ifier ]
  [01-broken.fern:9:3] .Fern.label
┌─[01-broken.fern:9:3] .Fern.LabeledItem: expected sequence[ label ':'  ]
│   [01-broken.fern:10:5] expected token[ ] ]
│ ┌─[01-broken.fern:10:5] while matching token[ ] ]
│ │     [01-broken.fern:10:5] expected token[ [ ]
│ │     [01-broken.fern:10:5] while matching token[ [ ]
│ │     [01-broken.fern:10:5] .Fern: expected sequence[ '[' L ... * ']' ]
│ │   ┌─[01-broken.fern:10:5] .Fern
│ │   │   [01-broken.fern:10:5] expected token[ none ]
│ │   │   [01-broken.fern:10:5] while matching token[ none ]
│ │   │ ┌─[01-broken.fern:10:5] .none
│ │   │ │   [01-broken.fern:10:5] expected token[ true ]
│ │   │ │ ┌─[01-broken.fern:10:5] while matching token[ true ]
│ │   │ │ │ [01-broken.fern:10:5] expected token[ false ]
│ │   │ │ ├─[01-broken.fern:10:5] while matching token[ false ]
│ │   │ │ [01-broken.fern:10:5] .boolean: expected alternation[ [ \"tr ... se\" ] ]
│ │   │ ├─[01-broken.fern:10:5] .boolean
│ │   │ │       [01-broken.fern:10:5] expected token[ + ]
│ │   │ │     ┌─[01-broken.fern:10:5] while matching token[ + ]
│ │   │ │     │ [01-broken.fern:10:5] expected token[ - ]
│ │   │ │     ├─[01-broken.fern:10:5] while matching token[ - ]
│ │   │ │     [01-broken.fern:10:5] .number.plusMinus: expected alternation[ [ '+' ... '-' ] ]
│ │   │ │   ┌─[01-broken.fern:10:5] .number.plusMinus
│ │   │ │   │     [01-broken.fern:10:5] expected token[ inf ]
│ │   │ │   │   ┌─[01-broken.fern:10:5] while matching token[ inf ]
│ │   │ │   │   │ [01-broken.fern:10:5] expected token[ nan ]
│ │   │ │   │   ├─[01-broken.fern:10:5] while matching token[ nan ]
│ │   │ │   │   [01-broken.fern:10:5] .number.unsigned.float.special: expected alternation[ [ 'in ... an' ] ]
│ │   │ │   │ ┌─[01-broken.fern:10:5] .number.unsigned.float.special
│ │   │ │   │ │ expected token of category token[ DIGIT ]; got token[ ID_LOWER ]
│ │   │ │   │ │ [01-broken.fern:10:5] .number.unsigned.integer.decimal: expected sequence[ DIGIT ... g ) * ]
│ │   │ │   │ │ [01-broken.fern:10:5] .number.unsigned.integer.decimal
│ │   │ │   │ │ [01-broken.fern:10:5] .number.unsigned.float.integerPart
│ │   │ │   │ ├─[01-broken.fern:10:5] .number.unsigned.float: expected sequence[ integ ... t ? ) ]
│ │   │ │   │ [01-broken.fern:10:5] .number.unsigned.float: expected alternation[ speci ... t ? ) ]
│ │   │ │   ├─[01-broken.fern:10:5] .number.unsigned.float
│ │   │ │   [01-broken.fern:10:5] .number.float: expected sequence[ plusM ... float ]
│ │   │ │ ┌─[01-broken.fern:10:5] .number.float
│ │   │ │ │     [01-broken.fern:10:5] expected token[ + ]
│ │   │ │ │   ┌─[01-broken.fern:10:5] while matching token[ + ]
│ │   │ │ │   │ [01-broken.fern:10:5] expected token[ - ]
│ │   │ │ │   ├─[01-broken.fern:10:5] while matching token[ - ]
│ │   │ │ │   [01-broken.fern:10:5] .number.plusMinus: expected alternation[ [ '+' ... '-' ] ]
│ │   │ │ │ ┌─[01-broken.fern:10:5] .number.plusMinus
│ │   │ │ │ │   [01-broken.fern:10:5] expected token[ inf ]
│ │   │ │ │ │ ┌─[01-broken.fern:10:5] while matching token[ inf ]
│ │   │ │ │ │ │ [01-broken.fern:10:5] expected token[ nan ]
│ │   │ │ │ │ ├─[01-broken.fern:10:5] while matching token[ nan ]
│ │   │ │ │ │ [01-broken.fern:10:5] .number.unsigned.float.special: expected alternation[ [ 'in ... an' ] ]
│ │   │ │ │ ├─[01-broken.fern:10:5] .number.unsigned.float.special
│ │   │ │ │ [01-broken.fern:10:5] .number.float.special: expected sequence[ plusM ... ecial ]
│ │   │ │ ├─[01-broken.fern:10:5] .number.float.special
│ │   │ │ │       [01-broken.fern:10:5] expected token[ + ]
│ │   │ │ │     ┌─[01-broken.fern:10:5] while matching token[ + ]
│ │   │ │ │     │ [01-broken.fern:10:5] expected token[ - ]
│ │   │ │ │     ├─[01-broken.fern:10:5] while matching token[ - ]
│ │   │ │ │     [01-broken.fern:10:5] .number.plusMinus: expected alternation[ [ '+' ... '-' ] ]
│ │   │ │ │   ┌─[01-broken.fern:10:5] .number.plusMinus
│ │   │ │ │   │ [01-broken.fern:10:5] expected token[ 0b ]
│ │   │ │ │   │ [01-broken.fern:10:5] while matching token[ 0b ]
│ │   │ │ │   │ [01-broken.fern:10:5] .number.unsigned.integer.binary: expected sequence[ '0b'  ... g ) * ]
│ │   │ │ │   ├─[01-broken.fern:10:5] .number.unsigned.integer.binary
│ │   │ │ │   [01-broken.fern:10:5] .number.integer.binary: expected sequence[ plusM ... inary ]
│ │   │ │ │ ┌─[01-broken.fern:10:5] .number.integer.binary
│ │   │ │ │ │     [01-broken.fern:10:5] expected token[ + ]
│ │   │ │ │ │   ┌─[01-broken.fern:10:5] while matching token[ + ]
│ │   │ │ │ │   │ [01-broken.fern:10:5] expected token[ - ]
│ │   │ │ │ │   ├─[01-broken.fern:10:5] while matching token[ - ]
│ │   │ │ │ │   [01-broken.fern:10:5] .number.plusMinus: expected alternation[ [ '+' ... '-' ] ]
│ │   │ │ │ │ ┌─[01-broken.fern:10:5] .number.plusMinus
│ │   │ │ │ │ │ [01-broken.fern:10:5] expected token[ 0o ]
│ │   │ │ │ │ │ [01-broken.fern:10:5] while matching token[ 0o ]
│ │   │ │ │ │ │ [01-broken.fern:10:5] .number.unsigned.integer.octal: expected sequence[ '0o'  ... g ) * ]
│ │   │ │ │ │ ├─[01-broken.fern:10:5] .number.unsigned.integer.octal
│ │   │ │ │ │ [01-broken.fern:10:5] .number.integer.octal: expected sequence[ plusM ... octal ]
│ │   │ │ │ ├─[01-broken.fern:10:5] .number.integer.octal
│ │   │ │ │ │     [01-broken.fern:10:5] expected token[ + ]
│ │   │ │ │ │   ┌─[01-broken.fern:10:5] while matching token[ + ]
│ │   │ │ │ │   │ [01-broken.fern:10:5] expected token[ - ]
│ │   │ │ │ │   ├─[01-broken.fern:10:5] while matching token[ - ]
│ │   │ │ │ │   [01-broken.fern:10:5] .number.plusMinus: expected alternation[ [ '+' ... '-' ] ]
│ │   │ │ │ │ ┌─[01-broken.fern:10:5] .number.plusMinus
│ │   │ │ │ │ │ [01-broken.fern:10:5] expected token[ 0x ]
│ │   │ │ │ │ │ [01-broken.fern:10:5] while matching token[ 0x ]
│ │   │ │ │ │ │ [01-broken.fern:10:5] .number.unsigned.integer.hexadecimal: expected sequence[ '0x'  ... g ) * ]
│ │   │ │ │ │ ├─[01-broken.fern:10:5] .number.unsigned.integer.hexadecimal
│ │   │ │ │ │ [01-broken.fern:10:5] .number.integer.hexadecimal: expected sequence[ plusM ... cimal ]
│ │   │ │ │ ├─[01-broken.fern:10:5] .number.integer.hexadecimal
│ │   │ │ │ │     [01-broken.fern:10:5] expected token[ + ]
│ │   │ │ │ │   ┌─[01-broken.fern:10:5] while matching token[ + ]
│ │   │ │ │ │   │ [01-broken.fern:10:5] expected token[ - ]
│ │   │ │ │ │   ├─[01-broken.fern:10:5] while matching token[ - ]
│ │   │ │ │ │   [01-broken.fern:10:5] .number.plusMinus: expected alternation[ [ '+' ... '-' ] ]
│ │   │ │ │ │ ┌─[01-broken.fern:10:5] .number.plusMinus
│ │   │ │ │ │ │ expected token of category token[ DIGIT ]; got token[ ID_LOWER ]
│ │   │ │ │ │ │ [01-broken.fern:10:5] .number.unsigned.integer.decimal: expected sequence[ DIGIT ... g ) * ]
│ │   │ │ │ │ ├─[01-broken.fern:10:5] .number.unsigned.integer.decimal
│ │   │ │ │ │ [01-broken.fern:10:5] .number.integer.decimal: expected sequence[ plusM ... cimal ]
│ │   │ │ │ ├─[01-broken.fern:10:5] .number.integer.decimal
│ │   │ │ │ [01-broken.fern:10:5] .number.integer: expected alternation[ [ bin ... mal ] ]
│ │   │ │ ├─[01-broken.fern:10:5] .number.integer
│ │   │ │ [01-broken.fern:10:5] .number: expected alternation[ [ flo ... ger ] ]
│ │   │ ├─[01-broken.fern:10:5] .number
│ │   │ │ ┌─expected token of category token[ MULTILINE_STRING ]; got token[ ID_LOWER ]
│ │   │ │ │ [01-broken.fern:10:5] expected token[ ' ]
│ │   │ │ │ [01-broken.fern:10:5] while matching token[ ' ]
│ │   │ │ │ [01-broken.fern:10:5] .string.single: expected sequence[ '\\''  ...  '\\'' ]
│ │   │ │ ├─[01-broken.fern:10:5] .string.single
│ │   │ │ │ [01-broken.fern:10:5] expected token[ " ]
│ │   │ │ │ [01-broken.fern:10:5] while matching token[ " ]
│ │   │ │ │ [01-broken.fern:10:5] .string.double: expected sequence[ '\"' ~ ... * '\"' ]
│ │   │ │ ├─[01-broken.fern:10:5] .string.double
│ │   │ │ [01-broken.fern:10:5] .string: expected alternation[ MULTI ... ouble ]
│ │   │ ├─[01-broken.fern:10:5] .string
│ │   │ [01-broken.fern:10:5] .Fern.value: expected alternation[ none  ... tring ]
│ │   ├─[01-broken.fern:10:5] .Fern.value
│ │ ┌─[01-broken.fern:10:5] .Fern.LabeledItem: expected alternation[ Fern  ... alue  ]
│ │ │ [01-broken.fern:11:5] expected token[ : ]
│ │ │ [01-broken.fern:11:5] while matching token[ : ]
│ │ ├─[01-broken.fern:10:5] .Fern.LabeledItem: expected sequence[ label ':'  ]
│ │ [01-broken.fern:10:5] .Fern.LabeledItem: expected sequence[ ( lab ... lue ) ]
│ ├─[01-broken.fern:10:5] .Fern.LabeledItem
│ [01-broken.fern:9:3] .Fern: expected sequence[ '[' L ... * ']' ]
│ [01-broken.fern:9:3] .Fern
├─[01-broken.fern:9:3] .Fern.LabeledItem: expected alternation[ Fern  ... alue  ]
[01-broken.fern:9:3] .Fern.LabeledItem: expected sequence[ ( lab ... lue ) ]
[01-broken.fern:9:3] .Fern.LabeledItem
[01-broken.fern:1:1] .Fern: expected sequence[ '[' L ... * ']' ]
[01-broken.fern:1:1] .Fern
seed::interpreter_t::apply(.Fern) failed to parse

[0] .Fern                                                                       [<NEWLINE><INDENT>no ... ]<NEWLINE><DEDENT>]<NEWLINE>¦
  [0] .Fern.LabeledItem                                                         none<NEWLINE>¦
    [0] .Fern.value                                                             ｢none｣
      [0] .none                                                                 ｢none｣
  [1] .Fern.LabeledItem                                                         []<NEWLINE>¦
    [0] .Fern                                                                   []<NEWLINE>¦
  [2] .Fern.LabeledItem                                                         [<NEWLINE><INDENT>no ... <NEWLINE><DEDENT>]<NEWLINE><DEDENT>¦
    [0] .Fern                                                                   [<NEWLINE><INDENT>no ... <NEWLINE><DEDENT>]<NEWLINE><DEDENT>¦
      [0] .Fern.LabeledItem                                                     none<NEWLINE><DEDENT>¦
        [0] .Fern.value                                                         ｢none｣
          [0] .none                                                             ｢none｣

[0]                                                                                  false     unknown token-location
  [0] .freeForm                                                                      true      01-simplest.fern:1:1
    [0] .comment                                                                     false     01-simplest.fern:1:1
  [1] .Fern                                                                          true      01-simplest.fern:1:1
    [0] .freeForm                                                                    true      01-simplest.fern:1:2
      [0] .comment                                                                   false     01-simplest.fern:1:2
      [1] .comment                                                                   false     01-simplest.fern:2:1
      [2] .comment                                                                   false     01-simplest.fern:2:3
    [1] .Fern.LabeledItem                                                            true      01-simplest.fern:2:3
      [0] .Fern.label                                                                true      01-simplest.fern:2:3
        [0] .string                                                                  false     01-simplest.fern:2:3
          [0] .string.single                                                         false     01-simplest.fern:2:3
          [1] .string.double                                                         false     01-simplest.fern:2:3
        [1] .identifier                                                              true      01-simplest.fern:2:3
        [2] .freeForm                                                                true      01-simplest.fern:2:7
          [0] .comment                                                               false     01-simplest.fern:2:7
          [1] .comment                                                               false     01-simplest.fern:3:3
      [1] .Fern                                                                      false     01-simplest.fern:2:3
      [2] .Fern.value                                                                true      01-simplest.fern:2:3
        [0] .none                                                                    true      01-simplest.fern:2:3
        [1] .freeForm                                                                true      01-simplest.fern:2:7
          [0] .comment                                                               false     01-simplest.fern:2:7
          [1] .comment                                                               false     01-simplest.fern:3:3
    [2] .Fern.LabeledItem                                                            true      01-simplest.fern:3:3
      [0] .Fern.label                                                                false     01-simplest.fern:3:3
        [0] .string                                                                  false     01-simplest.fern:3:3
          [0] .string.single                                                         false     01-simplest.fern:3:3
          [1] .string.double                                                         false     01-simplest.fern:3:3
        [1] .identifier                                                              false     01-simplest.fern:3:3
      [1] .Fern                                                                      true      01-simplest.fern:3:3
        [0] .freeForm                                                                true      01-simplest.fern:3:4
          [0] .comment                                                               false     01-simplest.fern:3:4
        [1] .Fern.LabeledItem                                                        false     01-simplest.fern:3:4
          [0] .Fern.label                                                            false     01-simplest.fern:3:4
            [0] .string                                                              false     01-simplest.fern:3:4
              [0] .string.single                                                     false     01-simplest.fern:3:4
              [1] .string.double                                                     false     01-simplest.fern:3:4
            [1] .identifier                                                          false     01-simplest.fern:3:4
          [1] .Fern                                                                  false     01-simplest.fern:3:4
          [2] .Fern.value                                                            false     01-simplest.fern:3:4
            [0] .none                                                                false     01-simplest.fern:3:4
            [1] .boolean                                                             false     01-simplest.fern:3:4
            [2] .number                                                              false     01-simplest.fern:3:4
              [0] .number.float                                                      false     01-simplest.fern:3:4
                [0] .number.plusMinus                                                false     01-simplest.fern:3:4
                [1] .number.unsigned.float                                           false     01-simplest.fern:3:4
                  [0] .number.unsigned.float.special                                 false     01-simplest.fern:3:4
                  [1] .number.unsigned.float.integerPart                             false     01-simplest.fern:3:4
                    [0] .number.unsigned.integer.decimal                             false     01-simplest.fern:3:4
              [1] .number.float.special                                              false     01-simplest.fern:3:4
                [0] .number.plusMinus                                                false     01-simplest.fern:3:4
                [1] .number.unsigned.float.special                                   false     01-simplest.fern:3:4
              [2] .number.integer                                                    false     01-simplest.fern:3:4
                [0] .number.integer.binary                                           false     01-simplest.fern:3:4
                  [0] .number.plusMinus                                              false     01-simplest.fern:3:4
                  [1] .number.unsigned.integer.binary                                false     01-simplest.fern:3:4
                [1] .number.integer.octal                                            false     01-simplest.fern:3:4
                  [0] .number.plusMinus                                              false     01-simplest.fern:3:4
                  [1] .number.unsigned.integer.octal                                 false     01-simplest.fern:3:4
                [2] .number.integer.hexadecimal                                      false     01-simplest.fern:3:4
                  [0] .number.plusMinus                                              false     01-simplest.fern:3:4
                  [1] .number.unsigned.integer.hexadecimal                           false     01-simplest.fern:3:4
                [3] .number.integer.decimal                                          false     01-simplest.fern:3:4
                  [0] .number.plusMinus                                              false     01-simplest.fern:3:4
                  [1] .number.unsigned.integer.decimal                               false     01-simplest.fern:3:4
            [3] .string                                                              false     01-simplest.fern:3:4
              [0] .string.single                                                     false     01-simplest.fern:3:4
              [1] .string.double                                                     false     01-simplest.fern:3:4
        [2] .freeForm                                                                true      01-simplest.fern:3:5
          [0] .comment                                                               false     01-simplest.fern:3:5
          [1] .comment                                                               false     01-simplest.fern:4:3
    [3] .Fern.LabeledItem                                                            true      01-simplest.fern:4:3
      [0] .Fern.label                                                                false     01-simplest.fern:4:3
        [0] .string                                                                  false     01-simplest.fern:4:3
          [0] .string.single                                                         false     01-simplest.fern:4:3
          [1] .string.double                                                         false     01-simplest.fern:4:3
        [1] .identifier                                                              false     01-simplest.fern:4:3
      [1] .Fern                                                                      true      01-simplest.fern:4:3
        [0] .freeForm                                                                true      01-simplest.fern:4:4
          [0] .comment                                                               false     01-simplest.fern:4:4
          [1] .comment                                                               false     01-simplest.fern:5:1
          [2] .comment                                                               false     01-simplest.fern:5:5
        [1] .Fern.LabeledItem                                                        true      01-simplest.fern:5:5
          [0] .Fern.label                                                            true      01-simplest.fern:5:5
            [0] .string                                                              false     01-simplest.fern:5:5
              [0] .string.single                                                     false     01-simplest.fern:5:5
              [1] .string.double                                                     false     01-simplest.fern:5:5
            [1] .identifier                                                          true      01-simplest.fern:5:5
            [2] .freeForm                                                            true      01-simplest.fern:5:9
              [0] .comment                                                           false     01-simplest.fern:5:9
              [1] .comment                                                           false     01-simplest.fern:6:1
              [2] .comment                                                           false     01-simplest.fern:6:3
          [1] .Fern                                                                  false     01-simplest.fern:5:5
          [2] .Fern.value                                                            true      01-simplest.fern:5:5
            [0] .none                                                                true      01-simplest.fern:5:5
            [1] .freeForm                                                            true      01-simplest.fern:5:9
              [0] .comment                                                           false     01-simplest.fern:5:9
              [1] .comment                                                           false     01-simplest.fern:6:1
              [2] .comment                                                           false     01-simplest.fern:6:3
        [2] .Fern.LabeledItem                                                        false     01-simplest.fern:6:3
          [0] .Fern.label                                                            false     01-simplest.fern:6:3
            [0] .string                                                              false     01-simplest.fern:6:3
              [0] .string.single                                                     false     01-simplest.fern:6:3
              [1] .string.double                                                     false     01-simplest.fern:6:3
            [1] .identifier                                                          false     01-simplest.fern:6:3
          [1] .Fern                                                                  false     01-simplest.fern:6:3
          [2] .Fern.value                                                            false     01-simplest.fern:6:3
            [0] .none                                                                false     01-simplest.fern:6:3
            [1] .boolean                                                             false     01-simplest.fern:6:3
            [2] .number                                                              false     01-simplest.fern:6:3
              [0] .number.float                                                      false     01-simplest.fern:6:3
                [0] .number.plusMinus                                                false     01-simplest.fern:6:3
                [1] .number.unsigned.float                                           false     01-simplest.fern:6:3
                  [0] .number.unsigned.float.special                                 false     01-simplest.fern:6:3
                  [1] .number.unsigned.float.integerPart                             false     01-simplest.fern:6:3
                    [0] .number.unsigned.integer.decimal                             false     01-simplest.fern:6:3
              [1] .number.float.special                                              false     01-simplest.fern:6:3
                [0] .number.plusMinus                                                false     01-simplest.fern:6:3
                [1] .number.unsigned.float.special                                   false     01-simplest.fern:6:3
              [2] .number.integer                                                    false     01-simplest.fern:6:3
                [0] .number.integer.binary                                           false     01-simplest.fern:6:3
                  [0] .number.plusMinus                                              false     01-simplest.fern:6:3
                  [1] .number.unsigned.integer.binary                                false     01-simplest.fern:6:3
                [1] .number.integer.octal                                            false     01-simplest.fern:6:3
                  [0] .number.plusMinus                                              false     01-simplest.fern:6:3
                  [1] .number.unsigned.integer.octal                                 false     01-simplest.fern:6:3
                [2] .number.integer.hexadecimal                                      false     01-simplest.fern:6:3
                  [0] .number.plusMinus                                              false     01-simplest.fern:6:3
                  [1] .number.unsigned.integer.hexadecimal                           false     01-simplest.fern:6:3
                [3] .number.integer.decimal                                          false     01-simplest.fern:6:3
                  [0] .number.plusMinus                                              false     01-simplest.fern:6:3
                  [1] .number.unsigned.integer.decimal                               false     01-simplest.fern:6:3
            [3] .string                                                              false     01-simplest.fern:6:3
              [0] .string.single                                                     false     01-simplest.fern:6:3
              [1] .string.double                                                     false     01-simplest.fern:6:3
        [3] .freeForm                                                                true      01-simplest.fern:6:4
          [0] .comment                                                               false     01-simplest.fern:6:4
          [1] .comment                                                               false     01-simplest.fern:7:1
          [2] .comment                                                               false     01-simplest.fern:7:1
    [4] .Fern.LabeledItem                                                            false     01-simplest.fern:7:1
      [0] .Fern.label                                                                false     01-simplest.fern:7:1
        [0] .string                                                                  false     01-simplest.fern:7:1
          [0] .string.single                                                         false     01-simplest.fern:7:1
          [1] .string.double                                                         false     01-simplest.fern:7:1
        [1] .identifier                                                              false     01-simplest.fern:7:1
      [1] .Fern                                                                      false     01-simplest.fern:7:1
      [2] .Fern.value                                                                false     01-simplest.fern:7:1
        [0] .none                                                                    false     01-simplest.fern:7:1
        [1] .boolean                                                                 false     01-simplest.fern:7:1
        [2] .number                                                                  false     01-simplest.fern:7:1
          [0] .number.float                                                          false     01-simplest.fern:7:1
            [0] .number.plusMinus                                                    false     01-simplest.fern:7:1
            [1] .number.unsigned.float                                               false     01-simplest.fern:7:1
              [0] .number.unsigned.float.special                                     false     01-simplest.fern:7:1
              [1] .number.unsigned.float.integerPart                                 false     01-simplest.fern:7:1
                [0] .number.unsigned.integer.decimal                                 false     01-simplest.fern:7:1
          [1] .number.float.special                                                  false     01-simplest.fern:7:1
            [0] .number.plusMinus                                                    false     01-simplest.fern:7:1
            [1] .number.unsigned.float.special                                       false     01-simplest.fern:7:1
          [2] .number.integer                                                        false     01-simplest.fern:7:1
            [0] .number.integer.binary                                               false     01-simplest.fern:7:1
              [0] .number.plusMinus                                                  false     01-simplest.fern:7:1
              [1] .number.unsigned.integer.binary                                    false     01-simplest.fern:7:1
            [1] .number.integer.octal                                                false     01-simplest.fern:7:1
              [0] .number.plusMinus                                                  false     01-simplest.fern:7:1
              [1] .number.unsigned.integer.octal                                     false     01-simplest.fern:7:1
            [2] .number.integer.hexadecimal                                          false     01-simplest.fern:7:1
              [0] .number.plusMinus                                                  false     01-simplest.fern:7:1
              [1] .number.unsigned.integer.hexadecimal                               false     01-simplest.fern:7:1
            [3] .number.integer.decimal                                              false     01-simplest.fern:7:1
              [0] .number.plusMinus                                                  false     01-simplest.fern:7:1
              [1] .number.unsigned.integer.decimal                                   false     01-simplest.fern:7:1
        [3] .string                                                                  false     01-simplest.fern:7:1
          [0] .string.single                                                         false     01-simplest.fern:7:1
          [1] .string.double                                                         false     01-simplest.fern:7:1
    [5] .freeForm                                                                    true      01-simplest.fern:7:2
      [0] .comment                                                                   false     01-simplest.fern:7:2
      [1] .comment                                                                   false     01-simplest.fern:8:1
[0] .Silva                                                                      Seed  ... ]<NEWLINE><NEWLINE>»<NEWLINE>¦
  [0] .Silva.Section                                                            Seed  ... <NEWLINE><DEDENT>»<NEWLINE><NEWLINE>¦
    [0] .Silva.languageName                                                     ｢Seed｣
    [1] .language                                                               «<NEWLINE>lan ... *<NEWLINE><NEWLINE><DEDENT>»¦
  [1] .Silva.Section                                                            AsBs  ... <NEWLINE><DEDENT>»<NEWLINE><NEWLINE>¦
    [0] .Silva.languageName                                                     ｢AsBs｣
    [1] .language                                                               «<INDENT>a a ... b <NEWLINE><DEDENT>»¦
  [2] .Silva.Section                                                            Seed  ... <DEDENT><DEDENT>»<NEWLINE><NEWLINE>¦
    [0] .Silva.languageName                                                     ｢Seed｣
    [1] .language                                                               «<NEWLINE>lan ... <NEWLINE><NEWLINE><DEDENT><DEDENT>»¦
  [3] .Silva.Section                                                            CppSt ... <NEWLINE><NEWLINE>»<NEWLINE><NEWLINE>¦
    [0] .Silva.languageName                                                     ｢CppStmts｣
    [1] .language                                                               «<NEWLINE>1 + ...  ;<NEWLINE><NEWLINE>»¦
  [4] .Silva.Section                                                            Fern  ... ]<NEWLINE><NEWLINE>»<NEWLINE>¦
    [0] .Silva.languageName                                                     ｢Fern｣
    [1] .language                                                               «<NEWLINE>[<NEWLINE><INDENT> ... <DEDENT>]<NEWLINE><NEWLINE>»¦

[0] .AsBs                                                                       a a a ...  b <NEWLINE><DEDENT>¦

[0] .CppStmts                                                                   1 + 2 ... b ;<NEWLINE><NEWLINE>¦
  [0] .CppStmts.Expr                                                            1 + 2 ...  * 5 ¦
    [0] .CppStmts.Expr.Addition.+                                               1 + 2 ...  * 5 ¦
      [0] .CppStmts.Expr.Addition.+                                             1 + 2 * 3 ¦
        [0] .CppStmts.Expr.Atom                                                 1 ¦
          [0] .number                                                           ｢1｣
            [0] .number.integer                                                 ｢1｣
              [0] .number.integer.decimal                                       ｢1｣
                [0] .number.unsigned.integer.decimal                            ｢1｣
        [1] .CppStmts.Expr.Multiply.*                                           2 * 3 ¦
          [0] .CppStmts.Expr.Atom                                               2 ¦
            [0] .number                                                         ｢2｣
              [0] .number.integer                                               ｢2｣
                [0] .number.integer.decimal                                     ｢2｣
                  [0] .number.unsigned.integer.decimal                          ｢2｣
          [1] .CppStmts.Expr.Atom                                               3 ¦
            [0] .number                                                         ｢3｣
              [0] .number.integer                                               ｢3｣
                [0] .number.integer.decimal                                     ｢3｣
                  [0] .number.unsigned.integer.decimal                          ｢3｣
      [1] .CppStmts.Expr.Multiply.*                                             4 * 5 ¦
        [0] .CppStmts.Expr.Atom                                                 4 ¦
          [0] .number                                                           ｢4｣
            [0] .number.integer                                                 ｢4｣
              [0] .number.integer.decimal                                       ｢4｣
                [0] .number.unsigned.integer.decimal                            ｢4｣
        [1] .CppStmts.Expr.Atom                                                 5 ¦
          [0] .number                                                           ｢5｣
            [0] .number.integer                                                 ｢5｣
              [0] .number.integer.decimal                                       ｢5｣
                [0] .number.unsigned.integer.decimal                            ｢5｣
  [1] .CppStmts.Expr                                                            a[1]  ... .14) ¦
    [0] .CppStmts.Expr.Assignment.=                                             a[1]  ... .14) ¦
      [0] .CppStmts.Expr.Postfix.[                                              a[1] ¦
        [0] .CppStmts.Expr.Atom                                                 a¦
          [0] .identifier                                                       ｢a｣
        [1] .CppStmts.Expr                                                      1¦
          [0] .CppStmts.Expr.Atom                                               1¦
            [0] .number                                                         ｢1｣
              [0] .number.integer                                               ｢1｣
                [0] .number.integer.decimal                                     ｢1｣
                  [0] .number.unsigned.integer.decimal                          ｢1｣
      [1] .CppStmts.Expr.Postfix.(                                              std:: ... .14) ¦
        [0] .CppStmts.Expr.Namespace.::                                         std::sin¦
          [0] .CppStmts.Expr.Atom                                               std¦
            [0] .identifier                                                     ｢std｣
          [1] .CppStmts.Expr.Atom                                               sin¦
            [0] .identifier                                                     ｢sin｣
        [1] .CppStmts.Expr                                                      3.14¦
          [0] .CppStmts.Expr.Atom                                               3.14¦
            [0] .number                                                         ｢3.14｣
              [0] .number.float                                                 ｢3.14｣
                [0] .number.unsigned.float                                      ｢3.14｣
                  [0] .number.unsigned.float.integerPart                        ｢3｣
                    [0] .number.unsigned.integer.decimal                        ｢3｣
                  [1] .number.unsigned.float.fraction                           ｢.14｣
                    [0] .number.unsigned.integer.decimal                        ｢14｣
  [2] .CppStmts.Expr                                                            1 | 0 ...  + 3 ¦
    [0] .CppStmts.Expr.BitOr.|                                                  1 | 0 ...  + 3 ¦
      [0] .CppStmts.Expr.Atom                                                   1 ¦
        [0] .number                                                             ｢1｣
          [0] .number.integer                                                   ｢1｣
            [0] .number.integer.decimal                                         ｢1｣
              [0] .number.unsigned.integer.decimal                              ｢1｣
      [1] .CppStmts.Expr.Comparison.<=                                          0 <=  ...  + 3 ¦
        [0] .CppStmts.Expr.Comparison.<=                                        0 <=  ... * 10 ¦
          [0] .CppStmts.Expr.Atom                                               0 ¦
            [0] .number                                                         ｢0｣
              [0] .number.integer                                               ｢0｣
                [0] .number.integer.decimal                                     ｢0｣
                  [0] .number.unsigned.integer.decimal                          ｢0｣
          [1] .CppStmts.Expr.Multiply.*                                         x * 10 ¦
            [0] .CppStmts.Expr.Atom                                             x ¦
              [0] .identifier                                                   ｢x｣
            [1] .CppStmts.Expr.Atom                                             10 ¦
              [0] .number                                                       ｢10｣
                [0] .number.integer                                             ｢10｣
                  [0] .number.integer.decimal                                   ｢10｣
                    [0] .number.unsigned.integer.decimal                        ｢10｣
        [1] .CppStmts.Expr.Addition.+                                           2 + 3 ¦
          [0] .CppStmts.Expr.Atom                                               2 ¦
            [0] .number                                                         ｢2｣
              [0] .number.integer                                               ｢2｣
                [0] .number.integer.decimal                                     ｢2｣
                  [0] .number.unsigned.integer.decimal                          ｢2｣
          [1] .CppStmts.Expr.Atom                                               3 ¦
            [0] .number                                                         ｢3｣
              [0] .number.integer                                               ｢3｣
                [0] .number.integer.decimal                                     ｢3｣
                  [0] .number.unsigned.integer.decimal                          ｢3｣
  [3] .CppStmts.Expr                                                            std:: ... t(x) ¦
    [0] .CppStmts.Expr.Assignment.=                                             std:: ... t(x) ¦
      [0] .CppStmts.Expr.Postfix.(                                              std:: ... t(x) ¦
        [0] .CppStmts.Expr.Namespace.::                                         std::get¦
          [0] .CppStmts.Expr.Atom                                               std¦
            [0] .identifier                                                     ｢std｣
          [1] .CppStmts.Expr.Atom                                               get¦
            [0] .identifier                                                     ｢get｣
        [1] .CppStmts.Expr                                                      x¦
          [0] .CppStmts.Expr.Atom                                               x¦
            [0] .identifier                                                     ｢x｣
      [1] .CppStmts.Expr.Postfix.(                                              ::std ... t(x) ¦
        [0] .CppStmts.Expr.Namespace.::                                         ::std::get¦
          [0] .CppStmts.Expr.Namespace.::                                       std::get¦
            [0] .CppStmts.Expr.Atom                                             std¦
              [0] .identifier                                                   ｢std｣
            [1] .CppStmts.Expr.Atom                                             get¦
              [0] .identifier                                                   ｢get｣
        [1] .CppStmts.Expr                                                      x¦
          [0] .CppStmts.Expr.Atom                                               x¦
            [0] .identifier                                                     ｢x｣
  [4] .CppStmts.Expr                                                            ++ x ++ ¦
    [0] .CppStmts.Expr.Prefix.++                                                ++ x ++ ¦
      [0] .CppStmts.Expr.Postfix.++                                             x ++ ¦
        [0] .CppStmts.Expr.Atom                                                 x ¦
          [0] .identifier                                                       ｢x｣
  [5] .CppStmts.Expr                                                            a + ( ... t) b ¦
    [0] .CppStmts.Expr.Addition.+                                               a + ( ... t) b ¦
      [0] .CppStmts.Expr.Atom                                                   a ¦
        [0] .identifier                                                         ｢a｣
      [1] .CppStmts.Expr.Prefix.(                                               (int) b ¦
        [0] .CppStmts.Expr.Type                                                 int¦
          [0] .identifier                                                       ｢int｣
        [1] .CppStmts.Expr.Atom                                                 b ¦
          [0] .identifier                                                       ｢b｣

[0] .Fern                                                                       [<NEWLINE><INDENT>no ... <NEWLINE><DEDENT>]<NEWLINE><NEWLINE>¦
  [0] .Fern.LabeledItem                                                         none<NEWLINE>¦
    [0] .Fern.value                                                             ｢none｣
      [0] .none                                                                 ｢none｣
  [1] .Fern.LabeledItem                                                         true<NEWLINE>¦
    [0] .Fern.value                                                             ｢true｣
      [0] .boolean                                                              ｢true｣
  [2] .Fern.LabeledItem                                                         42<NEWLINE>¦
    [0] .Fern.value                                                             ｢42｣
      [0] .number                                                               ｢42｣
        [0] .number.integer                                                     ｢42｣
          [0] .number.integer.decimal                                           ｢42｣
            [0] .number.unsigned.integer.decimal                                ｢42｣
  [3] .Fern.LabeledItem                                                         hello ... rld'<NEWLINE>¦
    [0] .Fern.label                                                             ｢hello｣
      [0] .identifier                                                           ｢hello｣
    [1] .Fern.value                                                             ｢'World'｣
      [0] .string                                                               ｢'World'｣
  [4] .Fern.LabeledItem                                                         []<NEWLINE>¦
    [0] .Fern                                                                   []<NEWLINE>¦
  [5] .Fern.LabeledItem                                                         [<NEWLINE><INDENT>'o ... <NEWLINE><DEDENT>]<NEWLINE><DEDENT>¦
    [0] .Fern                                                                   [<NEWLINE><INDENT>'o ... <NEWLINE><DEDENT>]<NEWLINE><DEDENT>¦
      [0] .Fern.LabeledItem                                                     'one' ...  1.0<NEWLINE>¦
        [0] .Fern.label                                                         ｢'one'｣
          [0] .string                                                           ｢'one'｣
        [1] .Fern.value                                                         ｢1.0｣
          [0] .number                                                           ｢1.0｣
            [0] .number.float                                                   ｢1.0｣
              [0] .number.unsigned.float                                        ｢1.0｣
                [0] .number.unsigned.float.integerPart                          ｢1｣
                  [0] .number.unsigned.integer.decimal                          ｢1｣
                [1] .number.unsigned.float.fraction                             ｢.0｣
                  [0] .number.unsigned.integer.decimal                          ｢0｣
      [1] .Fern.LabeledItem                                                     'two' ... 2.0<NEWLINE><DEDENT>¦
        [0] .Fern.label                                                         ｢'two'｣
          [0] .string                                                           ｢'two'｣
        [1] .Fern.value                                                         ｢2.0｣
          [0] .number                                                           ｢2.0｣
            [0] .number.float                                                   ｢2.0｣
              [0] .number.unsigned.float                                        ｢2.0｣
                [0] .number.unsigned.float.integerPart                          ｢2｣
                  [0] .number.unsigned.integer.decimal                          ｢2｣
                [1] .number.unsigned.float.fraction                             ｢.0｣
                  [0] .number.unsigned.integer.decimal                          ｢0｣

[0] .Somelang                                                                   a a a ...  b b<NEWLINE>¦
  [0] .Somelang.As                                                              a a a a ¦
  [1] .Somelang.Bs                                                              b b b<NEWLINE>¦

[0] .Silva                                                                      Seed  ... <NEWLINE><DEDENT><DEDENT>»<NEWLINE>¦
  [0] .Silva.Section                                                            Seed  ... <NEWLINE><DEDENT><DEDENT>»<NEWLINE>¦
    [0] .Silva.languageName                                                     ｢Seed｣
    [1] .language                                                               «<NEWLINE>lan ... <NEWLINE><NEWLINE><DEDENT><DEDENT>»¦

[0] .Silva                                                                      Soil  ... }<NEWLINE><NEWLINE>»<NEWLINE>¦
  [0] .Silva.Section                                                            Soil  ... }<NEWLINE><NEWLINE>»<NEWLINE>¦
    [0] .Silva.languageName                                                     ｢Soil｣
    [1] .language                                                               «<NEWLINE><NEWLINE>na ... <DEDENT>}<NEWLINE><NEWLINE>»¦

[0] .Soil                                                                       name_ ... <NEWLINE><DEDENT>}<NEWLINE><NEWLINE>¦
  [0] .Soil.Type.Defn                                                           name_ ... tr_t<NEWLINE>¦
    [0] .Soil.Type.Name                                                         name_t ¦
      [0] .Soil.typeName                                                        ｢name_t｣
        [0] .identifier                                                         ｢name_t｣
    [1] .Soil.Type                                                              str_t<NEWLINE>¦
      [0] .Soil.Type.Name                                                       str_t<NEWLINE>¦
        [0] .Soil.typeName                                                      ｢str_t｣
          [0] .identifier                                                       ｢str_t｣
  [1] .Soil.Type.Defn                                                           age_t ... 2_t<NEWLINE><NEWLINE>¦
    [0] .Soil.Type.Name                                                         age_t ¦
      [0] .Soil.typeName                                                        ｢age_t｣
        [0] .identifier                                                         ｢age_t｣
    [1] .Soil.Type                                                              i32_t<NEWLINE><NEWLINE>¦
      [0] .Soil.Type.Name                                                       i32_t<NEWLINE><NEWLINE>¦
        [0] .Soil.typeName                                                      ｢i32_t｣
          [0] .identifier                                                       ｢i32_t｣
  [2] .Soil.Type.Defn                                                           perso ... <NEWLINE><DEDENT>]<NEWLINE><NEWLINE>¦
    [0] .Soil.Type.Name                                                         person_t ¦
      [0] .Soil.typeName                                                        ｢person_t｣
        [0] .identifier                                                         ｢person_t｣
    [1] .Soil.Type                                                              [<NEWLINE><INDENT>[<NEWLINE> ... <NEWLINE><DEDENT>]<NEWLINE><NEWLINE>¦
      [0] .Soil.Type.Struct                                                     [<NEWLINE><INDENT>[<NEWLINE> ... <NEWLINE><DEDENT>]<NEWLINE><NEWLINE>¦
        [0] .Soil.Type.Struct.Member                                            [<NEWLINE><INDENT>na ... ' ];<NEWLINE>¦
          [0] .Soil.Type                                                        [<NEWLINE><INDENT>na ... ;<NEWLINE><DEDENT>] ¦
            [0] .Soil.Type.Struct                                               [<NEWLINE><INDENT>na ... ;<NEWLINE><DEDENT>] ¦
              [0] .Soil.Type.Struct.Member                                      name_ ... rst;<NEWLINE>¦
                [0] .Soil.Type                                                  name_t ¦
                  [0] .Soil.Type.Name                                           name_t ¦
                    [0] .Soil.typeName                                          ｢name_t｣
                      [0] .identifier                                           ｢name_t｣
                [1] .Soil.Type.Struct.Member.Label                              : first¦
                  [0] .Soil.Type.Struct.Member.Name                             first¦
                    [0] .identifier                                             ｢first｣
              [1] .Soil.Type.Struct.Member                                      name_ ... p';<NEWLINE><DEDENT>¦
                [0] .Soil.Type                                                  name_t ¦
                  [0] .Soil.Type.Name                                           name_t ¦
                    [0] .Soil.typeName                                          ｢name_t｣
                      [0] .identifier                                           ｢name_t｣
                [1] .Soil.Type.Struct.Member.Label                              : last ¦
                  [0] .Soil.Type.Struct.Member.Name                             last ¦
                    [0] .identifier                                             ｢last｣
                [2] .Soil.Type.Struct.Member.Init                               = 'Trump'¦
                  [0] .Soil.Expr                                                'Trump'¦
                    [0] .Soil.Expr.Atom                                         'Trump'¦
                      [0] .string                                               ｢'Trump'｣
          [1] .Soil.Type.Struct.Member.Label                                    : name ¦
            [0] .Soil.Type.Struct.Member.Name                                   name ¦
              [0] .identifier                                                   ｢name｣
          [2] .Soil.Type.Struct.Member.Init                                     = [ ' ... ym' ]¦
            [0] .Soil.Expr                                                      [ 'Ar ... ym' ]¦
              [0] .Soil.Expr.Atom                                               [ 'Ar ... ym' ]¦
                [0] .Soil.Expr.Struct                                           [ 'Ar ... ym' ]¦
                  [0] .Soil.Expr.Struct.LabeledItem                             'Arno' ¦
                    [0] .Soil.Expr                                              'Arno' ¦
                      [0] .Soil.Expr.Atom                                       'Arno' ¦
                        [0] .string                                             ｢'Arno'｣
                  [1] .Soil.Expr.Struct.LabeledItem                             'Nym' ¦
                    [0] .Soil.Expr                                              'Nym' ¦
                      [0] .Soil.Expr.Atom                                       'Nym' ¦
                        [0] .string                                             ｢'Nym'｣
        [1] .Soil.Type.Struct.Member                                            age_t ... t);<NEWLINE><DEDENT>¦
          [0] .Soil.Type                                                        age_t ¦
            [0] .Soil.Type.Name                                                 age_t ¦
              [0] .Soil.typeName                                                ｢age_t｣
                [0] .identifier                                                 ｢age_t｣
          [1] .Soil.Type.Struct.Member.Label                                    : age ¦
            [0] .Soil.Type.Struct.Member.Name                                   age ¦
              [0] .identifier                                                   ｢age｣
          [2] .Soil.Type.Struct.Member.Init                                     = siz ... irst)¦
            [0] .Soil.Expr                                                      size_ ... irst)¦
              [0] .Soil.Expr.Axe.CallPost.(                                     size_ ... irst)¦
                [0] .Soil.Expr.Atom                                             size_f¦
                  [0] .Soil.funcName                                            ｢size_f｣
                    [0] .identifier                                             ｢size_f｣
                [1] .Soil.Expr.Axe.Member..                                     name.first¦
                  [0] .Soil.Expr.Atom                                           name¦
                    [0] .identifier                                             ｢name｣
                  [1] .Soil.Expr.Atom                                           first¦
                    [0] .identifier                                             ｢first｣
  [3] .Soil.Variable.Defn                                                       bs =  ... 0 ]<NEWLINE><NEWLINE>¦
    [0] .Soil.Variable.Name                                                     bs ¦
      [0] .identifier                                                           ｢bs｣
    [1] .Soil.Expr                                                              perso ... 0 ]<NEWLINE><NEWLINE>¦
      [0] .Soil.Expr.Axe.Typing.::                                              perso ... 0 ]<NEWLINE><NEWLINE>¦
        [0] .Soil.Expr.Atom                                                     person_t ¦
          [0] .Soil.typeName                                                    ｢person_t｣
            [0] .identifier                                                     ｢person_t｣
        [1] .Soil.Expr.Atom                                                     [ [ ' ... 0 ]<NEWLINE><NEWLINE>¦
          [0] .Soil.Expr.Struct                                                 [ [ ' ... 0 ]<NEWLINE><NEWLINE>¦
            [0] .Soil.Expr.Struct.LabeledItem                                   [ 'Bj ... p' ] ¦
              [0] .Soil.Expr.Struct                                             [ 'Bj ... p' ] ¦
                [0] .Soil.Expr.Struct.LabeledItem                               'Bjarne' ¦
                  [0] .Soil.Expr                                                'Bjarne' ¦
                    [0] .Soil.Expr.Atom                                         'Bjarne' ¦
                      [0] .string                                               ｢'Bjarne'｣
                [1] .Soil.Expr.Struct.LabeledItem                               'Stro ... rup' ¦
                  [0] .Soil.Expr                                                'Stro ... rup' ¦
                    [0] .Soil.Expr.Atom                                         'Stro ... rup' ¦
                      [0] .string                                               ｢'Stroustrup'｣
            [1] .Soil.Expr.Struct.LabeledItem                                   80 ¦
              [0] .Soil.Expr                                                    80 ¦
                [0] .Soil.Expr.Atom                                             80 ¦
                  [0] .number                                                   ｢80｣
                    [0] .number.integer                                         ｢80｣
                      [0] .number.integer.decimal                               ｢80｣
                        [0] .number.unsigned.integer.decimal                    ｢80｣
  [4] .Soil.Func.Defn                                                           is_ad ... <NEWLINE><DEDENT>}<NEWLINE><NEWLINE>¦
    [0] .Soil.Func.Name                                                         is_ad ... lt_f ¦
      [0] .Soil.funcName                                                        ｢is_adult_f｣
        [0] .identifier                                                         ｢is_adult_f｣
    [1] .Soil.Func.Signature                                                    perso ... ol_t ¦
      [0] .Soil.Type                                                            person_t ¦
        [0] .Soil.Type.Name                                                     person_t ¦
          [0] .Soil.typeName                                                    ｢person_t｣
            [0] .identifier                                                     ｢person_t｣
      [1] .Soil.Type                                                            bool_t ¦
        [0] .Soil.Type.Name                                                     bool_t ¦
          [0] .Soil.typeName                                                    ｢bool_t｣
            [0] .identifier                                                     ｢bool_t｣
    [2] .Soil.Func.Body                                                         {<NEWLINE><INDENT>re ... <NEWLINE><DEDENT>}<NEWLINE><NEWLINE>¦
      [0] .Soil.Func.Stmt                                                       retva ... 18;<NEWLINE><DEDENT>¦
        [0] .Soil.Expr                                                          retva ... >= 18¦
          [0] .Soil.Expr.Axe.Assign.=                                           retva ... >= 18¦
            [0] .Soil.Expr.Atom                                                 retval ¦
              [0] .identifier                                                   ｢retval｣
            [1] .Soil.Expr.Axe.Comp.>=                                          arg.a ... >= 18¦
              [0] .Soil.Expr.Axe.Member..                                       arg.age ¦
                [0] .Soil.Expr.Atom                                             arg¦
                  [0] .identifier                                               ｢arg｣
                [1] .Soil.Expr.Atom                                             age ¦
                  [0] .identifier                                               ｢age｣
              [1] .Soil.Expr.Atom                                               18¦
                [0] .number                                                     ｢18｣
                  [0] .number.integer                                           ｢18｣
                    [0] .number.integer.decimal                                 ｢18｣
                      [0] .number.unsigned.integer.decimal                      ｢18｣
  [5] .Soil.Func.Defn                                                           examp ... <NEWLINE><DEDENT>}<NEWLINE><NEWLINE>¦
    [0] .Soil.Func.Name                                                         example_f ¦
      [0] .Soil.funcName                                                        ｢example_f｣
        [0] .identifier                                                         ｢example_f｣
    [1] .Soil.Func.Signature                                                    [] ¦
      [0] .Soil.Type                                                            [] ¦
        [0] .Soil.Type.Struct                                                   [] ¦
    [2] .Soil.Func.Body                                                         {<NEWLINE><INDENT>ag ... <NEWLINE><DEDENT>}<NEWLINE><NEWLINE>¦
      [0] .Soil.Func.Stmt                                                       age = ...  42;<NEWLINE>¦
        [0] .Soil.Expr                                                          age = ... :: 42¦
          [0] .Soil.Expr.Axe.Assign.=                                           age = ... :: 42¦
            [0] .Soil.Expr.Atom                                                 age ¦
              [0] .identifier                                                   ｢age｣
            [1] .Soil.Expr.Axe.Typing.::                                        age_t ... :: 42¦
              [0] .Soil.Expr.Atom                                               age_t ¦
                [0] .Soil.typeName                                              ｢age_t｣
                  [0] .identifier                                               ｢age_t｣
              [1] .Soil.Expr.Atom                                               42¦
                [0] .number                                                     ｢42｣
                  [0] .number.integer                                           ｢42｣
                    [0] .number.integer.decimal                                 ｢42｣
                      [0] .number.unsigned.integer.decimal                      ｢42｣
      [1] .Soil.Func.Stmt                                                       p1 =  ... 0 ];<NEWLINE>¦
        [0] .Soil.Expr                                                          p1 =  ...  20 ]¦
          [0] .Soil.Expr.Axe.Assign.=                                           p1 =  ...  20 ]¦
            [0] .Soil.Expr.Atom                                                 p1 ¦
              [0] .identifier                                                   ｢p1｣
            [1] .Soil.Expr.Axe.Typing.::                                        perso ...  20 ]¦
              [0] .Soil.Expr.Atom                                               person_t ¦
                [0] .Soil.typeName                                              ｢person_t｣
                  [0] .identifier                                               ｢person_t｣
              [1] .Soil.Expr.Atom                                               [ nam ...  20 ]¦
                [0] .Soil.Expr.Struct                                           [ nam ...  20 ]¦
                  [0] .Soil.Expr.Struct.LabeledItem                             name  ... n' ] ¦
                    [0] .Soil.Variable.Name                                     name ¦
                      [0] .identifier                                           ｢name｣
                    [1] .Soil.Expr.Struct                                       [ fir ... n' ] ¦
                      [0] .Soil.Expr.Struct.LabeledItem                         first ... Bob' ¦
                        [0] .Soil.Variable.Name                                 first ¦
                          [0] .identifier                                       ｢first｣
                        [1] .Soil.Expr                                          'Bob' ¦
                          [0] .Soil.Expr.Atom                                   'Bob' ¦
                            [0] .string                                         ｢'Bob'｣
                      [1] .Soil.Expr.Struct.LabeledItem                         last  ... son' ¦
                        [0] .Soil.Variable.Name                                 last ¦
                          [0] .identifier                                       ｢last｣
                        [1] .Soil.Expr                                          'Bobson' ¦
                          [0] .Soil.Expr.Atom                                   'Bobson' ¦
                            [0] .string                                         ｢'Bobson'｣
                  [1] .Soil.Expr.Struct.LabeledItem                             age : 20 ¦
                    [0] .Soil.Variable.Name                                     age ¦
                      [0] .identifier                                           ｢age｣
                    [1] .Soil.Expr                                              20 ¦
                      [0] .Soil.Expr.Atom                                       20 ¦
                        [0] .number                                             ｢20｣
                          [0] .number.integer                                   ｢20｣
                            [0] .number.integer.decimal                         ｢20｣
                              [0] .number.unsigned.integer.decimal              ｢20｣
      [2] .Soil.Func.Stmt                                                       p2 =  ... 0 ];<NEWLINE>¦
        [0] .Soil.Expr                                                          p2 =  ...  30 ]¦
          [0] .Soil.Expr.Axe.Assign.=                                           p2 =  ...  30 ]¦
            [0] .Soil.Expr.Atom                                                 p2 ¦
              [0] .identifier                                                   ｢p2｣
            [1] .Soil.Expr.Axe.Typing.::                                        perso ...  30 ]¦
              [0] .Soil.Expr.Atom                                               person_t ¦
                [0] .Soil.typeName                                              ｢person_t｣
                  [0] .identifier                                               ｢person_t｣
              [1] .Soil.Expr.Atom                                               [ [ ' ...  30 ]¦
                [0] .Soil.Expr.Struct                                           [ [ ' ...  30 ]¦
                  [0] .Soil.Expr.Struct.LabeledItem                             [ 'Al ... n' ] ¦
                    [0] .Soil.Expr.Struct                                       [ 'Al ... n' ] ¦
                      [0] .Soil.Expr.Struct.LabeledItem                         'Alice' ¦
                        [0] .Soil.Expr                                          'Alice' ¦
                          [0] .Soil.Expr.Atom                                   'Alice' ¦
                            [0] .string                                         ｢'Alice'｣
                      [1] .Soil.Expr.Struct.LabeledItem                         'Allison' ¦
                        [0] .Soil.Expr                                          'Allison' ¦
                          [0] .Soil.Expr.Atom                                   'Allison' ¦
                            [0] .string                                         ｢'Allison'｣
                  [1] .Soil.Expr.Struct.LabeledItem                             30 ¦
                    [0] .Soil.Expr                                              30 ¦
                      [0] .Soil.Expr.Atom                                       30 ¦
                        [0] .number                                             ｢30｣
                          [0] .number.integer                                   ｢30｣
                            [0] .number.integer.decimal                         ｢30｣
                              [0] .number.unsigned.integer.decimal              ｢30｣
      [3] .Soil.Func.Stmt                                                       ['{}  ... g_f;<NEWLINE>¦
        [0] .Soil.Expr                                                          ['{}  ... log_f¦
          [0] .Soil.Expr.Axe.CallPipe.|                                         ['{}  ... log_f¦
            [0] .Soil.Expr.Atom                                                 ['{}  ... p1)] ¦
              [0] .Soil.Expr.Struct                                             ['{}  ... p1)] ¦
                [0] .Soil.Expr.Struct.LabeledItem                               '{} i ...  {}' ¦
                  [0] .Soil.Expr                                                '{} i ...  {}' ¦
                    [0] .Soil.Expr.Atom                                         '{} i ...  {}' ¦
                      [0] .string                                               ｢'{} is-adult = {}'｣
                [1] .Soil.Expr.Struct.LabeledItem                               p1 ¦
                  [0] .Soil.Expr                                                p1 ¦
                    [0] .Soil.Expr.Atom                                         p1 ¦
                      [0] .identifier                                           ｢p1｣
                [2] .Soil.Expr.Struct.LabeledItem                               is_ad ... f(p1)¦
                  [0] .Soil.Expr                                                is_ad ... f(p1)¦
                    [0] .Soil.Expr.Axe.CallPost.(                               is_ad ... f(p1)¦
                      [0] .Soil.Expr.Atom                                       is_adult_f¦
                        [0] .Soil.funcName                                      ｢is_adult_f｣
                          [0] .identifier                                       ｢is_adult_f｣
                      [1] .Soil.Expr.Atom                                       p1¦
                        [0] .identifier                                         ｢p1｣
            [1] .Soil.Expr.Atom                                                 log_f¦
              [0] .Soil.funcName                                                ｢log_f｣
                [0] .identifier                                                 ｢log_f｣
      [4] .Soil.Func.Stmt                                                       vecto ... g_f;<NEWLINE>¦
        [0] .Soil.Expr                                                          vecto ... log_f¦
          [0] .Soil.Expr.Axe.CallPipe.|                                         vecto ... log_f¦
            [0] .Soil.Expr.Axe.CallPipe.|                                       vecto ...  40) ¦
              [0] .Soil.Expr.Axe.Typing.::                                      vecto ... p2 ] ¦
                [0] .Soil.Expr.Axe.CallPost.(                                   vecto ... n_t) ¦
                  [0] .Soil.Expr.Atom                                           vector_f¦
                    [0] .Soil.funcName                                          ｢vector_f｣
                      [0] .identifier                                           ｢vector_f｣
                  [1] .Soil.Expr.Atom                                           person_t¦
                    [0] .Soil.typeName                                          ｢person_t｣
                      [0] .identifier                                           ｢person_t｣
                [1] .Soil.Expr.Atom                                             [ p1 p2 ] ¦
                  [0] .Soil.Expr.Struct                                         [ p1 p2 ] ¦
                    [0] .Soil.Expr.Struct.LabeledItem                           p1 ¦
                      [0] .Soil.Expr                                            p1 ¦
                        [0] .Soil.Expr.Atom                                     p1 ¦
                          [0] .identifier                                       ｢p1｣
                    [1] .Soil.Expr.Struct.LabeledItem                           p2 ¦
                      [0] .Soil.Expr                                            p2 ¦
                        [0] .Soil.Expr.Atom                                     p2 ¦
                          [0] .identifier                                       ｢p2｣
              [1] .Soil.Expr.Axe.CallPost.(                                     std.f ...  40) ¦
                [0] .Soil.Expr.Axe.Member..                                     std.f ... ter_m¦
                  [0] .Soil.Expr.Atom                                           std¦
                    [0] .identifier                                             ｢std｣
                  [1] .Soil.Expr.Atom                                           filter_m¦
                    [0] .identifier                                             ｢filter_m｣
                [1] .Soil.Expr.Axe.Comp.<=                                      arg.a ... <= 40¦
                  [0] .Soil.Expr.Axe.Member..                                   arg.age ¦
                    [0] .Soil.Expr.Atom                                         arg¦
                      [0] .identifier                                           ｢arg｣
                    [1] .Soil.Expr.Atom                                         age ¦
                      [0] .identifier                                           ｢age｣
                  [1] .Soil.Expr.Atom                                           40¦
                    [0] .number                                                 ｢40｣
                      [0] .number.integer                                       ｢40｣
                        [0] .number.integer.decimal                             ｢40｣
                          [0] .number.unsigned.integer.decimal                  ｢40｣
            [1] .Soil.Expr.Atom                                                 log_f¦
              [0] .Soil.funcName                                                ｢log_f｣
                [0] .identifier                                                 ｢log_f｣
      [5] .Soil.Func.Stmt                                                       «<INDENT>som ... _f;<NEWLINE><NEWLINE>¦
        [0] .Soil.Expr                                                          «<INDENT>som ... int_f¦
          [0] .Soil.Expr.Axe.CallPipe.|                                         «<INDENT>som ... int_f¦
            [0] .Soil.Expr.Atom                                                 «<INDENT>som ...  <NEWLINE><DEDENT>» ¦
              [0] .language                                                     «<INDENT>som ... e <NEWLINE><DEDENT>»¦
            [1] .Soil.Expr.Atom                                                 print_f¦
              [0] .Soil.funcName                                                ｢print_f｣
                [0] .identifier                                                 ｢print_f｣
      [6] .Soil.Func.Stmt                                                       if p1 ... <NEWLINE><DEDENT>}<NEWLINE><NEWLINE>¦
        [0] .Soil.Func.Stmt.If                                                  if p1 ... <NEWLINE><DEDENT>}<NEWLINE><NEWLINE>¦
          [0] .Soil.Func.Stmt.If.Branch                                         p1.na ... ;<NEWLINE><DEDENT>} ¦
            [0] .Soil.Expr                                                      p1.na ... > 10 ¦
              [0] .Soil.Expr.Axe.Comp.>                                         p1.na ... > 10 ¦
                [0] .Soil.Expr.Axe.CallPipe.|                                   p1.na ... ze_f ¦
                  [0] .Soil.Expr.Axe.Member..                                   p1.na ... irst ¦
                    [0] .Soil.Expr.Axe.Member..                                 p1.name¦
                      [0] .Soil.Expr.Atom                                       p1¦
                        [0] .identifier                                         ｢p1｣
                      [1] .Soil.Expr.Atom                                       name¦
                        [0] .identifier                                         ｢name｣
                    [1] .Soil.Expr.Atom                                         first ¦
                      [0] .identifier                                           ｢first｣
                  [1] .Soil.Expr.Atom                                           size_f ¦
                    [0] .Soil.funcName                                          ｢size_f｣
                      [0] .identifier                                           ｢size_f｣
                [1] .Soil.Expr.Atom                                             10 ¦
                  [0] .number                                                   ｢10｣
                    [0] .number.integer                                         ｢10｣
                      [0] .number.integer.decimal                               ｢10｣
                        [0] .number.unsigned.integer.decimal                    ｢10｣
            [1] .Soil.Func.Body                                                 {<NEWLINE><INDENT>'T ... ;<NEWLINE><DEDENT>} ¦
              [0] .Soil.Func.Stmt                                               'This ... _f;<NEWLINE><DEDENT>¦
                [0] .Soil.Expr                                                  'This ... log_f¦
                  [0] .Soil.Expr.Axe.CallPipe.|                                 'This ... log_f¦
                    [0] .Soil.Expr.Atom                                         'This ... ong' ¦
                      [0] .string                                               ｢'This name is long'｣
                    [1] .Soil.Expr.Atom                                         log_f¦
                      [0] .Soil.funcName                                        ｢log_f｣
                        [0] .identifier                                         ｢log_f｣
          [1] .Soil.Func.Stmt.If.Branch                                         p1.na ... ;<NEWLINE><DEDENT>} ¦
            [0] .Soil.Expr                                                      p1.na ...  > 5 ¦
              [0] .Soil.Expr.Axe.Comp.>                                         p1.na ...  > 5 ¦
                [0] .Soil.Expr.Axe.CallPipe.|                                   p1.na ... ze_f ¦
                  [0] .Soil.Expr.Axe.Member..                                   p1.na ... irst ¦
                    [0] .Soil.Expr.Axe.Member..                                 p1.name¦
                      [0] .Soil.Expr.Atom                                       p1¦
                        [0] .identifier                                         ｢p1｣
                      [1] .Soil.Expr.Atom                                       name¦
                        [0] .identifier                                         ｢name｣
                    [1] .Soil.Expr.Atom                                         first ¦
                      [0] .identifier                                           ｢first｣
                  [1] .Soil.Expr.Atom                                           size_f ¦
                    [0] .Soil.funcName                                          ｢size_f｣
                      [0] .identifier                                           ｢size_f｣
                [1] .Soil.Expr.Atom                                             5 ¦
                  [0] .number                                                   ｢5｣
                    [0] .number.integer                                         ｢5｣
                      [0] .number.integer.decimal                               ｢5｣
                        [0] .number.unsigned.integer.decimal                    ｢5｣
            [1] .Soil.Func.Body                                                 {<NEWLINE><INDENT>'T ... ;<NEWLINE><DEDENT>} ¦
              [0] .Soil.Func.Stmt                                               'This ... _f;<NEWLINE><DEDENT>¦
                [0] .Soil.Expr                                                  'This ... log_f¦
                  [0] .Soil.Expr.Axe.CallPipe.|                                 'This ... log_f¦
                    [0] .Soil.Expr.Atom                                         'This ... ong' ¦
                      [0] .string                                               ｢'This name it not long'｣
                    [1] .Soil.Expr.Atom                                         log_f¦
                      [0] .Soil.funcName                                        ｢log_f｣
                        [0] .identifier                                         ｢log_f｣
          [2] .Soil.Func.Body                                                   {<NEWLINE><INDENT>'T ... <NEWLINE><DEDENT>}<NEWLINE><NEWLINE>¦
            [0] .Soil.Func.Stmt                                                 'This ... _f;<NEWLINE><DEDENT>¦
              [0] .Soil.Expr                                                    'This ... log_f¦
                [0] .Soil.Expr.Axe.CallPipe.|                                   'This ... log_f¦
                  [0] .Soil.Expr.Atom                                           'This ... ort' ¦
                    [0] .string                                                 ｢'This name it short'｣
                  [1] .Soil.Expr.Atom                                           log_f¦
                    [0] .Soil.funcName                                          ｢log_f｣
                      [0] .identifier                                           ｢log_f｣
      [7] .Soil.Func.Stmt                                                       sum = ... : 0;<NEWLINE>¦
        [0] .Soil.Expr                                                          sum = ...  :: 0¦
          [0] .Soil.Expr.Axe.Assign.=                                           sum = ...  :: 0¦
            [0] .Soil.Expr.Atom                                                 sum ¦
              [0] .identifier                                                   ｢sum｣
            [1] .Soil.Expr.Axe.Typing.::                                        i64_t :: 0¦
              [0] .Soil.Expr.Atom                                               i64_t ¦
                [0] .Soil.typeName                                              ｢i64_t｣
                  [0] .identifier                                               ｢i64_t｣
              [1] .Soil.Expr.Atom                                               0¦
                [0] .number                                                     ｢0｣
                  [0] .number.integer                                           ｢0｣
                    [0] .number.integer.decimal                                 ｢0｣
                      [0] .number.unsigned.integer.decimal                      ｢0｣
      [8] .Soil.Func.Stmt                                                       for i ... <NEWLINE><DEDENT>}<NEWLINE><NEWLINE>¦
        [0] .Soil.Func.Stmt.For                                                 for i ... <NEWLINE><DEDENT>}<NEWLINE><NEWLINE>¦
          [0] .Soil.Expr.Maybe                                                  i = i ...  :: 0¦
            [0] .Soil.Expr                                                      i = i ...  :: 0¦
              [0] .Soil.Expr.Axe.Assign.=                                       i = i ...  :: 0¦
                [0] .Soil.Expr.Atom                                             i ¦
                  [0] .identifier                                               ｢i｣
                [1] .Soil.Expr.Axe.Typing.::                                    i64_t :: 0¦
                  [0] .Soil.Expr.Atom                                           i64_t ¦
                    [0] .Soil.typeName                                          ｢i64_t｣
                      [0] .identifier                                           ｢i64_t｣
                  [1] .Soil.Expr.Atom                                           0¦
                    [0] .number                                                 ｢0｣
                      [0] .number.integer                                       ｢0｣
                        [0] .number.integer.decimal                             ｢0｣
                          [0] .number.unsigned.integer.decimal                  ｢0｣
          [1] .Soil.Expr.Maybe                                                  i < n¦
            [0] .Soil.Expr                                                      i < n¦
              [0] .Soil.Expr.Axe.Comp.<                                         i < n¦
                [0] .Soil.Expr.Atom                                             i ¦
                  [0] .identifier                                               ｢i｣
                [1] .Soil.Expr.Atom                                             n¦
                  [0] .identifier                                               ｢n｣
          [2] .Soil.Expr.Maybe                                                  i += 1 ¦
            [0] .Soil.Expr                                                      i += 1 ¦
              [0] .Soil.Expr.Axe.Assign.+=                                      i += 1 ¦
                [0] .Soil.Expr.Atom                                             i ¦
                  [0] .identifier                                               ｢i｣
                [1] .Soil.Expr.Atom                                             1 ¦
                  [0] .number                                                   ｢1｣
                    [0] .number.integer                                         ｢1｣
                      [0] .number.integer.decimal                               ｢1｣
                        [0] .number.unsigned.integer.decimal                    ｢1｣
          [3] .Soil.Func.Body                                                   {<NEWLINE><INDENT>su ... <NEWLINE><DEDENT>}<NEWLINE><NEWLINE>¦
            [0] .Soil.Func.Stmt                                                 sum + ...  i;<NEWLINE><DEDENT>¦
              [0] .Soil.Expr                                                    sum += i¦
                [0] .Soil.Expr.Axe.Assign.+=                                    sum += i¦
                  [0] .Soil.Expr.Atom                                           sum ¦
                    [0] .identifier                                             ｢sum｣
                  [1] .Soil.Expr.Atom                                           i¦
                    [0] .identifier                                             ｢i｣
      [9] .Soil.Func.Stmt                                                       abc = 42;<NEWLINE>¦
        [0] .Soil.Expr                                                          abc = 42¦
          [0] .Soil.Expr.Axe.Assign.=                                           abc = 42¦
            [0] .Soil.Expr.Atom                                                 abc ¦
              [0] .identifier                                                   ｢abc｣
            [1] .Soil.Expr.Atom                                                 42¦
              [0] .number                                                       ｢42｣
                [0] .number.integer                                             ｢42｣
                  [0] .number.integer.decimal                                   ｢42｣
                    [0] .number.unsigned.integer.decimal                        ｢42｣
      [10] .Soil.Func.Stmt                                                      for ; ... <NEWLINE><DEDENT>}<NEWLINE><DEDENT>¦
        [0] .Soil.Func.Stmt.For                                                 for ; ... <NEWLINE><DEDENT>}<NEWLINE><DEDENT>¦
          [0] .Soil.Expr.Maybe                                                  ¦
          [1] .Soil.Expr.Maybe                                                  i < n¦
            [0] .Soil.Expr                                                      i < n¦
              [0] .Soil.Expr.Axe.Comp.<                                         i < n¦
                [0] .Soil.Expr.Atom                                             i ¦
                  [0] .identifier                                               ｢i｣
                [1] .Soil.Expr.Atom                                             n¦
                  [0] .identifier                                               ｢n｣
          [2] .Soil.Expr.Maybe                                                  ¦
          [3] .Soil.Func.Body                                                   {<NEWLINE><INDENT>su ... <NEWLINE><DEDENT>}<NEWLINE><DEDENT>¦
            [0] .Soil.Func.Stmt                                                 sum + ...  i;<NEWLINE><DEDENT>¦
              [0] .Soil.Expr                                                    sum += i¦
                [0] .Soil.Expr.Axe.Assign.+=                                    sum += i¦
                  [0] .Soil.Expr.Atom                                           sum ¦
                    [0] .identifier                                             ｢sum｣
                  [1] .Soil.Expr.Atom                                           i¦
                    [0] .identifier                                             ｢i｣

1
2
3
Mr Jane
[0] .C                                                                          exter ... t_8;<NEWLINE>¦
  [0] .C.Declaration                                                            exter ... out;<NEWLINE>¦
    [0] .C.Declaration.Specifiers                                               exter ...  void¦
      [0] .C.Declaration.StorageClassSpecifier                                  extern ¦
      [1] .C.Type.Specifier                                                     void¦
    [1] .C.Declaration.Init                                                     * stdout¦
      [0] .C.Type.Declarator                                                    * stdout¦
        [0] .C.Type.Declarator.Pointer                                          * ¦
        [1] .C.Type.Declarator.Direct                                           stdout¦
          [0] .identifier                                                       ｢stdout｣
  [1] .C.Declaration                                                            exter ... .);<NEWLINE><NEWLINE>¦
    [0] .C.Declaration.Specifiers                                               exter ...  int ¦
      [0] .C.Declaration.StorageClassSpecifier                                  extern ¦
      [1] .C.Type.Specifier                                                     int ¦
        [0] .C.Type.IntSpecifier                                                int ¦
    [1] .C.Declaration.Init                                                     fprin ...  ...)¦
      [0] .C.Type.Declarator                                                    fprin ...  ...)¦
        [0] .C.Type.Declarator.Direct                                           fprin ...  ...)¦
          [0] .identifier                                                       ｢fprintf｣
          [1] .C.Type.Declarator.Suffix                                         (void ...  ...)¦
            [0] .C.Declaration.ParameterList                                    void* ... , ...¦
              [0] .C.Declaration.ParameterDeclaration                           void* ... tream¦
                [0] .C.Declaration.Specifiers                                   void¦
                  [0] .C.Type.Specifier                                         void¦
                [1] .C.Type.Declarator                                          * stream¦
                  [0] .C.Type.Declarator.Pointer                                * ¦
                  [1] .C.Type.Declarator.Direct                                 stream¦
                    [0] .identifier                                             ｢stream｣
              [1] .C.Declaration.ParameterDeclaration                           const ... ormat¦
                [0] .C.Declaration.Specifiers                                   const char¦
                  [0] .C.Type.Qualifier                                         const ¦
                  [1] .C.Type.Specifier                                         char¦
                    [0] .C.Type.IntSpecifier                                    char¦
                [1] .C.Type.Declarator                                          * format¦
                  [0] .C.Type.Declarator.Pointer                                * ¦
                  [1] .C.Type.Declarator.Direct                                 format¦
                    [0] .identifier                                             ｢format｣
              [2] .C.Declaration.ParameterDeclaration                           ...¦
  [2] .C.Declaration                                                            int<NEWLINE>m ... <NEWLINE><DEDENT>}<NEWLINE><NEWLINE>¦
    [0] .C.Declaration.Specifiers                                               int<NEWLINE>¦
      [0] .C.Type.Specifier                                                     int<NEWLINE>¦
        [0] .C.Type.IntSpecifier                                                int<NEWLINE>¦
    [1] .C.Declaration.Init                                                     main( ... v[])<NEWLINE>¦
      [0] .C.Type.Declarator                                                    main( ... v[])<NEWLINE>¦
        [0] .C.Type.Declarator.Direct                                           main( ... v[])<NEWLINE>¦
          [0] .identifier                                                       ｢main｣
          [1] .C.Type.Declarator.Suffix                                         (int  ... v[])<NEWLINE>¦
            [0] .C.Declaration.ParameterList                                    int a ... rgv[]¦
              [0] .C.Declaration.ParameterDeclaration                           int argc¦
                [0] .C.Declaration.Specifiers                                   int ¦
                  [0] .C.Type.Specifier                                         int ¦
                    [0] .C.Type.IntSpecifier                                    int ¦
                [1] .C.Type.Declarator                                          argc¦
                  [0] .C.Type.Declarator.Direct                                 argc¦
                    [0] .identifier                                             ｢argc｣
              [1] .C.Declaration.ParameterDeclaration                           char* ... rgv[]¦
                [0] .C.Declaration.Specifiers                                   char¦
                  [0] .C.Type.Specifier                                         char¦
                    [0] .C.Type.IntSpecifier                                    char¦
                [1] .C.Type.Declarator                                          * argv[]¦
                  [0] .C.Type.Declarator.Pointer                                * ¦
                  [1] .C.Type.Declarator.Direct                                 argv[]¦
                    [0] .identifier                                             ｢argv｣
                    [1] .C.Type.Declarator.Suffix                               []¦
    [2] .C.Stmt.Compound                                                        {<NEWLINE><INDENT>fo ... <NEWLINE><DEDENT>}<NEWLINE><NEWLINE>¦
      [0] .C.Stmt                                                               for ( ... ;<NEWLINE><DEDENT>}<NEWLINE>¦
        [0] .C.Stmt.For                                                         for ( ... ;<NEWLINE><DEDENT>}<NEWLINE>¦
          [0] .C.Declaration                                                    int i ... = 0; ¦
            [0] .C.Declaration.Specifiers                                       int ¦
              [0] .C.Type.Specifier                                             int ¦
                [0] .C.Type.IntSpecifier                                        int ¦
            [1] .C.Declaration.Init                                             i = 0¦
              [0] .C.Type.Declarator                                            i ¦
                [0] .C.Type.Declarator.Direct                                   i ¦
                  [0] .identifier                                               ｢i｣
              [1] .C.Declaration.Initializer                                    0¦
                [0] .C.Expr                                                     0¦
                  [0] .C.Expr.Atom                                              0¦
                    [0] .C.Expr.number                                          ｢0｣
          [1] .C.Expr                                                           i < argc¦
            [0] .C.Expr.Relational.<                                            i < argc¦
              [0] .C.Expr.Atom                                                  i ¦
                [0] .identifier                                                 ｢i｣
              [1] .C.Expr.Atom                                                  argc¦
                [0] .identifier                                                 ｢argc｣
          [2] .C.Expr                                                           i++¦
            [0] .C.Expr.Postfix.++                                              i++¦
              [0] .C.Expr.Atom                                                  i¦
                [0] .identifier                                                 ｢i｣
          [3] .C.Stmt                                                           {<NEWLINE><INDENT>fp ... ;<NEWLINE><DEDENT>}<NEWLINE>¦
            [0] .C.Stmt.Compound                                                {<NEWLINE><INDENT>fp ... ;<NEWLINE><DEDENT>}<NEWLINE>¦
              [0] .C.Stmt                                                       fprin ... ]);<NEWLINE><DEDENT>¦
                [0] .C.Stmt.ExprStmt                                            fprin ... ]);<NEWLINE><DEDENT>¦
                  [0] .C.Expr                                                   fprin ... v[i])¦
                    [0] .C.Expr.Postfix.(                                       fprin ... v[i])¦
                      [0] .C.Expr.Atom                                          fprintf¦
                        [0] .identifier                                         ｢fprintf｣
                      [1] .C.Expr.ExprOrEpsilon                                 stdou ... gv[i]¦
                        [0] .C.Expr                                             stdou ... gv[i]¦
                          [0] .C.Expr.Comma.,                                   stdou ... gv[i]¦
                            [0] .C.Expr.Atom                                    stdout¦
                              [0] .identifier                                   ｢stdout｣
                            [1] .C.Expr.Atom                                    \"[%d] ... %s\\n\"¦
                              [0] .string                                       ｢"[%d] = %s\n"｣
                            [2] .C.Expr.Atom                                    i¦
                              [0] .identifier                                   ｢i｣
                            [3] .C.Expr.Postfix.[                               argv[i]¦
                              [0] .C.Expr.Atom                                  argv¦
                                [0] .identifier                                 ｢argv｣
                              [1] .C.Expr.ExprOrEpsilon                         i¦
                                [0] .C.Expr                                     i¦
                                  [0] .C.Expr.Atom                              i¦
                                    [0] .identifier                             ｢i｣
      [1] .C.Stmt                                                               retur ...  0;<NEWLINE><DEDENT>¦
        [0] .C.Stmt.Return                                                      retur ...  0;<NEWLINE><DEDENT>¦
          [0] .C.Expr                                                           0¦
            [0] .C.Expr.Atom                                                    0¦
              [0] .C.Expr.number                                                ｢0｣
  [3] .C.Declaration                                                            int t ...  i);<NEWLINE>¦
    [0] .C.Declaration.Specifiers                                               int ¦
      [0] .C.Type.Specifier                                                     int ¦
        [0] .C.Type.IntSpecifier                                                int ¦
    [1] .C.Declaration.Init                                                     test_ ... t* i)¦
      [0] .C.Type.Declarator                                                    test_ ... t* i)¦
        [0] .C.Type.Declarator.Direct                                           test_ ... t* i)¦
          [0] .identifier                                                       ｢test_1｣
          [1] .C.Type.Declarator.Suffix                                         (int* ... t* i)¦
            [0] .C.Declaration.ParameterList                                    int*, ... nt* i¦
              [0] .C.Declaration.ParameterDeclaration                           int*¦
                [0] .C.Declaration.Specifiers                                   int¦
                  [0] .C.Type.Specifier                                         int¦
                    [0] .C.Type.IntSpecifier                                    int¦
                [1] .C.Type.Declarator.Abstract                                 *¦
                  [0] .C.Type.Declarator.Pointer                                *¦
                  [1] .C.Type.Declarator.DirectAbstract                         ¦
              [1] .C.Declaration.ParameterDeclaration                           int* i¦
                [0] .C.Declaration.Specifiers                                   int¦
                  [0] .C.Type.Specifier                                         int¦
                    [0] .C.Type.IntSpecifier                                    int¦
                [1] .C.Type.Declarator                                          * i¦
                  [0] .C.Type.Declarator.Pointer                                * ¦
                  [1] .C.Type.Declarator.Direct                                 i¦
                    [0] .identifier                                             ｢i｣
  [4] .C.Declaration                                                            int t ... 3]);<NEWLINE>¦
    [0] .C.Declaration.Specifiers                                               int ¦
      [0] .C.Type.Specifier                                                     int ¦
        [0] .C.Type.IntSpecifier                                                int ¦
    [1] .C.Declaration.Init                                                     test_ ... )[3])¦
      [0] .C.Type.Declarator                                                    test_ ... )[3])¦
        [0] .C.Type.Declarator.Direct                                           test_ ... )[3])¦
          [0] .identifier                                                       ｢test_2｣
          [1] .C.Type.Declarator.Suffix                                         (int  ... )[3])¦
            [0] .C.Declaration.ParameterList                                    int ( ... ))[3]¦
              [0] .C.Declaration.ParameterDeclaration                           int ( ... ))[3]¦
                [0] .C.Declaration.Specifiers                                   int ¦
                  [0] .C.Type.Specifier                                         int ¦
                    [0] .C.Type.IntSpecifier                                    int ¦
                [1] .C.Type.Declarator                                          (*(*f ... ))[3]¦
                  [0] .C.Type.Declarator.Direct                                 (*(*f ... ))[3]¦
                    [0] .C.Type.Declarator                                      *(*fo ... oid*)¦
                      [0] .C.Type.Declarator.Pointer                            *¦
                      [1] .C.Type.Declarator.Direct                             (*foo ... oid*)¦
                        [0] .C.Type.Declarator                                  *foo¦
                          [0] .C.Type.Declarator.Pointer                        *¦
                          [1] .C.Type.Declarator.Direct                         foo¦
                            [0] .identifier                                     ｢foo｣
                        [1] .C.Type.Declarator.Suffix                           (cons ... oid*)¦
                          [0] .C.Declaration.ParameterList                      const ... void*¦
                            [0] .C.Declaration.ParameterDeclaration             const ... void*¦
                              [0] .C.Declaration.Specifiers                     const void¦
                                [0] .C.Type.Qualifier                           const ¦
                                [1] .C.Type.Specifier                           void¦
                              [1] .C.Type.Declarator.Abstract                   *¦
                                [0] .C.Type.Declarator.Pointer                  *¦
                                [1] .C.Type.Declarator.DirectAbstract           ¦
                    [1] .C.Type.Declarator.Suffix                               [3]¦
                      [0] .C.Expr                                               3¦
                        [0] .C.Expr.Atom                                        3¦
                          [0] .C.Expr.number                                    ｢3｣
  [5] .C.Declaration                                                            void* ... 23];<NEWLINE>¦
    [0] .C.Declaration.Specifiers                                               void¦
      [0] .C.Type.Specifier                                                     void¦
    [1] .C.Declaration.Init                                                     * (*( ... [123]¦
      [0] .C.Type.Declarator                                                    * (*( ... [123]¦
        [0] .C.Type.Declarator.Pointer                                          * ¦
        [1] .C.Type.Declarator.Direct                                           (*(*t ... [123]¦
          [0] .C.Type.Declarator                                                *(*te ... d*[])¦
            [0] .C.Type.Declarator.Pointer                                      *¦
            [1] .C.Type.Declarator.Direct                                       (*tes ... d*[])¦
              [0] .C.Type.Declarator                                            *test_3[2]¦
                [0] .C.Type.Declarator.Pointer                                  *¦
                [1] .C.Type.Declarator.Direct                                   test_3[2]¦
                  [0] .identifier                                               ｢test_3｣
                  [1] .C.Type.Declarator.Suffix                                 [2]¦
                    [0] .C.Expr                                                 2¦
                      [0] .C.Expr.Atom                                          2¦
                        [0] .C.Expr.number                                      ｢2｣
              [1] .C.Type.Declarator.Suffix                                     (int, ... d*[])¦
                [0] .C.Declaration.ParameterList                                int,  ... id*[]¦
                  [0] .C.Declaration.ParameterDeclaration                       int¦
                    [0] .C.Declaration.Specifiers                               int¦
                      [0] .C.Type.Specifier                                     int¦
                        [0] .C.Type.IntSpecifier                                int¦
                    [1] .C.Type.Declarator.Abstract                             ¦
                      [0] .C.Type.Declarator.DirectAbstract                     ¦
                  [1] .C.Declaration.ParameterDeclaration                       void*[]¦
                    [0] .C.Declaration.Specifiers                               void¦
                      [0] .C.Type.Specifier                                     void¦
                    [1] .C.Type.Declarator.Abstract                             *[]¦
                      [0] .C.Type.Declarator.Pointer                            *¦
                      [1] .C.Type.Declarator.DirectAbstract                     []¦
                        [0] .C.Type.Declarator.Suffix                           []¦
          [1] .C.Type.Declarator.Suffix                                         [123]¦
            [0] .C.Expr                                                         123¦
              [0] .C.Expr.Atom                                                  123¦
                [0] .C.Expr.number                                              ｢123｣
  [6] .C.Declaration                                                            int ( ... [3];<NEWLINE>¦
    [0] .C.Declaration.Specifiers                                               int ¦
      [0] .C.Type.Specifier                                                     int ¦
        [0] .C.Type.IntSpecifier                                                int ¦
    [1] .C.Declaration.Init                                                     (*(*t ... ))[3]¦
      [0] .C.Type.Declarator                                                    (*(*t ... ))[3]¦
        [0] .C.Type.Declarator.Direct                                           (*(*t ... ))[3]¦
          [0] .C.Type.Declarator                                                *(*te ... _4)()¦
            [0] .C.Type.Declarator.Pointer                                      *¦
            [1] .C.Type.Declarator.Direct                                       (*tes ... _4)()¦
              [0] .C.Type.Declarator                                            *test_4¦
                [0] .C.Type.Declarator.Pointer                                  *¦
                [1] .C.Type.Declarator.Direct                                   test_4¦
                  [0] .identifier                                               ｢test_4｣
              [1] .C.Type.Declarator.Suffix                                     ()¦
          [1] .C.Type.Declarator.Suffix                                         [3]¦
            [0] .C.Expr                                                         3¦
              [0] .C.Expr.Atom                                                  3¦
                [0] .C.Expr.number                                              ｢3｣
  [7] .C.Declaration                                                            char* ... )[];<NEWLINE>¦
    [0] .C.Declaration.Specifiers                                               char¦
      [0] .C.Type.Specifier                                                     char¦
        [0] .C.Type.IntSpecifier                                                char¦
    [1] .C.Declaration.Init                                                     * (*( ... ())[]¦
      [0] .C.Type.Declarator                                                    * (*( ... ())[]¦
        [0] .C.Type.Declarator.Pointer                                          * ¦
        [1] .C.Type.Declarator.Direct                                           (*(** ... ())[]¦
          [0] .C.Type.Declarator                                                *(**t ... 8])()¦
            [0] .C.Type.Declarator.Pointer                                      *¦
            [1] .C.Type.Declarator.Direct                                       (**te ... 8])()¦
              [0] .C.Type.Declarator                                            **tes ... [][8]¦
                [0] .C.Type.Declarator.Pointer                                  **¦
                  [0] .C.Type.Declarator.Pointer                                *¦
                [1] .C.Type.Declarator.Direct                                   test_ ... [][8]¦
                  [0] .identifier                                               ｢test_5｣
                  [1] .C.Type.Declarator.Suffix                                 []¦
                  [2] .C.Type.Declarator.Suffix                                 [8]¦
                    [0] .C.Expr                                                 8¦
                      [0] .C.Expr.Atom                                          8¦
                        [0] .C.Expr.number                                      ｢8｣
              [1] .C.Type.Declarator.Suffix                                     ()¦
          [1] .C.Type.Declarator.Suffix                                         []¦
  [8] .C.Declaration                                                            int * ... 6();<NEWLINE>¦
    [0] .C.Declaration.Specifiers                                               int ¦
      [0] .C.Type.Specifier                                                     int ¦
        [0] .C.Type.IntSpecifier                                                int ¦
    [1] .C.Declaration.Init                                                     *test_6()¦
      [0] .C.Type.Declarator                                                    *test_6()¦
        [0] .C.Type.Declarator.Pointer                                          *¦
        [1] .C.Type.Declarator.Direct                                           test_6()¦
          [0] .identifier                                                       ｢test_6｣
          [1] .C.Type.Declarator.Suffix                                         ()¦
  [9] .C.Declaration                                                            int ( ... )();<NEWLINE>¦
    [0] .C.Declaration.Specifiers                                               int ¦
      [0] .C.Type.Specifier                                                     int ¦
        [0] .C.Type.IntSpecifier                                                int ¦
    [1] .C.Declaration.Init                                                     (*tes ... _7)()¦
      [0] .C.Type.Declarator                                                    (*tes ... _7)()¦
        [0] .C.Type.Declarator.Direct                                           (*tes ... _7)()¦
          [0] .C.Type.Declarator                                                *test_7¦
            [0] .C.Type.Declarator.Pointer                                      *¦
            [1] .C.Type.Declarator.Direct                                       test_7¦
              [0] .identifier                                                   ｢test_7｣
          [1] .C.Type.Declarator.Suffix                                         ()¦
  [10] .C.Declaration                                                           char  ... t_8;<NEWLINE>¦
    [0] .C.Declaration.Specifiers                                               char ¦
      [0] .C.Type.Specifier                                                     char ¦
        [0] .C.Type.IntSpecifier                                                char ¦
    [1] .C.Declaration.Init                                                     **test_8¦
      [0] .C.Type.Declarator                                                    **test_8¦
        [0] .C.Type.Declarator.Pointer                                          **¦
          [0] .C.Type.Declarator.Pointer                                        *¦
        [1] .C.Type.Declarator.Direct                                           test_8¦
          [0] .identifier                                                       ｢test_8｣

[0] .Python                                                                     \"\"\"A  ...  y)<NEWLINE><DEDENT>¦
  [0] .Python.Stmt                                                              \"\"\"A  ... \"\"\"<NEWLINE><NEWLINE>¦
    [0] .Python.Stmt.Simples                                                    \"\"\"A  ... \"\"\"<NEWLINE><NEWLINE>¦
      [0] .Python.Stmt.Simple                                                   \"\"\"A  ... r.\"\"\"¦
        [0] .Python.StarExprs                                                   \"\"\"A  ... r.\"\"\"¦
          [0] .Python.StarExpr                                                  \"\"\"A  ... r.\"\"\"¦
            [0] .Python.Expr.Atom                                               \"\"\"A  ... r.\"\"\"¦
              [0] .Python.Strings                                               \"\"\"A  ... r.\"\"\"¦
                [0] .string                                                     ｢""｣
                [1] .string                                                     ｢"A small tour through the Python grammar."｣
                [2] .string                                                     ｢""｣
  [1] .Python.Stmt                                                              import os<NEWLINE>¦
    [0] .Python.Stmt.Simples                                                    import os<NEWLINE>¦
      [0] .Python.Stmt.Simple                                                   import os¦
        [0] .Python.Stmt.Import                                                 import os¦
          [0] .Python.Stmt.Import.Name                                          import os¦
            [0] .Python.Stmt.Import.DottedAsName                                os¦
              [0] .Python.Stmt.Import.DottedName                                os¦
                [0] .identifier                                                 ｢os｣
  [2] .Python.Stmt                                                              impor ...  osp<NEWLINE>¦
    [0] .Python.Stmt.Simples                                                    impor ...  osp<NEWLINE>¦
      [0] .Python.Stmt.Simple                                                   impor ... s osp¦
        [0] .Python.Stmt.Import                                                 impor ... s osp¦
          [0] .Python.Stmt.Import.Name                                          impor ... s osp¦
            [0] .Python.Stmt.Import.DottedAsName                                os.pa ... s osp¦
              [0] .Python.Stmt.Import.DottedName                                os.path ¦
                [0] .identifier                                                 ｢os｣
                [1] .identifier                                                 ｢path｣
              [1] .identifier                                                   ｢osp｣
  [3] .Python.Stmt                                                              from  ... Dict<NEWLINE>¦
    [0] .Python.Stmt.Simples                                                    from  ... Dict<NEWLINE>¦
      [0] .Python.Stmt.Simple                                                   from  ... dDict¦
        [0] .Python.Stmt.Import                                                 from  ... dDict¦
          [0] .Python.Stmt.Import.From                                          from  ... dDict¦
            [0] .Python.Stmt.Import.DottedName                                  colle ... ions ¦
              [0] .identifier                                                   ｢collections｣
            [1] .Python.Stmt.Import.Targets                                     Order ... dDict¦
              [0] .Python.Stmt.Import.AsName                                    Order ... dDict¦
                [0] .identifier                                                 ｢OrderedDict｣
  [4] .Python.Stmt                                                              from  ... ling<NEWLINE>¦
    [0] .Python.Stmt.Simples                                                    from  ... ling<NEWLINE>¦
      [0] .Python.Stmt.Simple                                                   from  ... bling¦
        [0] .Python.Stmt.Import                                                 from  ... bling¦
          [0] .Python.Stmt.Import.From                                          from  ... bling¦
            [0] .Python.Stmt.Import.dots                                        ｢.｣
            [1] .Python.Stmt.Import.Targets                                     sibling¦
              [0] .Python.Stmt.Import.AsName                                    sibling¦
                [0] .identifier                                                 ｢sibling｣
  [5] .Python.Stmt                                                              from  ... ond<NEWLINE><NEWLINE>¦
    [0] .Python.Stmt.Simples                                                    from  ... ond<NEWLINE><NEWLINE>¦
      [0] .Python.Stmt.Simple                                                   from  ... econd¦
        [0] .Python.Stmt.Import                                                 from  ... econd¦
          [0] .Python.Stmt.Import.From                                          from  ... econd¦
            [0] .Python.Stmt.Import.dots                                        ｢.｣
            [1] .Python.Stmt.Import.DottedName                                  relative ¦
              [0] .identifier                                                   ｢relative｣
            [2] .Python.Stmt.Import.Targets                                     thing ... econd¦
              [0] .Python.Stmt.Import.AsName                                    thing ... other¦
                [0] .identifier                                                 ｢thing｣
                [1] .identifier                                                 ｢other｣
              [1] .Python.Stmt.Import.AsName                                    second¦
                [0] .identifier                                                 ｢second｣
  [6] .Python.Stmt                                                              GREET ... llo\"<NEWLINE>¦
    [0] .Python.Stmt.Simples                                                    GREET ... llo\"<NEWLINE>¦
      [0] .Python.Stmt.Simple                                                   GREET ... ello\"¦
        [0] .Python.Stmt.Assignment                                             GREET ... ello\"¦
          [0] .Python.Stmt.Assignment.Plain                                     GREET ... ello\"¦
            [0] .Python.StarTargets                                             GREETING ¦
              [0] .Python.StarTarget                                            GREETING ¦
                [0] .Python.Expr.Atom                                           GREETING ¦
                  [0] .identifier                                               ｢GREETING｣
            [1] .Python.Stmt.Assignment.Rhs                                     \"hello\"¦
              [0] .Python.StarExprs                                             \"hello\"¦
                [0] .Python.StarExpr                                            \"hello\"¦
                  [0] .Python.Expr.Atom                                         \"hello\"¦
                    [0] .Python.Strings                                         \"hello\"¦
                      [0] .string                                               ｢"hello"｣
  [7] .Python.Stmt                                                              LIMIT ... = 10<NEWLINE>¦
    [0] .Python.Stmt.Simples                                                    LIMIT ... = 10<NEWLINE>¦
      [0] .Python.Stmt.Simple                                                   LIMIT ...  = 10¦
        [0] .Python.Stmt.Assignment                                             LIMIT ...  = 10¦
          [0] .Python.Stmt.Assignment.Annotated                                 LIMIT ...  = 10¦
            [0] .Python.Expr.Atom                                               LIMIT¦
              [0] .identifier                                                   ｢LIMIT｣
            [1] .Python.Expr.Atom                                               int ¦
              [0] .identifier                                                   ｢int｣
            [2] .Python.Stmt.Assignment.Rhs                                     10¦
              [0] .Python.StarExprs                                             10¦
                [0] .Python.StarExpr                                            10¦
                  [0] .Python.Expr.Atom                                         10¦
                    [0] .Python.number                                          ｢10｣
                      [0] .number                                               ｢10｣
                        [0] .number.integer                                     ｢10｣
                          [0] .number.integer.decimal                           ｢10｣
                            [0] .number.unsigned.integer.decimal                ｢10｣
  [8] .Python.Stmt                                                              _TABL ...  3}}<NEWLINE>¦
    [0] .Python.Stmt.Simples                                                    _TABL ...  3}}<NEWLINE>¦
      [0] .Python.Stmt.Simple                                                   _TABL ... : 3}}¦
        [0] .Python.Stmt.Assignment                                             _TABL ... : 3}}¦
          [0] .Python.Stmt.Assignment.Plain                                     _TABL ... : 3}}¦
            [0] .Python.StarTargets                                             _TABLE ¦
              [0] .Python.StarTarget                                            _TABLE ¦
                [0] .Python.Expr.Atom                                           _TABLE ¦
                  [0] .identifier                                               ｢_TABLE｣
            [1] .Python.Stmt.Assignment.Rhs                                     {\"a\": ... : 3}}¦
              [0] .Python.StarExprs                                             {\"a\": ... : 3}}¦
                [0] .Python.StarExpr                                            {\"a\": ... : 3}}¦
                  [0] .Python.Expr.Atom                                         {\"a\": ... : 3}}¦
                    [0] .Python.Expr.Dict                                       {\"a\": ... : 3}}¦
                      [0] .Python.Expr.KvPairs                                  \"a\":  ... \": 3}¦
                        [0] .Python.Expr.KvPair                                 \"a\": 1¦
                          [0] .Python.Expr.Atom                                 \"a\"¦
                            [0] .Python.Strings                                 \"a\"¦
                              [0] .string                                       ｢"a"｣
                          [1] .Python.Expr.Atom                                 1¦
                            [0] .Python.number                                  ｢1｣
                              [0] .number                                       ｢1｣
                                [0] .number.integer                             ｢1｣
                                  [0] .number.integer.decimal                   ｢1｣
                                    [0] .number.unsigned.integer.decimal        ｢1｣
                        [1] .Python.Expr.KvPair                                 \"b\": 2¦
                          [0] .Python.Expr.Atom                                 \"b\"¦
                            [0] .Python.Strings                                 \"b\"¦
                              [0] .string                                       ｢"b"｣
                          [1] .Python.Expr.Atom                                 2¦
                            [0] .Python.number                                  ｢2｣
                              [0] .number                                       ｢2｣
                                [0] .number.integer                             ｢2｣
                                  [0] .number.integer.decimal                   ｢2｣
                                    [0] .number.unsigned.integer.decimal        ｢2｣
                        [2] .Python.Expr.KvPair                                 **{\"c\": 3}¦
                          [0] .Python.Expr.Atom                                 {\"c\": 3}¦
                            [0] .Python.Expr.Dict                               {\"c\": 3}¦
                              [0] .Python.Expr.KvPairs                          \"c\": 3¦
                                [0] .Python.Expr.KvPair                         \"c\": 3¦
                                  [0] .Python.Expr.Atom                         \"c\"¦
                                    [0] .Python.Strings                         \"c\"¦
                                      [0] .string                               ｢"c"｣
                                  [1] .Python.Expr.Atom                         3¦
                                    [0] .Python.number                          ｢3｣
                                      [0] .number                               ｢3｣
                                        [0] .number.integer                     ｢3｣
                                          [0] .number.integer.decimal           ｢3｣
                                            [0] .number.unsigned.integer.decimal ｢3｣
  [9] .Python.Stmt                                                              NUMBE ... 789]<NEWLINE>¦
    [0] .Python.Stmt.Simples                                                    NUMBE ... 789]<NEWLINE>¦
      [0] .Python.Stmt.Simple                                                   NUMBE ... _789]¦
        [0] .Python.Stmt.Assignment                                             NUMBE ... _789]¦
          [0] .Python.Stmt.Assignment.Plain                                     NUMBE ... _789]¦
            [0] .Python.StarTargets                                             NUMBERS ¦
              [0] .Python.StarTarget                                            NUMBERS ¦
                [0] .Python.Expr.Atom                                           NUMBERS ¦
                  [0] .identifier                                               ｢NUMBERS｣
            [1] .Python.Stmt.Assignment.Rhs                                     [0, 1 ... _789]¦
              [0] .Python.StarExprs                                             [0, 1 ... _789]¦
                [0] .Python.StarExpr                                            [0, 1 ... _789]¦
                  [0] .Python.Expr.Atom                                         [0, 1 ... _789]¦
                    [0] .Python.Expr.List                                       [0, 1 ... _789]¦
                      [0] .Python.StarNamedExprs                                0, 1_ ... 6_789¦
                        [0] .Python.StarNamedExpr                               0¦
                          [0] .Python.Expr.Named                                0¦
                            [0] .Python.Expr.Atom                               0¦
                              [0] .Python.number                                ｢0｣
                                [0] .number                                     ｢0｣
                                  [0] .number.integer                           ｢0｣
                                    [0] .number.integer.decimal                 ｢0｣
                                      [0] .number.unsigned.integer.decimal      ｢0｣
                        [1] .Python.StarNamedExpr                               1_000¦
                          [0] .Python.Expr.Named                                1_000¦
                            [0] .Python.Expr.Atom                               1_000¦
                              [0] .Python.number                                ｢1_000｣
                                [0] .number                                     ｢1_000｣
                                  [0] .number.integer                           ｢1_000｣
                                    [0] .number.integer.decimal                 ｢1_000｣
                                      [0] .number.unsigned.integer.decimal      ｢1_000｣
                        [2] .Python.StarNamedExpr                               0b1010¦
                          [0] .Python.Expr.Named                                0b1010¦
                            [0] .Python.Expr.Atom                               0b1010¦
                              [0] .Python.number                                ｢0b1010｣
                                [0] .number                                     ｢0b1010｣
                                  [0] .number.integer                           ｢0b1010｣
                                    [0] .number.integer.binary                  ｢0b1010｣
                                      [0] .number.unsigned.integer.binary       ｢0b1010｣
                        [3] .Python.StarNamedExpr                               0o755¦
                          [0] .Python.Expr.Named                                0o755¦
                            [0] .Python.Expr.Atom                               0o755¦
                              [0] .Python.number                                ｢0o755｣
                                [0] .number                                     ｢0o755｣
                                  [0] .number.integer                           ｢0o755｣
                                    [0] .number.integer.octal                   ｢0o755｣
                                      [0] .number.unsigned.integer.octal        ｢0o755｣
                        [4] .Python.StarNamedExpr                               0xdeadBEEF¦
                          [0] .Python.Expr.Named                                0xdeadBEEF¦
                            [0] .Python.Expr.Atom                               0xdeadBEEF¦
                              [0] .Python.number                                ｢0xdeadBEEF｣
                                [0] .number                                     ｢0xdeadBEEF｣
                                  [0] .number.integer                           ｢0xdeadBEEF｣
                                    [0] .number.integer.hexadecimal             ｢0xdeadBEEF｣
                                      [0] .number.unsigned.integer.hexadecimal  ｢0xdeadBEEF｣
                        [5] .Python.StarNamedExpr                               1.5¦
                          [0] .Python.Expr.Named                                1.5¦
                            [0] .Python.Expr.Atom                               1.5¦
                              [0] .Python.number                                ｢1.5｣
                                [0] .number                                     ｢1.5｣
                                  [0] .number.float                             ｢1.5｣
                                    [0] .number.unsigned.float                  ｢1.5｣
                                      [0] .number.unsigned.float.integerPart    ｢1｣
                                        [0] .number.unsigned.integer.decimal    ｢1｣
                                      [1] .number.unsigned.float.fraction       ｢.5｣
                                        [0] .number.unsigned.integer.decimal    ｢5｣
                        [6] .Python.StarNamedExpr                               2.0¦
                          [0] .Python.Expr.Named                                2.0¦
                            [0] .Python.Expr.Atom                               2.0¦
                              [0] .Python.number                                ｢2.0｣
                                [0] .number                                     ｢2.0｣
                                  [0] .number.float                             ｢2.0｣
                                    [0] .number.unsigned.float                  ｢2.0｣
                                      [0] .number.unsigned.float.integerPart    ｢2｣
                                        [0] .number.unsigned.integer.decimal    ｢2｣
                                      [1] .number.unsigned.float.fraction       ｢.0｣
                                        [0] .number.unsigned.integer.decimal    ｢0｣
                        [7] .Python.StarNamedExpr                               1e-9¦
                          [0] .Python.Expr.Named                                1e-9¦
                            [0] .Python.Expr.Atom                               1e-9¦
                              [0] .Python.number                                ｢1e-9｣
                                [0] .number                                     ｢1e-9｣
                                  [0] .number.float                             ｢1e-9｣
                                    [0] .number.unsigned.float                  ｢1e-9｣
                                      [0] .number.unsigned.float.integerPart    ｢1｣
                                        [0] .number.unsigned.integer.decimal    ｢1｣
                                      [1] .number.unsigned.float.exponent       ｢e-9｣
                                        [0] .number.plusMinus                   ｢-｣
                                        [1] .number.unsigned.integer.decimal    ｢9｣
                        [8] .Python.StarNamedExpr                               3j¦
                          [0] .Python.Expr.Named                                3j¦
                            [0] .Python.Expr.Atom                               3j¦
                              [0] .Python.number                                ｢3j｣
                                [0] .number                                     ｢3｣
                                  [0] .number.integer                           ｢3｣
                                    [0] .number.integer.decimal                 ｢3｣
                                      [0] .number.unsigned.integer.decimal      ｢3｣
                                [1] .Python.number.imaginaryPart                ｢j｣
                        [9] .Python.StarNamedExpr                               123e4 ... 6_789¦
                          [0] .Python.Expr.Named                                123e4 ... 6_789¦
                            [0] .Python.Expr.Atom                               123e4 ... 6_789¦
                              [0] .Python.number                                ｢123e456_789｣
                                [0] .number                                     ｢123e456_789｣
                                  [0] .number.float                             ｢123e456_789｣
                                    [0] .number.unsigned.float                  ｢123e456_789｣
                                      [0] .number.unsigned.float.integerPart    ｢123｣
                                        [0] .number.unsigned.integer.decimal    ｢123｣
                                      [1] .number.unsigned.float.exponent       ｢e456_789｣
                                        [0] .number.unsigned.integer.decimal    ｢456_789｣
  [10] .Python.Stmt                                                             EMPTY ... = ()<NEWLINE>¦
    [0] .Python.Stmt.Simples                                                    EMPTY ... = ()<NEWLINE>¦
      [0] .Python.Stmt.Simple                                                   EMPTY = ()¦
        [0] .Python.Stmt.Assignment                                             EMPTY = ()¦
          [0] .Python.Stmt.Assignment.Plain                                     EMPTY = ()¦
            [0] .Python.StarTargets                                             EMPTY ¦
              [0] .Python.StarTarget                                            EMPTY ¦
                [0] .Python.Expr.Atom                                           EMPTY ¦
                  [0] .identifier                                               ｢EMPTY｣
            [1] .Python.Stmt.Assignment.Rhs                                     ()¦
              [0] .Python.StarExprs                                             ()¦
                [0] .Python.StarExpr                                            ()¦
                  [0] .Python.Expr.Atom                                         ()¦
                    [0] .Python.Expr.Tuple                                      ()¦
  [11] .Python.Stmt                                                             SINGL ... (1,)<NEWLINE>¦
    [0] .Python.Stmt.Simples                                                    SINGL ... (1,)<NEWLINE>¦
      [0] .Python.Stmt.Simple                                                   SINGL ...  (1,)¦
        [0] .Python.Stmt.Assignment                                             SINGL ...  (1,)¦
          [0] .Python.Stmt.Assignment.Plain                                     SINGL ...  (1,)¦
            [0] .Python.StarTargets                                             SINGLE ¦
              [0] .Python.StarTarget                                            SINGLE ¦
                [0] .Python.Expr.Atom                                           SINGLE ¦
                  [0] .identifier                                               ｢SINGLE｣
            [1] .Python.Stmt.Assignment.Rhs                                     (1,)¦
              [0] .Python.StarExprs                                             (1,)¦
                [0] .Python.StarExpr                                            (1,)¦
                  [0] .Python.Expr.Atom                                         (1,)¦
                    [0] .Python.Expr.Tuple                                      (1,)¦
                      [0] .Python.StarNamedExprs                                1,¦
                        [0] .Python.StarNamedExpr                               1¦
                          [0] .Python.Expr.Named                                1¦
                            [0] .Python.Expr.Atom                               1¦
                              [0] .Python.number                                ｢1｣
                                [0] .number                                     ｢1｣
                                  [0] .number.integer                           ｢1｣
                                    [0] .number.integer.decimal                 ｢1｣
                                      [0] .number.unsigned.integer.decimal      ｢1｣
  [12] .Python.Stmt                                                             PAIR  ... 1, 2<NEWLINE>¦
    [0] .Python.Stmt.Simples                                                    PAIR  ... 1, 2<NEWLINE>¦
      [0] .Python.Stmt.Simple                                                   PAIR  ...  1, 2¦
        [0] .Python.Stmt.Assignment                                             PAIR  ...  1, 2¦
          [0] .Python.Stmt.Assignment.Plain                                     PAIR  ...  1, 2¦
            [0] .Python.StarTargets                                             PAIR ¦
              [0] .Python.StarTarget                                            PAIR ¦
                [0] .Python.Expr.Atom                                           PAIR ¦
                  [0] .identifier                                               ｢PAIR｣
            [1] .Python.Stmt.Assignment.Rhs                                     1, 2¦
              [0] .Python.StarExprs                                             1, 2¦
                [0] .Python.StarExpr                                            1¦
                  [0] .Python.Expr.Atom                                         1¦
                    [0] .Python.number                                          ｢1｣
                      [0] .number                                               ｢1｣
                        [0] .number.integer                                     ｢1｣
                          [0] .number.integer.decimal                           ｢1｣
                            [0] .number.unsigned.integer.decimal                ｢1｣
                [1] .Python.StarExpr                                            2¦
                  [0] .Python.Expr.Atom                                         2¦
                    [0] .Python.number                                          ｢2｣
                      [0] .number                                               ｢2｣
                        [0] .number.integer                                     ｢2｣
                          [0] .number.integer.decimal                           ｢2｣
                            [0] .number.unsigned.integer.decimal                ｢2｣
  [13] .Python.Stmt                                                             SET = ... , 3}<NEWLINE>¦
    [0] .Python.Stmt.Simples                                                    SET = ... , 3}<NEWLINE>¦
      [0] .Python.Stmt.Simple                                                   SET = ... 2, 3}¦
        [0] .Python.Stmt.Assignment                                             SET = ... 2, 3}¦
          [0] .Python.Stmt.Assignment.Plain                                     SET = ... 2, 3}¦
            [0] .Python.StarTargets                                             SET ¦
              [0] .Python.StarTarget                                            SET ¦
                [0] .Python.Expr.Atom                                           SET ¦
                  [0] .identifier                                               ｢SET｣
            [1] .Python.Stmt.Assignment.Rhs                                     {1, 2, 3}¦
              [0] .Python.StarExprs                                             {1, 2, 3}¦
                [0] .Python.StarExpr                                            {1, 2, 3}¦
                  [0] .Python.Expr.Atom                                         {1, 2, 3}¦
                    [0] .Python.Expr.Set                                        {1, 2, 3}¦
                      [0] .Python.StarNamedExprs                                1, 2, 3¦
                        [0] .Python.StarNamedExpr                               1¦
                          [0] .Python.Expr.Named                                1¦
                            [0] .Python.Expr.Atom                               1¦
                              [0] .Python.number                                ｢1｣
                                [0] .number                                     ｢1｣
                                  [0] .number.integer                           ｢1｣
                                    [0] .number.integer.decimal                 ｢1｣
                                      [0] .number.unsigned.integer.decimal      ｢1｣
                        [1] .Python.StarNamedExpr                               2¦
                          [0] .Python.Expr.Named                                2¦
                            [0] .Python.Expr.Atom                               2¦
                              [0] .Python.number                                ｢2｣
                                [0] .number                                     ｢2｣
                                  [0] .number.integer                           ｢2｣
                                    [0] .number.integer.decimal                 ｢2｣
                                      [0] .number.unsigned.integer.decimal      ｢2｣
                        [2] .Python.StarNamedExpr                               3¦
                          [0] .Python.Expr.Named                                3¦
                            [0] .Python.Expr.Atom                               3¦
                              [0] .Python.number                                ｢3｣
                                [0] .number                                     ｢3｣
                                  [0] .number.integer                           ｢3｣
                                    [0] .number.integer.decimal                 ｢3｣
                                      [0] .number.unsigned.integer.decimal      ｢3｣
  [14] .Python.Stmt                                                             DOTS  ... ..<NEWLINE><NEWLINE><NEWLINE>¦
    [0] .Python.Stmt.Simples                                                    DOTS  ... ..<NEWLINE><NEWLINE><NEWLINE>¦
      [0] .Python.Stmt.Simple                                                   DOTS = ...¦
        [0] .Python.Stmt.Assignment                                             DOTS = ...¦
          [0] .Python.Stmt.Assignment.Plain                                     DOTS = ...¦
            [0] .Python.StarTargets                                             DOTS ¦
              [0] .Python.StarTarget                                            DOTS ¦
                [0] .Python.Expr.Atom                                           DOTS ¦
                  [0] .identifier                                               ｢DOTS｣
            [1] .Python.Stmt.Assignment.Rhs                                     ...¦
              [0] .Python.StarExprs                                             ...¦
                [0] .Python.StarExpr                                            ...¦
                  [0] .Python.Expr.Atom                                         ...¦
  [15] .Python.Stmt                                                             type  ... ct<NEWLINE><NEWLINE><NEWLINE>¦
    [0] .Python.Stmt.Simples                                                    type  ... ct<NEWLINE><NEWLINE><NEWLINE>¦
      [0] .Python.Stmt.Simple                                                   type  ...  dict¦
        [0] .Python.Stmt.TypeAlias                                              type  ...  dict¦
          [0] .identifier                                                       ｢Alias｣
          [1] .Python.TypeParams                                                ¦
          [2] .Python.Expr.Atom                                                 dict¦
            [0] .identifier                                                     ｢dict｣
  [16] .Python.Stmt                                                             def d ... )<NEWLINE><NEWLINE><NEWLINE><DEDENT>¦
    [0] .Python.Stmt.Compound                                                   def d ... )<NEWLINE><NEWLINE><NEWLINE><DEDENT>¦
      [0] .Python.Stmt.Function                                                 def d ... )<NEWLINE><NEWLINE><NEWLINE><DEDENT>¦
        [0] .identifier                                                         ｢describe｣
        [1] .Python.TypeParams                                                  ¦
        [2] .Python.Stmt.Function.Params                                        value ... wargs¦
          [0] .Python.Stmt.Function.Param                                       value¦
            [0] .Python.Stmt.Function.ParamDef                                  value¦
              [0] .identifier                                                   ｢value｣
          [1] .Python.Stmt.Function.Param                                       *args¦
            [0] .Python.Stmt.Function.ParamDefStar                              args¦
              [0] .identifier                                                   ｢args｣
          [2] .Python.Stmt.Function.Param                                       sep=\", \"¦
            [0] .Python.Stmt.Function.ParamDef                                  sep=\", \"¦
              [0] .identifier                                                   ｢sep｣
              [1] .Python.Expr.Atom                                             \", \"¦
                [0] .Python.Strings                                             \", \"¦
                  [0] .string                                                   ｢", "｣
          [3] .Python.Stmt.Function.Param                                       **kwargs¦
            [0] .Python.Stmt.Function.ParamDef                                  kwargs¦
              [0] .identifier                                                   ｢kwargs｣
        [3] .Python.Stmt.Block                                                  <NEWLINE><INDENT>\"\"\" ... )<NEWLINE><NEWLINE><NEWLINE><DEDENT>¦
          [0] .Python.Stmt                                                      \"\"\"Re ... .\"\"\"<NEWLINE>¦
            [0] .Python.Stmt.Simples                                            \"\"\"Re ... .\"\"\"<NEWLINE>¦
              [0] .Python.Stmt.Simple                                           \"\"\"Re ... n.\"\"\"¦
                [0] .Python.StarExprs                                           \"\"\"Re ... n.\"\"\"¦
                  [0] .Python.StarExpr                                          \"\"\"Re ... n.\"\"\"¦
                    [0] .Python.Expr.Atom                                       \"\"\"Re ... n.\"\"\"¦
                      [0] .Python.Strings                                       \"\"\"Re ... n.\"\"\"¦
                        [0] .string                                             ｢""｣
                        [1] .string                                             ｢"Return a printable description."｣
                        [2] .string                                             ｢""｣
          [1] .Python.Stmt                                                      parts ... ue)]<NEWLINE>¦
            [0] .Python.Stmt.Simples                                            parts ... ue)]<NEWLINE>¦
              [0] .Python.Stmt.Simple                                           parts ... lue)]¦
                [0] .Python.Stmt.Assignment                                     parts ... lue)]¦
                  [0] .Python.Stmt.Assignment.Plain                             parts ... lue)]¦
                    [0] .Python.StarTargets                                     parts ¦
                      [0] .Python.StarTarget                                    parts ¦
                        [0] .Python.Expr.Atom                                   parts ¦
                          [0] .identifier                                       ｢parts｣
                    [1] .Python.Stmt.Assignment.Rhs                             [repr ... lue)]¦
                      [0] .Python.StarExprs                                     [repr ... lue)]¦
                        [0] .Python.StarExpr                                    [repr ... lue)]¦
                          [0] .Python.Expr.Atom                                 [repr ... lue)]¦
                            [0] .Python.Expr.List                               [repr ... lue)]¦
                              [0] .Python.StarNamedExprs                        repr( ... alue)¦
                                [0] .Python.StarNamedExpr                       repr( ... alue)¦
                                  [0] .Python.Expr.Named                        repr( ... alue)¦
                                    [0] .Python.Expr.Primary.(                  repr( ... alue)¦
                                      [0] .Python.Expr.Atom                     repr¦
                                        [0] .identifier                         ｢repr｣
                                      [1] .Python.Arguments                     value¦
                                        [0] .Python.Argument                    value¦
                                          [0] .Python.Expr.Named                value¦
                                            [0] .Python.Expr.Atom               value¦
                                              [0] .identifier                   ｢value｣
          [2] .Python.Stmt                                                      for a ... g))<NEWLINE><DEDENT>¦
            [0] .Python.Stmt.Compound                                           for a ... g))<NEWLINE><DEDENT>¦
              [0] .Python.Stmt.For                                              for a ... g))<NEWLINE><DEDENT>¦
                [0] .Python.StarTargets                                         arg ¦
                  [0] .Python.StarTarget                                        arg ¦
                    [0] .Python.Expr.Atom                                       arg ¦
                      [0] .identifier                                           ｢arg｣
                [1] .Python.StarExprs                                           args¦
                  [0] .Python.StarExpr                                          args¦
                    [0] .Python.Expr.Atom                                       args¦
                      [0] .identifier                                           ｢args｣
                [2] .Python.Stmt.Block                                          <NEWLINE><INDENT>par ... g))<NEWLINE><DEDENT>¦
                  [0] .Python.Stmt                                              parts ... rg))<NEWLINE>¦
                    [0] .Python.Stmt.Simples                                    parts ... rg))<NEWLINE>¦
                      [0] .Python.Stmt.Simple                                   parts ... arg))¦
                        [0] .Python.StarExprs                                   parts ... arg))¦
                          [0] .Python.StarExpr                                  parts ... arg))¦
                            [0] .Python.Expr.Primary.(                          parts ... arg))¦
                              [0] .Python.Expr.Primary..                        parts ... ppend¦
                                [0] .Python.Expr.Atom                           parts¦
                                  [0] .identifier                               ｢parts｣
                                [1] .Python.Expr.Atom                           append¦
                                  [0] .identifier                               ｢append｣
                              [1] .Python.Arguments                             repr(arg)¦
                                [0] .Python.Argument                            repr(arg)¦
                                  [0] .Python.Expr.Named                        repr(arg)¦
                                    [0] .Python.Expr.Primary.(                  repr(arg)¦
                                      [0] .Python.Expr.Atom                     repr¦
                                        [0] .identifier                         ｢repr｣
                                      [1] .Python.Arguments                     arg¦
                                        [0] .Python.Argument                    arg¦
                                          [0] .Python.Expr.Named                arg¦
                                            [0] .Python.Expr.Atom               arg¦
                                              [0] .identifier                   ｢arg｣
          [3] .Python.Stmt                                                      for k ... ]))<NEWLINE><DEDENT>¦
            [0] .Python.Stmt.Compound                                           for k ... ]))<NEWLINE><DEDENT>¦
              [0] .Python.Stmt.For                                              for k ... ]))<NEWLINE><DEDENT>¦
                [0] .Python.StarTargets                                         key ¦
                  [0] .Python.StarTarget                                        key ¦
                    [0] .Python.Expr.Atom                                       key ¦
                      [0] .identifier                                           ｢key｣
                [1] .Python.StarExprs                                           sorte ... args)¦
                  [0] .Python.StarExpr                                          sorte ... args)¦
                    [0] .Python.Expr.Primary.(                                  sorte ... args)¦
                      [0] .Python.Expr.Atom                                     sorted¦
                        [0] .identifier                                         ｢sorted｣
                      [1] .Python.Arguments                                     kwargs¦
                        [0] .Python.Argument                                    kwargs¦
                          [0] .Python.Expr.Named                                kwargs¦
                            [0] .Python.Expr.Atom                               kwargs¦
                              [0] .identifier                                   ｢kwargs｣
                [2] .Python.Stmt.Block                                          <NEWLINE><INDENT>par ... ]))<NEWLINE><DEDENT>¦
                  [0] .Python.Stmt                                              parts ... y]))<NEWLINE>¦
                    [0] .Python.Stmt.Simples                                    parts ... y]))<NEWLINE>¦
                      [0] .Python.Stmt.Simple                                   parts ... ey]))¦
                        [0] .Python.StarExprs                                   parts ... ey]))¦
                          [0] .Python.StarExpr                                  parts ... ey]))¦
                            [0] .Python.Expr.Primary.(                          parts ... ey]))¦
                              [0] .Python.Expr.Primary..                        parts ... ppend¦
                                [0] .Python.Expr.Atom                           parts¦
                                  [0] .identifier                               ｢parts｣
                                [1] .Python.Expr.Atom                           append¦
                                  [0] .identifier                               ｢append｣
                              [1] .Python.Arguments                             key + ... key])¦
                                [0] .Python.Argument                            key + ... key])¦
                                  [0] .Python.Expr.Named                        key + ... key])¦
                                    [0] .Python.Expr.Sum.+                      key + ... key])¦
                                      [0] .Python.Expr.Sum.+                    key + \"=\" ¦
                                        [0] .Python.Expr.Atom                   key ¦
                                          [0] .identifier                       ｢key｣
                                        [1] .Python.Expr.Atom                   \"=\" ¦
                                          [0] .Python.Strings                   \"=\" ¦
                                            [0] .string                         ｢"="｣
                                      [1] .Python.Expr.Primary.(                repr( ... key])¦
                                        [0] .Python.Expr.Atom                   repr¦
                                          [0] .identifier                       ｢repr｣
                                        [1] .Python.Arguments                   kwarg ... [key]¦
                                          [0] .Python.Argument                  kwarg ... [key]¦
                                            [0] .Python.Expr.Named              kwarg ... [key]¦
                                              [0] .Python.Expr.Primary.[        kwarg ... [key]¦
                                                [0] .Python.Expr.Atom           kwargs¦
                                                  [0] .identifier               ｢kwargs｣
                                                [1] .Python.Expr.Slices         key¦
                                                  [0] .Python.Expr.Slice        key¦
                                                    [0] .Python.Expr.Named      key¦
                                                      [0] .Python.Expr.Atom     key¦
                                                        [0] .identifier         ｢key｣
          [4] .Python.Stmt                                                      retur ... s)<NEWLINE><NEWLINE><NEWLINE>¦
            [0] .Python.Stmt.Simples                                            retur ... s)<NEWLINE><NEWLINE><NEWLINE>¦
              [0] .Python.Stmt.Simple                                           retur ... arts)¦
                [0] .Python.Stmt.Return                                         retur ... arts)¦
                  [0] .Python.StarExprs                                         sep.j ... arts)¦
                    [0] .Python.StarExpr                                        sep.j ... arts)¦
                      [0] .Python.Expr.Primary.(                                sep.j ... arts)¦
                        [0] .Python.Expr.Primary..                              sep.join¦
                          [0] .Python.Expr.Atom                                 sep¦
                            [0] .identifier                                     ｢sep｣
                          [1] .Python.Expr.Atom                                 join¦
                            [0] .identifier                                     ｢join｣
                        [1] .Python.Arguments                                   parts¦
                          [0] .Python.Argument                                  parts¦
                            [0] .Python.Expr.Named                              parts¦
                              [0] .Python.Expr.Atom                             parts¦
                                [0] .identifier                                 ｢parts｣
  [17] .Python.Stmt                                                             def a ... a<NEWLINE><NEWLINE><NEWLINE><DEDENT>¦
    [0] .Python.Stmt.Compound                                                   def a ... a<NEWLINE><NEWLINE><NEWLINE><DEDENT>¦
      [0] .Python.Stmt.Function                                                 def a ... a<NEWLINE><NEWLINE><NEWLINE><DEDENT>¦
        [0] .identifier                                                         ｢arithmetic｣
        [1] .Python.TypeParams                                                  ¦
        [2] .Python.Stmt.Function.Params                                        a, b= ... , d=4¦
          [0] .Python.Stmt.Function.Param                                       a¦
            [0] .Python.Stmt.Function.ParamDef                                  a¦
              [0] .identifier                                                   ｢a｣
          [1] .Python.Stmt.Function.Param                                       b=2¦
            [0] .Python.Stmt.Function.ParamDef                                  b=2¦
              [0] .identifier                                                   ｢b｣
              [1] .Python.Expr.Atom                                             2¦
                [0] .Python.number                                              ｢2｣
                  [0] .number                                                   ｢2｣
                    [0] .number.integer                                         ｢2｣
                      [0] .number.integer.decimal                               ｢2｣
                        [0] .number.unsigned.integer.decimal                    ｢2｣
          [2] .Python.Stmt.Function.Param                                       /¦
          [3] .Python.Stmt.Function.Param                                       c=3¦
            [0] .Python.Stmt.Function.ParamDef                                  c=3¦
              [0] .identifier                                                   ｢c｣
              [1] .Python.Expr.Atom                                             3¦
                [0] .Python.number                                              ｢3｣
                  [0] .number                                                   ｢3｣
                    [0] .number.integer                                         ｢3｣
                      [0] .number.integer.decimal                               ｢3｣
                        [0] .number.unsigned.integer.decimal                    ｢3｣
          [4] .Python.Stmt.Function.Param                                       *¦
          [5] .Python.Stmt.Function.Param                                       d=4¦
            [0] .Python.Stmt.Function.ParamDef                                  d=4¦
              [0] .identifier                                                   ｢d｣
              [1] .Python.Expr.Atom                                             4¦
                [0] .Python.number                                              ｢4｣
                  [0] .number                                                   ｢4｣
                    [0] .number.integer                                         ｢4｣
                      [0] .number.integer.decimal                               ｢4｣
                        [0] .number.unsigned.integer.decimal                    ｢4｣
        [3] .Python.Stmt.Block                                                  <NEWLINE><INDENT>tot ... a<NEWLINE><NEWLINE><NEWLINE><DEDENT>¦
          [0] .Python.Stmt                                                      total ...  - d<NEWLINE>¦
            [0] .Python.Stmt.Simples                                            total ...  - d<NEWLINE>¦
              [0] .Python.Stmt.Simple                                           total ... c - d¦
                [0] .Python.Stmt.Assignment                                     total ... c - d¦
                  [0] .Python.Stmt.Assignment.Plain                             total ... c - d¦
                    [0] .Python.StarTargets                                     total ¦
                      [0] .Python.StarTarget                                    total ¦
                        [0] .Python.Expr.Atom                                   total ¦
                          [0] .identifier                                       ｢total｣
                    [1] .Python.Stmt.Assignment.Rhs                             a + b ... c - d¦
                      [0] .Python.StarExprs                                     a + b ... c - d¦
                        [0] .Python.StarExpr                                    a + b ... c - d¦
                          [0] .Python.Expr.Sum.-                                a + b ... c - d¦
                            [0] .Python.Expr.Sum.+                              a + b * c ¦
                              [0] .Python.Expr.Atom                             a ¦
                                [0] .identifier                                 ｢a｣
                              [1] .Python.Expr.Term.*                           b * c ¦
                                [0] .Python.Expr.Atom                           b ¦
                                  [0] .identifier                               ｢b｣
                                [1] .Python.Expr.Atom                           c ¦
                                  [0] .identifier                               ｢c｣
                            [1] .Python.Expr.Atom                               d¦
                              [0] .identifier                                   ｢d｣
          [1] .Python.Stmt                                                      total ... // b<NEWLINE>¦
            [0] .Python.Stmt.Simples                                            total ... // b<NEWLINE>¦
              [0] .Python.Stmt.Simple                                           total ...  // b¦
                [0] .Python.Stmt.Assignment                                     total ...  // b¦
                  [0] .Python.Stmt.Assignment.Augmented                         total ...  // b¦
                    [0] .Python.Expr.Atom                                       total ¦
                      [0] .identifier                                           ｢total｣
                    [1] .Python.Stmt.Assignment.augassign                       ｢+=｣
                    [2] .Python.Stmt.Assignment.Rhs                             a // b¦
                      [0] .Python.StarExprs                                     a // b¦
                        [0] .Python.StarExpr                                    a // b¦
                          [0] .Python.Expr.Term.//                              a // b¦
                            [0] .Python.Expr.Atom                               a ¦
                              [0] .identifier                                   ｢a｣
                            [1] .Python.Expr.Atom                               b¦
                              [0] .identifier                                   ｢b｣
          [2] .Python.Stmt                                                      total ... = -a<NEWLINE>¦
            [0] .Python.Stmt.Simples                                            total ... = -a<NEWLINE>¦
              [0] .Python.Stmt.Simple                                           total ... -= -a¦
                [0] .Python.Stmt.Assignment                                     total ... -= -a¦
                  [0] .Python.Stmt.Assignment.Augmented                         total ... -= -a¦
                    [0] .Python.Expr.Atom                                       total ¦
                      [0] .identifier                                           ｢total｣
                    [1] .Python.Stmt.Assignment.augassign                       ｢-=｣
                    [2] .Python.Stmt.Assignment.Rhs                             -a¦
                      [0] .Python.StarExprs                                     -a¦
                        [0] .Python.StarExpr                                    -a¦
                          [0] .Python.Expr.Unary.-                              -a¦
                            [0] .Python.Expr.Atom                               a¦
                              [0] .identifier                                   ｢a｣
          [3] .Python.Stmt                                                      total ... = +b<NEWLINE>¦
            [0] .Python.Stmt.Simples                                            total ... = +b<NEWLINE>¦
              [0] .Python.Stmt.Simple                                           total ... *= +b¦
                [0] .Python.Stmt.Assignment                                     total ... *= +b¦
                  [0] .Python.Stmt.Assignment.Augmented                         total ... *= +b¦
                    [0] .Python.Expr.Atom                                       total ¦
                      [0] .identifier                                           ｢total｣
                    [1] .Python.Stmt.Assignment.augassign                       ｢*=｣
                    [2] .Python.Stmt.Assignment.Rhs                             +b¦
                      [0] .Python.StarExprs                                     +b¦
                        [0] .Python.StarExpr                                    +b¦
                          [0] .Python.Expr.Unary.+                              +b¦
                            [0] .Python.Expr.Atom                               b¦
                              [0] .identifier                                   ｢b｣
          [4] .Python.Stmt                                                      total ... *= 2<NEWLINE>¦
            [0] .Python.Stmt.Simples                                            total ... *= 2<NEWLINE>¦
              [0] .Python.Stmt.Simple                                           total ... **= 2¦
                [0] .Python.Stmt.Assignment                                     total ... **= 2¦
                  [0] .Python.Stmt.Assignment.Augmented                         total ... **= 2¦
                    [0] .Python.Expr.Atom                                       total ¦
                      [0] .identifier                                           ｢total｣
                    [1] .Python.Stmt.Assignment.augassign                       ｢**=｣
                    [2] .Python.Stmt.Assignment.Rhs                             2¦
                      [0] .Python.StarExprs                                     2¦
                        [0] .Python.StarExpr                                    2¦
                          [0] .Python.Expr.Atom                                 2¦
                            [0] .Python.number                                  ｢2｣
                              [0] .number                                       ｢2｣
                                [0] .number.integer                             ｢2｣
                                  [0] .number.integer.decimal                   ｢2｣
                                    [0] .number.unsigned.integer.decimal        ｢2｣
          [5] .Python.Stmt                                                      total ... @= b<NEWLINE>¦
            [0] .Python.Stmt.Simples                                            total ... @= b<NEWLINE>¦
              [0] .Python.Stmt.Simple                                           total @= b¦
                [0] .Python.Stmt.Assignment                                     total @= b¦
                  [0] .Python.Stmt.Assignment.Augmented                         total @= b¦
                    [0] .Python.Expr.Atom                                       total ¦
                      [0] .identifier                                           ｢total｣
                    [1] .Python.Stmt.Assignment.augassign                       ｢@=｣
                    [2] .Python.Stmt.Assignment.Rhs                             b¦
                      [0] .Python.StarExprs                                     b¦
                        [0] .Python.StarExpr                                    b¦
                          [0] .Python.Expr.Atom                                 b¦
                            [0] .identifier                                     ｢b｣
          [6] .Python.Stmt                                                      shift ...  ^ d<NEWLINE>¦
            [0] .Python.Stmt.Simples                                            shift ...  ^ d<NEWLINE>¦
              [0] .Python.Stmt.Simple                                           shift ... c ^ d¦
                [0] .Python.Stmt.Assignment                                     shift ... c ^ d¦
                  [0] .Python.Stmt.Assignment.Plain                             shift ... c ^ d¦
                    [0] .Python.StarTargets                                     shifted ¦
                      [0] .Python.StarTarget                                    shifted ¦
                        [0] .Python.Expr.Atom                                   shifted ¦
                          [0] .identifier                                       ｢shifted｣
                    [1] .Python.Stmt.Assignment.Rhs                             (a << ... c ^ d¦
                      [0] .Python.StarExprs                                     (a << ... c ^ d¦
                        [0] .Python.StarExpr                                    (a << ... c ^ d¦
                          [0] .Python.Expr.BitOr.|                              (a << ... c ^ d¦
                            [0] .Python.Expr.Atom                               (a << 2) ¦
                              [0] .Python.Expr.Group                            (a << 2) ¦
                                [0] .Python.Expr.Named                          a << 2¦
                                  [0] .Python.Expr.Shift.<<                     a << 2¦
                                    [0] .Python.Expr.Atom                       a ¦
                                      [0] .identifier                           ｢a｣
                                    [1] .Python.Expr.Atom                       2¦
                                      [0] .Python.number                        ｢2｣
                                        [0] .number                             ｢2｣
                                          [0] .number.integer                   ｢2｣
                                            [0] .number.integer.decimal         ｢2｣
                                              [0] .number.unsigned.integer.decimal ｢2｣
                            [1] .Python.Expr.BitXor.^                           (b >> ... c ^ d¦
                              [0] .Python.Expr.BitAnd.&                         (b >> ... & ~c ¦
                                [0] .Python.Expr.Atom                           (b >> 1) ¦
                                  [0] .Python.Expr.Group                        (b >> 1) ¦
                                    [0] .Python.Expr.Named                      b >> 1¦
                                      [0] .Python.Expr.Shift.>>                 b >> 1¦
                                        [0] .Python.Expr.Atom                   b ¦
                                          [0] .identifier                       ｢b｣
                                        [1] .Python.Expr.Atom                   1¦
                                          [0] .Python.number                    ｢1｣
                                            [0] .number                         ｢1｣
                                              [0] .number.integer               ｢1｣
                                                [0] .number.integer.decimal     ｢1｣
                                                  [0] .number.unsigned.integer.decimal ｢1｣
                                [1] .Python.Expr.Unary.~                        ~c ¦
                                  [0] .Python.Expr.Atom                         c ¦
                                    [0] .identifier                             ｢c｣
                              [1] .Python.Expr.Atom                             d¦
                                [0] .identifier                                 ｢d｣
          [7] .Python.Stmt                                                      retur ...  a<NEWLINE><NEWLINE><NEWLINE>¦
            [0] .Python.Stmt.Simples                                            retur ...  a<NEWLINE><NEWLINE><NEWLINE>¦
              [0] .Python.Stmt.Simple                                           retur ... not a¦
                [0] .Python.Stmt.Return                                         retur ... not a¦
                  [0] .Python.StarExprs                                         total ... not a¦
                    [0] .Python.StarExpr                                        total¦
                      [0] .Python.Expr.Atom                                     total¦
                        [0] .identifier                                         ｢total｣
                    [1] .Python.StarExpr                                        shifted¦
                      [0] .Python.Expr.Atom                                     shifted¦
                        [0] .identifier                                         ｢shifted｣
                    [2] .Python.StarExpr                                        a ** b¦
                      [0] .Python.Expr.Power.**                                 a ** b¦
                        [0] .Python.Expr.Atom                                   a ¦
                          [0] .identifier                                       ｢a｣
                        [1] .Python.Expr.Atom                                   b¦
                          [0] .identifier                                       ｢b｣
                    [3] .Python.StarExpr                                        not a¦
                      [0] .Python.Expr.Inversion.not                            not a¦
                        [0] .Python.Expr.Atom                                   a¦
                          [0] .identifier                                       ｢a｣
  [18] .Python.Stmt                                                             def c ... 0<NEWLINE><NEWLINE><NEWLINE><DEDENT>¦
    [0] .Python.Stmt.Compound                                                   def c ... 0<NEWLINE><NEWLINE><NEWLINE><DEDENT>¦
      [0] .Python.Stmt.Function                                                 def c ... 0<NEWLINE><NEWLINE><NEWLINE><DEDENT>¦
        [0] .identifier                                                         ｢comparisons｣
        [1] .Python.TypeParams                                                  ¦
        [2] .Python.Stmt.Function.Params                                        a, b, seq¦
          [0] .Python.Stmt.Function.Param                                       a¦
            [0] .Python.Stmt.Function.ParamDef                                  a¦
              [0] .identifier                                                   ｢a｣
          [1] .Python.Stmt.Function.Param                                       b¦
            [0] .Python.Stmt.Function.ParamDef                                  b¦
              [0] .identifier                                                   ｢b｣
          [2] .Python.Stmt.Function.Param                                       seq¦
            [0] .Python.Stmt.Function.ParamDef                                  seq¦
              [0] .identifier                                                   ｢seq｣
        [3] .Python.Stmt.Block                                                  <NEWLINE><INDENT>if  ... 0<NEWLINE><NEWLINE><NEWLINE><DEDENT>¦
          [0] .Python.Stmt                                                      if a  ... rue<NEWLINE><DEDENT>¦
            [0] .Python.Stmt.Compound                                           if a  ... rue<NEWLINE><DEDENT>¦
              [0] .Python.Stmt.If                                               if a  ... rue<NEWLINE><DEDENT>¦
                [0] .Python.Expr.Named                                          a < b ... == b)¦
                  [0] .Python.Expr.Disjunction.or                               a < b ... == b)¦
                    [0] .Python.Expr.Conjunction.and                            a < b ... != a ¦
                      [0] .Python.Expr.Comparison.<=                            a < b ... = 10 ¦
                        [0] .Python.Expr.Comparison.<                           a < b ¦
                          [0] .Python.Expr.Atom                                 a ¦
                            [0] .identifier                                     ｢a｣
                          [1] .Python.Expr.Atom                                 b ¦
                            [0] .identifier                                     ｢b｣
                        [1] .Python.Expr.Atom                                   10 ¦
                          [0] .Python.number                                    ｢10｣
                            [0] .number                                         ｢10｣
                              [0] .number.integer                               ｢10｣
                                [0] .number.integer.decimal                     ｢10｣
                                  [0] .number.unsigned.integer.decimal          ｢10｣
                      [1] .Python.Expr.Comparison.!=                            b != a ¦
                        [0] .Python.Expr.Atom                                   b ¦
                          [0] .identifier                                       ｢b｣
                        [1] .Python.Expr.Atom                                   a ¦
                          [0] .identifier                                       ｢a｣
                    [1] .Python.Expr.Inversion.not                              not ( ... == b)¦
                      [0] .Python.Expr.Atom                                     (a == b)¦
                        [0] .Python.Expr.Group                                  (a == b)¦
                          [0] .Python.Expr.Named                                a == b¦
                            [0] .Python.Expr.Comparison.==                      a == b¦
                              [0] .Python.Expr.Atom                             a ¦
                                [0] .identifier                                 ｢a｣
                              [1] .Python.Expr.Atom                             b¦
                                [0] .identifier                                 ｢b｣
                [1] .Python.Stmt.Block                                          <NEWLINE><INDENT>ret ... rue<NEWLINE><DEDENT>¦
                  [0] .Python.Stmt                                              retur ... True<NEWLINE>¦
                    [0] .Python.Stmt.Simples                                    retur ... True<NEWLINE>¦
                      [0] .Python.Stmt.Simple                                   retur ...  True¦
                        [0] .Python.Stmt.Return                                 retur ...  True¦
                          [0] .Python.StarExprs                                 True¦
                            [0] .Python.StarExpr                                True¦
                              [0] .Python.Expr.Atom                             True¦
                                [0] .Python.builtinLiteral                      ｢True｣
          [1] .Python.Stmt                                                      if a  ... lse<NEWLINE><DEDENT>¦
            [0] .Python.Stmt.Compound                                           if a  ... lse<NEWLINE><DEDENT>¦
              [0] .Python.Stmt.If                                               if a  ... lse<NEWLINE><DEDENT>¦
                [0] .Python.Expr.Named                                          a is  ... not b¦
                  [0] .Python.Expr.Disjunction.or                               a is  ... not b¦
                    [0] .Python.Expr.Comparison.is                              a is b ¦
                      [0] .Python.Expr.Atom                                     a ¦
                        [0] .identifier                                         ｢a｣
                      [1] .Python.Expr.Atom                                     b ¦
                        [0] .identifier                                         ｢b｣
                    [1] .Python.Expr.Comparison.is not                          a is not b¦
                      [0] .Python.Expr.Atom                                     a ¦
                        [0] .identifier                                         ｢a｣
                      [1] .Python.Expr.Atom                                     b¦
                        [0] .identifier                                         ｢b｣
                [1] .Python.Stmt.Block                                          <NEWLINE><INDENT>ret ... lse<NEWLINE><DEDENT>¦
                  [0] .Python.Stmt                                              retur ... alse<NEWLINE>¦
                    [0] .Python.Stmt.Simples                                    retur ... alse<NEWLINE>¦
                      [0] .Python.Stmt.Simple                                   retur ... False¦
                        [0] .Python.Stmt.Return                                 retur ... False¦
                          [0] .Python.StarExprs                                 False¦
                            [0] .Python.StarExpr                                False¦
                              [0] .Python.Expr.Atom                             False¦
                                [0] .Python.builtinLiteral                      ｢False｣
          [2] .Python.Stmt                                                      if a  ... one<NEWLINE><DEDENT>¦
            [0] .Python.Stmt.Compound                                           if a  ... one<NEWLINE><DEDENT>¦
              [0] .Python.Stmt.If                                               if a  ... one<NEWLINE><DEDENT>¦
                [0] .Python.Expr.Named                                          a in  ... n seq¦
                  [0] .Python.Expr.Conjunction.and                              a in  ... n seq¦
                    [0] .Python.Expr.Comparison.in                              a in seq ¦
                      [0] .Python.Expr.Atom                                     a ¦
                        [0] .identifier                                         ｢a｣
                      [1] .Python.Expr.Atom                                     seq ¦
                        [0] .identifier                                         ｢seq｣
                    [1] .Python.Expr.Comparison.not in                          a not ... n seq¦
                      [0] .Python.Expr.Atom                                     a ¦
                        [0] .identifier                                         ｢a｣
                      [1] .Python.Expr.Atom                                     seq¦
                        [0] .identifier                                         ｢seq｣
                [1] .Python.Stmt.Block                                          <NEWLINE><INDENT>ret ... one<NEWLINE><DEDENT>¦
                  [0] .Python.Stmt                                              retur ... None<NEWLINE>¦
                    [0] .Python.Stmt.Simples                                    retur ... None<NEWLINE>¦
                      [0] .Python.Stmt.Simple                                   retur ...  None¦
                        [0] .Python.Stmt.Return                                 retur ...  None¦
                          [0] .Python.StarExprs                                 None¦
                            [0] .Python.StarExpr                                None¦
                              [0] .Python.Expr.Atom                             None¦
                                [0] .Python.builtinLiteral                      ｢None｣
          [3] .Python.Stmt                                                      retur ...  0<NEWLINE><NEWLINE><NEWLINE>¦
            [0] .Python.Stmt.Simples                                            retur ...  0<NEWLINE><NEWLINE><NEWLINE>¦
              [0] .Python.Stmt.Simple                                           retur ...  >= 0¦
                [0] .Python.Stmt.Return                                         retur ...  >= 0¦
                  [0] .Python.StarExprs                                         a > b >= 0¦
                    [0] .Python.StarExpr                                        a > b >= 0¦
                      [0] .Python.Expr.Comparison.>=                            a > b >= 0¦
                        [0] .Python.Expr.Comparison.>                           a > b ¦
                          [0] .Python.Expr.Atom                                 a ¦
                            [0] .identifier                                     ｢a｣
                          [1] .Python.Expr.Atom                                 b ¦
                            [0] .identifier                                     ｢b｣
                        [1] .Python.Expr.Atom                                   0¦
                          [0] .Python.number                                    ｢0｣
                            [0] .number                                         ｢0｣
                              [0] .number.integer                               ｢0｣
                                [0] .number.integer.decimal                     ｢0｣
                                  [0] .number.unsigned.integer.decimal          ｢0｣
  [19] .Python.Stmt                                                             def b ... n<NEWLINE><NEWLINE><NEWLINE><DEDENT>¦
    [0] .Python.Stmt.Compound                                                   def b ... n<NEWLINE><NEWLINE><NEWLINE><DEDENT>¦
      [0] .Python.Stmt.Function                                                 def b ... n<NEWLINE><NEWLINE><NEWLINE><DEDENT>¦
        [0] .identifier                                                         ｢branching｣
        [1] .Python.TypeParams                                                  ¦
        [2] .Python.Stmt.Function.Params                                        n¦
          [0] .Python.Stmt.Function.Param                                       n¦
            [0] .Python.Stmt.Function.ParamDef                                  n¦
              [0] .identifier                                                   ｢n｣
        [3] .Python.Stmt.Block                                                  <NEWLINE><INDENT>if  ... n<NEWLINE><NEWLINE><NEWLINE><DEDENT>¦
          [0] .Python.Stmt                                                      if n  ... = 1<NEWLINE><DEDENT>¦
            [0] .Python.Stmt.Compound                                           if n  ... = 1<NEWLINE><DEDENT>¦
              [0] .Python.Stmt.If                                               if n  ... = 1<NEWLINE><DEDENT>¦
                [0] .Python.Expr.Named                                          n < 0¦
                  [0] .Python.Expr.Comparison.<                                 n < 0¦
                    [0] .Python.Expr.Atom                                       n ¦
                      [0] .identifier                                           ｢n｣
                    [1] .Python.Expr.Atom                                       0¦
                      [0] .Python.number                                        ｢0｣
                        [0] .number                                             ｢0｣
                          [0] .number.integer                                   ｢0｣
                            [0] .number.integer.decimal                         ｢0｣
                              [0] .number.unsigned.integer.decimal              ｢0｣
                [1] .Python.Stmt.Block                                          <NEWLINE><INDENT>sig ...  -1<NEWLINE><DEDENT>¦
                  [0] .Python.Stmt                                              sign = -1<NEWLINE>¦
                    [0] .Python.Stmt.Simples                                    sign = -1<NEWLINE>¦
                      [0] .Python.Stmt.Simple                                   sign = -1¦
                        [0] .Python.Stmt.Assignment                             sign = -1¦
                          [0] .Python.Stmt.Assignment.Plain                     sign = -1¦
                            [0] .Python.StarTargets                             sign ¦
                              [0] .Python.StarTarget                            sign ¦
                                [0] .Python.Expr.Atom                           sign ¦
                                  [0] .identifier                               ｢sign｣
                            [1] .Python.Stmt.Assignment.Rhs                     -1¦
                              [0] .Python.StarExprs                             -1¦
                                [0] .Python.StarExpr                            -1¦
                                  [0] .Python.Expr.Unary.-                      -1¦
                                    [0] .Python.Expr.Atom                       1¦
                                      [0] .Python.number                        ｢1｣
                                        [0] .number                             ｢1｣
                                          [0] .number.integer                   ｢1｣
                                            [0] .number.integer.decimal         ｢1｣
                                              [0] .number.unsigned.integer.decimal ｢1｣
                [2] .Python.Stmt.Elif                                           elif  ... = 0<NEWLINE><DEDENT>¦
                  [0] .Python.Expr.Named                                        n == 0¦
                    [0] .Python.Expr.Comparison.==                              n == 0¦
                      [0] .Python.Expr.Atom                                     n ¦
                        [0] .identifier                                         ｢n｣
                      [1] .Python.Expr.Atom                                     0¦
                        [0] .Python.number                                      ｢0｣
                          [0] .number                                           ｢0｣
                            [0] .number.integer                                 ｢0｣
                              [0] .number.integer.decimal                       ｢0｣
                                [0] .number.unsigned.integer.decimal            ｢0｣
                  [1] .Python.Stmt.Block                                        <NEWLINE><INDENT>sig ... = 0<NEWLINE><DEDENT>¦
                    [0] .Python.Stmt                                            sign = 0<NEWLINE>¦
                      [0] .Python.Stmt.Simples                                  sign = 0<NEWLINE>¦
                        [0] .Python.Stmt.Simple                                 sign = 0¦
                          [0] .Python.Stmt.Assignment                           sign = 0¦
                            [0] .Python.Stmt.Assignment.Plain                   sign = 0¦
                              [0] .Python.StarTargets                           sign ¦
                                [0] .Python.StarTarget                          sign ¦
                                  [0] .Python.Expr.Atom                         sign ¦
                                    [0] .identifier                             ｢sign｣
                              [1] .Python.Stmt.Assignment.Rhs                   0¦
                                [0] .Python.StarExprs                           0¦
                                  [0] .Python.StarExpr                          0¦
                                    [0] .Python.Expr.Atom                       0¦
                                      [0] .Python.number                        ｢0｣
                                        [0] .number                             ｢0｣
                                          [0] .number.integer                   ｢0｣
                                            [0] .number.integer.decimal         ｢0｣
                                              [0] .number.unsigned.integer.decimal ｢0｣
                [3] .Python.Stmt.Else                                           else: ... = 1<NEWLINE><DEDENT>¦
                  [0] .Python.Stmt.Block                                        <NEWLINE><INDENT>sig ... = 1<NEWLINE><DEDENT>¦
                    [0] .Python.Stmt                                            sign = 1<NEWLINE>¦
                      [0] .Python.Stmt.Simples                                  sign = 1<NEWLINE>¦
                        [0] .Python.Stmt.Simple                                 sign = 1¦
                          [0] .Python.Stmt.Assignment                           sign = 1¦
                            [0] .Python.Stmt.Assignment.Plain                   sign = 1¦
                              [0] .Python.StarTargets                           sign ¦
                                [0] .Python.StarTarget                          sign ¦
                                  [0] .Python.Expr.Atom                         sign ¦
                                    [0] .identifier                             ｢sign｣
                              [1] .Python.Stmt.Assignment.Rhs                   1¦
                                [0] .Python.StarExprs                           1¦
                                  [0] .Python.StarExpr                          1¦
                                    [0] .Python.Expr.Atom                       1¦
                                      [0] .Python.number                        ｢1｣
                                        [0] .number                             ｢1｣
                                          [0] .number.integer                   ｢1｣
                                            [0] .number.integer.decimal         ｢1｣
                                              [0] .number.unsigned.integer.decimal ｢1｣
          [1] .Python.Stmt                                                      while ... ass<NEWLINE><DEDENT>¦
            [0] .Python.Stmt.Compound                                           while ... ass<NEWLINE><DEDENT>¦
              [0] .Python.Stmt.While                                            while ... ass<NEWLINE><DEDENT>¦
                [0] .Python.Expr.Named                                          n > 0¦
                  [0] .Python.Expr.Comparison.>                                 n > 0¦
                    [0] .Python.Expr.Atom                                       n ¦
                      [0] .identifier                                           ｢n｣
                    [1] .Python.Expr.Atom                                       0¦
                      [0] .Python.number                                        ｢0｣
                        [0] .number                                             ｢0｣
                          [0] .number.integer                                   ｢0｣
                            [0] .number.integer.decimal                         ｢0｣
                              [0] .number.unsigned.integer.decimal              ｢0｣
                [1] .Python.Stmt.Block                                          <NEWLINE><INDENT>n - ... ak<NEWLINE><DEDENT><DEDENT>¦
                  [0] .Python.Stmt                                              n -= 1<NEWLINE>¦
                    [0] .Python.Stmt.Simples                                    n -= 1<NEWLINE>¦
                      [0] .Python.Stmt.Simple                                   n -= 1¦
                        [0] .Python.Stmt.Assignment                             n -= 1¦
                          [0] .Python.Stmt.Assignment.Augmented                 n -= 1¦
                            [0] .Python.Expr.Atom                               n ¦
                              [0] .identifier                                   ｢n｣
                            [1] .Python.Stmt.Assignment.augassign               ｢-=｣
                            [2] .Python.Stmt.Assignment.Rhs                     1¦
                              [0] .Python.StarExprs                             1¦
                                [0] .Python.StarExpr                            1¦
                                  [0] .Python.Expr.Atom                         1¦
                                    [0] .Python.number                          ｢1｣
                                      [0] .number                               ｢1｣
                                        [0] .number.integer                     ｢1｣
                                          [0] .number.integer.decimal           ｢1｣
                                            [0] .number.unsigned.integer.decimal ｢1｣
                  [1] .Python.Stmt                                              if n  ... nue<NEWLINE><DEDENT>¦
                    [0] .Python.Stmt.Compound                                   if n  ... nue<NEWLINE><DEDENT>¦
                      [0] .Python.Stmt.If                                       if n  ... nue<NEWLINE><DEDENT>¦
                        [0] .Python.Expr.Named                                  n == 3¦
                          [0] .Python.Expr.Comparison.==                        n == 3¦
                            [0] .Python.Expr.Atom                               n ¦
                              [0] .identifier                                   ｢n｣
                            [1] .Python.Expr.Atom                               3¦
                              [0] .Python.number                                ｢3｣
                                [0] .number                                     ｢3｣
                                  [0] .number.integer                           ｢3｣
                                    [0] .number.integer.decimal                 ｢3｣
                                      [0] .number.unsigned.integer.decimal      ｢3｣
                        [1] .Python.Stmt.Block                                  <NEWLINE><INDENT>con ... nue<NEWLINE><DEDENT>¦
                          [0] .Python.Stmt                                      continue<NEWLINE>¦
                            [0] .Python.Stmt.Simples                            continue<NEWLINE>¦
                              [0] .Python.Stmt.Simple                           continue¦
                                [0] .Python.Stmt.Continue                       continue¦
                  [2] .Python.Stmt                                              if n  ... eak<NEWLINE><DEDENT>¦
                    [0] .Python.Stmt.Compound                                   if n  ... eak<NEWLINE><DEDENT>¦
                      [0] .Python.Stmt.If                                       if n  ... eak<NEWLINE><DEDENT>¦
                        [0] .Python.Expr.Named                                  n == 1¦
                          [0] .Python.Expr.Comparison.==                        n == 1¦
                            [0] .Python.Expr.Atom                               n ¦
                              [0] .identifier                                   ｢n｣
                            [1] .Python.Expr.Atom                               1¦
                              [0] .Python.number                                ｢1｣
                                [0] .number                                     ｢1｣
                                  [0] .number.integer                           ｢1｣
                                    [0] .number.integer.decimal                 ｢1｣
                                      [0] .number.unsigned.integer.decimal      ｢1｣
                        [1] .Python.Stmt.Block                                  <NEWLINE><INDENT>break<NEWLINE><DEDENT>¦
                          [0] .Python.Stmt                                      break<NEWLINE>¦
                            [0] .Python.Stmt.Simples                            break<NEWLINE>¦
                              [0] .Python.Stmt.Simple                           break¦
                                [0] .Python.Stmt.Break                          break¦
                [2] .Python.Stmt.Else                                           else: ... ass<NEWLINE><DEDENT>¦
                  [0] .Python.Stmt.Block                                        <NEWLINE><INDENT>pass<NEWLINE><DEDENT>¦
                    [0] .Python.Stmt                                            pass<NEWLINE>¦
                      [0] .Python.Stmt.Simples                                  pass<NEWLINE>¦
                        [0] .Python.Stmt.Simple                                 pass¦
                          [0] .Python.Stmt.Pass                                 pass¦
          [2] .Python.Stmt                                                      retur ... gn<NEWLINE><NEWLINE><NEWLINE>¦
            [0] .Python.Stmt.Simples                                            retur ... gn<NEWLINE><NEWLINE><NEWLINE>¦
              [0] .Python.Stmt.Simple                                           retur ...  sign¦
                [0] .Python.Stmt.Return                                         retur ...  sign¦
                  [0] .Python.StarExprs                                         sign¦
                    [0] .Python.StarExpr                                        sign¦
                      [0] .Python.Expr.Atom                                     sign¦
                        [0] .identifier                                         ｢sign｣
  [20] .Python.Stmt                                                             def l ... d<NEWLINE><NEWLINE><NEWLINE><DEDENT>¦
    [0] .Python.Stmt.Compound                                                   def l ... d<NEWLINE><NEWLINE><NEWLINE><DEDENT>¦
      [0] .Python.Stmt.Function                                                 def l ... d<NEWLINE><NEWLINE><NEWLINE><DEDENT>¦
        [0] .identifier                                                         ｢looping｣
        [1] .Python.TypeParams                                                  ¦
        [2] .Python.Stmt.Function.Params                                        rows, ... lumns¦
          [0] .Python.Stmt.Function.Param                                       rows¦
            [0] .Python.Stmt.Function.ParamDef                                  rows¦
              [0] .identifier                                                   ｢rows｣
          [1] .Python.Stmt.Function.Param                                       columns¦
            [0] .Python.Stmt.Function.ParamDef                                  columns¦
              [0] .identifier                                                   ｢columns｣
        [3] .Python.Stmt.Block                                                  <NEWLINE><INDENT>tab ... d<NEWLINE><NEWLINE><NEWLINE><DEDENT>¦
          [0] .Python.Stmt                                                      table ... = []<NEWLINE>¦
            [0] .Python.Stmt.Simples                                            table ... = []<NEWLINE>¦
              [0] .Python.Stmt.Simple                                           table = []¦
                [0] .Python.Stmt.Assignment                                     table = []¦
                  [0] .Python.Stmt.Assignment.Plain                             table = []¦
                    [0] .Python.StarTargets                                     table ¦
                      [0] .Python.StarTarget                                    table ¦
                        [0] .Python.Expr.Atom                                   table ¦
                          [0] .identifier                                       ｢table｣
                    [1] .Python.Stmt.Assignment.Rhs                             []¦
                      [0] .Python.StarExprs                                     []¦
                        [0] .Python.StarExpr                                    []¦
                          [0] .Python.Expr.Atom                                 []¦
                            [0] .Python.Expr.List                               []¦
          [1] .Python.Stmt                                                      for i ... [0]<NEWLINE><DEDENT>¦
            [0] .Python.Stmt.Compound                                           for i ... [0]<NEWLINE><DEDENT>¦
              [0] .Python.Stmt.For                                              for i ... [0]<NEWLINE><DEDENT>¦
                [0] .Python.StarTargets                                         i, row ¦
                  [0] .Python.StarTarget                                        i¦
                    [0] .Python.Expr.Atom                                       i¦
                      [0] .identifier                                           ｢i｣
                  [1] .Python.StarTarget                                        row ¦
                    [0] .Python.Expr.Atom                                       row ¦
                      [0] .identifier                                           ｢row｣
                [1] .Python.StarExprs                                           enume ... rows)¦
                  [0] .Python.StarExpr                                          enume ... rows)¦
                    [0] .Python.Expr.Primary.(                                  enume ... rows)¦
                      [0] .Python.Expr.Atom                                     enumerate¦
                        [0] .identifier                                         ｢enumerate｣
                      [1] .Python.Arguments                                     rows¦
                        [0] .Python.Argument                                    rows¦
                          [0] .Python.Expr.Named                                rows¦
                            [0] .Python.Expr.Atom                               rows¦
                              [0] .identifier                                   ｢rows｣
                [2] .Python.Stmt.Block                                          <NEWLINE><INDENT>for ... ))<NEWLINE><DEDENT><DEDENT>¦
                  [0] .Python.Stmt                                              for c ... n))<NEWLINE><DEDENT>¦
                    [0] .Python.Stmt.Compound                                   for c ... n))<NEWLINE><DEDENT>¦
                      [0] .Python.Stmt.For                                      for c ... n))<NEWLINE><DEDENT>¦
                        [0] .Python.StarTargets                                 column ¦
                          [0] .Python.StarTarget                                column ¦
                            [0] .Python.Expr.Atom                               column ¦
                              [0] .identifier                                   ｢column｣
                        [1] .Python.StarExprs                                   columns¦
                          [0] .Python.StarExpr                                  columns¦
                            [0] .Python.Expr.Atom                               columns¦
                              [0] .identifier                                   ｢columns｣
                        [2] .Python.Stmt.Block                                  <NEWLINE><INDENT>tab ... n))<NEWLINE><DEDENT>¦
                          [0] .Python.Stmt                                      table ... mn))<NEWLINE>¦
                            [0] .Python.Stmt.Simples                            table ... mn))<NEWLINE>¦
                              [0] .Python.Stmt.Simple                           table ... umn))¦
                                [0] .Python.StarExprs                           table ... umn))¦
                                  [0] .Python.StarExpr                          table ... umn))¦
                                    [0] .Python.Expr.Primary.(                  table ... umn))¦
                                      [0] .Python.Expr.Primary..                table ... ppend¦
                                        [0] .Python.Expr.Atom                   table¦
                                          [0] .identifier                       ｢table｣
                                        [1] .Python.Expr.Atom                   append¦
                                          [0] .identifier                       ｢append｣
                                      [1] .Python.Arguments                     (i, r ... lumn)¦
                                        [0] .Python.Argument                    (i, r ... lumn)¦
                                          [0] .Python.Expr.Named                (i, r ... lumn)¦
                                            [0] .Python.Expr.Atom               (i, r ... lumn)¦
                                              [0] .Python.Expr.Tuple            (i, r ... lumn)¦
                                                [0] .Python.StarNamedExprs      i, ro ... olumn¦
                                                  [0] .Python.StarNamedExpr     i¦
                                                    [0] .Python.Expr.Named      i¦
                                                      [0] .Python.Expr.Atom     i¦
                                                        [0] .identifier         ｢i｣
                                                  [1] .Python.StarNamedExpr     row¦
                                                    [0] .Python.Expr.Named      row¦
                                                      [0] .Python.Expr.Atom     row¦
                                                        [0] .identifier         ｢row｣
                                                  [2] .Python.StarNamedExpr     column¦
                                                    [0] .Python.Expr.Named      column¦
                                                      [0] .Python.Expr.Atom     column¦
                                                        [0] .identifier         ｢column｣
                [3] .Python.Stmt.Else                                           else: ... [0]<NEWLINE><DEDENT>¦
                  [0] .Python.Stmt.Block                                        <NEWLINE><INDENT>del ... [0]<NEWLINE><DEDENT>¦
                    [0] .Python.Stmt                                            del t ... e[0]<NEWLINE>¦
                      [0] .Python.Stmt.Simples                                  del t ... e[0]<NEWLINE>¦
                        [0] .Python.Stmt.Simple                                 del t ... le[0]¦
                          [0] .Python.Stmt.Del                                  del t ... le[0]¦
                            [0] .Python.Expr.Primary.[                          table[0]¦
                              [0] .Python.Expr.Atom                             table¦
                                [0] .identifier                                 ｢table｣
                              [1] .Python.Expr.Slices                           0¦
                                [0] .Python.Expr.Slice                          0¦
                                  [0] .Python.Expr.Named                        0¦
                                    [0] .Python.Expr.Atom                       0¦
                                      [0] .Python.number                        ｢0｣
                                        [0] .number                             ｢0｣
                                          [0] .number.integer                   ｢0｣
                                            [0] .number.integer.decimal         ｢0｣
                                              [0] .number.unsigned.integer.decimal ｢0｣
          [2] .Python.Stmt                                                      squar ... = 0]<NEWLINE>¦
            [0] .Python.Stmt.Simples                                            squar ... = 0]<NEWLINE>¦
              [0] .Python.Stmt.Simple                                           squar ... == 0]¦
                [0] .Python.Stmt.Assignment                                     squar ... == 0]¦
                  [0] .Python.Stmt.Assignment.Plain                             squar ... == 0]¦
                    [0] .Python.StarTargets                                     squares ¦
                      [0] .Python.StarTarget                                    squares ¦
                        [0] .Python.Expr.Atom                                   squares ¦
                          [0] .identifier                                       ｢squares｣
                    [1] .Python.Stmt.Assignment.Rhs                             [x *  ... == 0]¦
                      [0] .Python.StarExprs                                     [x *  ... == 0]¦
                        [0] .Python.StarExpr                                    [x *  ... == 0]¦
                          [0] .Python.Expr.Atom                                 [x *  ... == 0]¦
                            [0] .Python.Expr.ListComp                           [x *  ... == 0]¦
                              [0] .Python.Expr.Named                            x * x ¦
                                [0] .Python.Expr.Term.*                         x * x ¦
                                  [0] .Python.Expr.Atom                         x ¦
                                    [0] .identifier                             ｢x｣
                                  [1] .Python.Expr.Atom                         x ¦
                                    [0] .identifier                             ｢x｣
                              [1] .Python.ForIfClauses                          for x ...  == 0¦
                                [0] .Python.ForIfClause                         for x ...  == 0¦
                                  [0] .Python.StarTargets                       x ¦
                                    [0] .Python.StarTarget                      x ¦
                                      [0] .Python.Expr.Atom                     x ¦
                                        [0] .identifier                         ｢x｣
                                  [1] .Python.Expr.Primary.(                    range(10) ¦
                                    [0] .Python.Expr.Atom                       range¦
                                      [0] .identifier                           ｢range｣
                                    [1] .Python.Arguments                       10¦
                                      [0] .Python.Argument                      10¦
                                        [0] .Python.Expr.Named                  10¦
                                          [0] .Python.Expr.Atom                 10¦
                                            [0] .Python.number                  ｢10｣
                                              [0] .number                       ｢10｣
                                                [0] .number.integer             ｢10｣
                                                  [0] .number.integer.decimal   ｢10｣
                                                    [0] .number.unsigned.integer.decimal ｢10｣
                                  [2] .Python.Expr.Comparison.==                x % 2 == 0¦
                                    [0] .Python.Expr.Term.%                     x % 2 ¦
                                      [0] .Python.Expr.Atom                     x ¦
                                        [0] .identifier                         ｢x｣
                                      [1] .Python.Expr.Atom                     2 ¦
                                        [0] .Python.number                      ｢2｣
                                          [0] .number                           ｢2｣
                                            [0] .number.integer                 ｢2｣
                                              [0] .number.integer.decimal       ｢2｣
                                                [0] .number.unsigned.integer.decimal ｢2｣
                                    [1] .Python.Expr.Atom                       0¦
                                      [0] .Python.number                        ｢0｣
                                        [0] .number                             ｢0｣
                                          [0] .number.integer                   ｢0｣
                                            [0] .number.integer.decimal         ｢0｣
                                              [0] .number.unsigned.integer.decimal ｢0｣
          [3] .Python.Stmt                                                      pairs ... s()}<NEWLINE>¦
            [0] .Python.Stmt.Simples                                            pairs ... s()}<NEWLINE>¦
              [0] .Python.Stmt.Simple                                           pairs ... ms()}¦
                [0] .Python.Stmt.Assignment                                     pairs ... ms()}¦
                  [0] .Python.Stmt.Assignment.Plain                             pairs ... ms()}¦
                    [0] .Python.StarTargets                                     pairs ¦
                      [0] .Python.StarTarget                                    pairs ¦
                        [0] .Python.Expr.Atom                                   pairs ¦
                          [0] .identifier                                       ｢pairs｣
                    [1] .Python.Stmt.Assignment.Rhs                             {k: v ... ms()}¦
                      [0] .Python.StarExprs                                     {k: v ... ms()}¦
                        [0] .Python.StarExpr                                    {k: v ... ms()}¦
                          [0] .Python.Expr.Atom                                 {k: v ... ms()}¦
                            [0] .Python.Expr.DictComp                           {k: v ... ms()}¦
                              [0] .Python.Expr.KvPair                           k: v ¦
                                [0] .Python.Expr.Atom                           k¦
                                  [0] .identifier                               ｢k｣
                                [1] .Python.Expr.Atom                           v ¦
                                  [0] .identifier                               ｢v｣
                              [1] .Python.ForIfClauses                          for k ... ems()¦
                                [0] .Python.ForIfClause                         for k ... ems()¦
                                  [0] .Python.StarTargets                       k, v ¦
                                    [0] .Python.StarTarget                      k¦
                                      [0] .Python.Expr.Atom                     k¦
                                        [0] .identifier                         ｢k｣
                                    [1] .Python.StarTarget                      v ¦
                                      [0] .Python.Expr.Atom                     v ¦
                                        [0] .identifier                         ｢v｣
                                  [1] .Python.Expr.Primary.(                    _TABL ... ems()¦
                                    [0] .Python.Expr.Primary..                  _TABL ... items¦
                                      [0] .Python.Expr.Atom                     _TABLE¦
                                        [0] .identifier                         ｢_TABLE｣
                                      [1] .Python.Expr.Atom                     items¦
                                        [0] .identifier                         ｢items｣
                                    [1] .Python.Arguments                       ¦
          [4] .Python.Stmt                                                      uniq  ... ING}<NEWLINE>¦
            [0] .Python.Stmt.Simples                                            uniq  ... ING}<NEWLINE>¦
              [0] .Python.Stmt.Simple                                           uniq  ... TING}¦
                [0] .Python.Stmt.Assignment                                     uniq  ... TING}¦
                  [0] .Python.Stmt.Assignment.Plain                             uniq  ... TING}¦
                    [0] .Python.StarTargets                                     uniq ¦
                      [0] .Python.StarTarget                                    uniq ¦
                        [0] .Python.Expr.Atom                                   uniq ¦
                          [0] .identifier                                       ｢uniq｣
                    [1] .Python.Stmt.Assignment.Rhs                             {c fo ... TING}¦
                      [0] .Python.StarExprs                                     {c fo ... TING}¦
                        [0] .Python.StarExpr                                    {c fo ... TING}¦
                          [0] .Python.Expr.Atom                                 {c fo ... TING}¦
                            [0] .Python.Expr.SetComp                            {c fo ... TING}¦
                              [0] .Python.Expr.Named                            c ¦
                                [0] .Python.Expr.Atom                           c ¦
                                  [0] .identifier                               ｢c｣
                              [1] .Python.ForIfClauses                          for c ... ETING¦
                                [0] .Python.ForIfClause                         for c ... ETING¦
                                  [0] .Python.StarTargets                       c ¦
                                    [0] .Python.StarTarget                      c ¦
                                      [0] .Python.Expr.Atom                     c ¦
                                        [0] .identifier                         ｢c｣
                                  [1] .Python.Expr.Atom                         GREETING¦
                                    [0] .identifier                             ｢GREETING｣
          [5] .Python.Stmt                                                      lazy  ... res)<NEWLINE>¦
            [0] .Python.Stmt.Simples                                            lazy  ... res)<NEWLINE>¦
              [0] .Python.Stmt.Simple                                           lazy  ... ares)¦
                [0] .Python.Stmt.Assignment                                     lazy  ... ares)¦
                  [0] .Python.Stmt.Assignment.Plain                             lazy  ... ares)¦
                    [0] .Python.StarTargets                                     lazy ¦
                      [0] .Python.StarTarget                                    lazy ¦
                        [0] .Python.Expr.Atom                                   lazy ¦
                          [0] .identifier                                       ｢lazy｣
                    [1] .Python.Stmt.Assignment.Rhs                             (y fo ... ares)¦
                      [0] .Python.StarExprs                                     (y fo ... ares)¦
                        [0] .Python.StarExpr                                    (y fo ... ares)¦
                          [0] .Python.Expr.Atom                                 (y fo ... ares)¦
                            [0] .Python.Expr.GenExp                             (y fo ... ares)¦
                              [0] .Python.Expr.Named                            y ¦
                                [0] .Python.Expr.Atom                           y ¦
                                  [0] .identifier                               ｢y｣
                              [1] .Python.ForIfClauses                          for y ... uares¦
                                [0] .Python.ForIfClause                         for y ... uares¦
                                  [0] .Python.StarTargets                       y ¦
                                    [0] .Python.StarTarget                      y ¦
                                      [0] .Python.Expr.Atom                     y ¦
                                        [0] .identifier                         ｢y｣
                                  [1] .Python.Expr.Atom                         squares¦
                                    [0] .identifier                             ｢squares｣
          [6] .Python.Stmt                                                      neste ... = b]<NEWLINE>¦
            [0] .Python.Stmt.Simples                                            neste ... = b]<NEWLINE>¦
              [0] .Python.Stmt.Simple                                           neste ... != b]¦
                [0] .Python.Stmt.Assignment                                     neste ... != b]¦
                  [0] .Python.Stmt.Assignment.Plain                             neste ... != b]¦
                    [0] .Python.StarTargets                                     nested ¦
                      [0] .Python.StarTarget                                    nested ¦
                        [0] .Python.Expr.Atom                                   nested ¦
                          [0] .identifier                                       ｢nested｣
                    [1] .Python.Stmt.Assignment.Rhs                             [(a,  ... != b]¦
                      [0] .Python.StarExprs                                     [(a,  ... != b]¦
                        [0] .Python.StarExpr                                    [(a,  ... != b]¦
                          [0] .Python.Expr.Atom                                 [(a,  ... != b]¦
                            [0] .Python.Expr.ListComp                           [(a,  ... != b]¦
                              [0] .Python.Expr.Named                            (a, b) ¦
                                [0] .Python.Expr.Atom                           (a, b) ¦
                                  [0] .Python.Expr.Tuple                        (a, b) ¦
                                    [0] .Python.StarNamedExprs                  a, b¦
                                      [0] .Python.StarNamedExpr                 a¦
                                        [0] .Python.Expr.Named                  a¦
                                          [0] .Python.Expr.Atom                 a¦
                                            [0] .identifier                     ｢a｣
                                      [1] .Python.StarNamedExpr                 b¦
                                        [0] .Python.Expr.Named                  b¦
                                          [0] .Python.Expr.Atom                 b¦
                                            [0] .identifier                     ｢b｣
                              [1] .Python.ForIfClauses                          for a ...  != b¦
                                [0] .Python.ForIfClause                         for a ... e(3) ¦
                                  [0] .Python.StarTargets                       a ¦
                                    [0] .Python.StarTarget                      a ¦
                                      [0] .Python.Expr.Atom                     a ¦
                                        [0] .identifier                         ｢a｣
                                  [1] .Python.Expr.Primary.(                    range(3) ¦
                                    [0] .Python.Expr.Atom                       range¦
                                      [0] .identifier                           ｢range｣
                                    [1] .Python.Arguments                       3¦
                                      [0] .Python.Argument                      3¦
                                        [0] .Python.Expr.Named                  3¦
                                          [0] .Python.Expr.Atom                 3¦
                                            [0] .Python.number                  ｢3｣
                                              [0] .number                       ｢3｣
                                                [0] .number.integer             ｢3｣
                                                  [0] .number.integer.decimal   ｢3｣
                                                    [0] .number.unsigned.integer.decimal ｢3｣
                                [1] .Python.ForIfClause                         for b ...  != b¦
                                  [0] .Python.StarTargets                       b ¦
                                    [0] .Python.StarTarget                      b ¦
                                      [0] .Python.Expr.Atom                     b ¦
                                        [0] .identifier                         ｢b｣
                                  [1] .Python.Expr.Primary.(                    range(3) ¦
                                    [0] .Python.Expr.Atom                       range¦
                                      [0] .identifier                           ｢range｣
                                    [1] .Python.Arguments                       3¦
                                      [0] .Python.Argument                      3¦
                                        [0] .Python.Expr.Named                  3¦
                                          [0] .Python.Expr.Atom                 3¦
                                            [0] .Python.number                  ｢3｣
                                              [0] .number                       ｢3｣
                                                [0] .number.integer             ｢3｣
                                                  [0] .number.integer.decimal   ｢3｣
                                                    [0] .number.unsigned.integer.decimal ｢3｣
                                  [2] .Python.Expr.Comparison.!=                a != b¦
                                    [0] .Python.Expr.Atom                       a ¦
                                      [0] .identifier                           ｢a｣
                                    [1] .Python.Expr.Atom                       b¦
                                      [0] .identifier                           ｢b｣
          [7] .Python.Stmt                                                      retur ... ed<NEWLINE><NEWLINE><NEWLINE>¦
            [0] .Python.Stmt.Simples                                            retur ... ed<NEWLINE><NEWLINE><NEWLINE>¦
              [0] .Python.Stmt.Simple                                           retur ... ested¦
                [0] .Python.Stmt.Return                                         retur ... ested¦
                  [0] .Python.StarExprs                                         table ... ested¦
                    [0] .Python.StarExpr                                        table¦
                      [0] .Python.Expr.Atom                                     table¦
                        [0] .identifier                                         ｢table｣
                    [1] .Python.StarExpr                                        squares¦
                      [0] .Python.Expr.Atom                                     squares¦
                        [0] .identifier                                         ｢squares｣
                    [2] .Python.StarExpr                                        pairs¦
                      [0] .Python.Expr.Atom                                     pairs¦
                        [0] .identifier                                         ｢pairs｣
                    [3] .Python.StarExpr                                        uniq¦
                      [0] .Python.Expr.Atom                                     uniq¦
                        [0] .identifier                                         ｢uniq｣
                    [4] .Python.StarExpr                                        lazy¦
                      [0] .Python.Expr.Atom                                     lazy¦
                        [0] .identifier                                         ｢lazy｣
                    [5] .Python.StarExpr                                        nested¦
                      [0] .Python.Expr.Atom                                     nested¦
                        [0] .identifier                                         ｢nested｣
  [21] .Python.Stmt                                                             def e ... a<NEWLINE><NEWLINE><NEWLINE><DEDENT>¦
    [0] .Python.Stmt.Compound                                                   def e ... a<NEWLINE><NEWLINE><NEWLINE><DEDENT>¦
      [0] .Python.Stmt.Function                                                 def e ... a<NEWLINE><NEWLINE><NEWLINE><DEDENT>¦
        [0] .identifier                                                         ｢exceptional｣
        [1] .Python.TypeParams                                                  ¦
        [2] .Python.Stmt.Function.Params                                        path¦
          [0] .Python.Stmt.Function.Param                                       path¦
            [0] .Python.Stmt.Function.ParamDef                                  path¦
              [0] .identifier                                                   ｢path｣
        [3] .Python.Stmt.Block                                                  <NEWLINE><INDENT>try ... a<NEWLINE><NEWLINE><NEWLINE><DEDENT>¦
          [0] .Python.Stmt                                                      try:<NEWLINE> ... one<NEWLINE><DEDENT>¦
            [0] .Python.Stmt.Compound                                           try:<NEWLINE> ... one<NEWLINE><DEDENT>¦
              [0] .Python.Stmt.Try                                              try:<NEWLINE> ... one<NEWLINE><DEDENT>¦
                [0] .Python.Stmt.Block                                          <NEWLINE><INDENT>han ... th)<NEWLINE><DEDENT>¦
                  [0] .Python.Stmt                                              handl ... ath)<NEWLINE>¦
                    [0] .Python.Stmt.Simples                                    handl ... ath)<NEWLINE>¦
                      [0] .Python.Stmt.Simple                                   handl ... path)¦
                        [0] .Python.Stmt.Assignment                             handl ... path)¦
                          [0] .Python.Stmt.Assignment.Plain                     handl ... path)¦
                            [0] .Python.StarTargets                             handle ¦
                              [0] .Python.StarTarget                            handle ¦
                                [0] .Python.Expr.Atom                           handle ¦
                                  [0] .identifier                               ｢handle｣
                            [1] .Python.Stmt.Assignment.Rhs                     open(path)¦
                              [0] .Python.StarExprs                             open(path)¦
                                [0] .Python.StarExpr                            open(path)¦
                                  [0] .Python.Expr.Primary.(                    open(path)¦
                                    [0] .Python.Expr.Atom                       open¦
                                      [0] .identifier                           ｢open｣
                                    [1] .Python.Arguments                       path¦
                                      [0] .Python.Argument                      path¦
                                        [0] .Python.Expr.Named                  path¦
                                          [0] .Python.Expr.Atom                 path¦
                                            [0] .identifier                     ｢path｣
                [1] .Python.Stmt.Try.Except                                     excep ... exc<NEWLINE><DEDENT>¦
                  [0] .Python.Expr.Atom                                         FileN ... rror ¦
                    [0] .identifier                                             ｢FileNotFoundError｣
                  [1] .identifier                                               ｢exc｣
                  [2] .Python.Stmt.Block                                        <NEWLINE><INDENT>rai ... exc<NEWLINE><DEDENT>¦
                    [0] .Python.Stmt                                            raise ...  exc<NEWLINE>¦
                      [0] .Python.Stmt.Simples                                  raise ...  exc<NEWLINE>¦
                        [0] .Python.Stmt.Simple                                 raise ... m exc¦
                          [0] .Python.Stmt.Raise                                raise ... m exc¦
                            [0] .Python.Expr.Primary.(                          Runti ... ng\") ¦
                              [0] .Python.Expr.Atom                             Runti ... Error¦
                                [0] .identifier                                 ｢RuntimeError｣
                              [1] .Python.Arguments                             \"missing\"¦
                                [0] .Python.Argument                            \"missing\"¦
                                  [0] .Python.Expr.Named                        \"missing\"¦
                                    [0] .Python.Expr.Atom                       \"missing\"¦
                                      [0] .Python.Strings                       \"missing\"¦
                                        [0] .string                             ｢"missing"｣
                            [1] .Python.Expr.Atom                               exc¦
                              [0] .identifier                                   ｢exc｣
                [2] .Python.Stmt.Try.Except                                     excep ... one<NEWLINE><DEDENT>¦
                  [0] .Python.Expr.Atom                                         (OSEr ... rror)¦
                    [0] .Python.Expr.Tuple                                      (OSEr ... rror)¦
                      [0] .Python.StarNamedExprs                                OSErr ... Error¦
                        [0] .Python.StarNamedExpr                               OSError¦
                          [0] .Python.Expr.Named                                OSError¦
                            [0] .Python.Expr.Atom                               OSError¦
                              [0] .identifier                                   ｢OSError｣
                        [1] .Python.StarNamedExpr                               ValueError¦
                          [0] .Python.Expr.Named                                ValueError¦
                            [0] .Python.Expr.Atom                               ValueError¦
                              [0] .identifier                                   ｢ValueError｣
                  [1] .Python.Stmt.Block                                        <NEWLINE><INDENT>ret ... one<NEWLINE><DEDENT>¦
                    [0] .Python.Stmt                                            retur ... None<NEWLINE>¦
                      [0] .Python.Stmt.Simples                                  retur ... None<NEWLINE>¦
                        [0] .Python.Stmt.Simple                                 retur ...  None¦
                          [0] .Python.Stmt.Return                               retur ...  None¦
                            [0] .Python.StarExprs                               None¦
                              [0] .Python.StarExpr                              None¦
                                [0] .Python.Expr.Atom                           None¦
                                  [0] .Python.builtinLiteral                    ｢None｣
                [3] .Python.Stmt.Try.Except                                     excep ... ise<NEWLINE><DEDENT>¦
                  [0] .Python.Stmt.Block                                        <NEWLINE><INDENT>raise<NEWLINE><DEDENT>¦
                    [0] .Python.Stmt                                            raise<NEWLINE>¦
                      [0] .Python.Stmt.Simples                                  raise<NEWLINE>¦
                        [0] .Python.Stmt.Simple                                 raise¦
                          [0] .Python.Stmt.Raise                                raise¦
                [4] .Python.Stmt.Else                                           else: ... d()<NEWLINE><DEDENT>¦
                  [0] .Python.Stmt.Block                                        <NEWLINE><INDENT>dat ... d()<NEWLINE><DEDENT>¦
                    [0] .Python.Stmt                                            data  ... ad()<NEWLINE>¦
                      [0] .Python.Stmt.Simples                                  data  ... ad()<NEWLINE>¦
                        [0] .Python.Stmt.Simple                                 data  ... ead()¦
                          [0] .Python.Stmt.Assignment                           data  ... ead()¦
                            [0] .Python.Stmt.Assignment.Plain                   data  ... ead()¦
                              [0] .Python.StarTargets                           data ¦
                                [0] .Python.StarTarget                          data ¦
                                  [0] .Python.Expr.Atom                         data ¦
                                    [0] .identifier                             ｢data｣
                              [1] .Python.Stmt.Assignment.Rhs                   handl ... ead()¦
                                [0] .Python.StarExprs                           handl ... ead()¦
                                  [0] .Python.StarExpr                          handl ... ead()¦
                                    [0] .Python.Expr.Primary.(                  handl ... ead()¦
                                      [0] .Python.Expr.Primary..                handl ... .read¦
                                        [0] .Python.Expr.Atom                   handle¦
                                          [0] .identifier                       ｢handle｣
                                        [1] .Python.Expr.Atom                   read¦
                                          [0] .identifier                       ｢read｣
                                      [1] .Python.Arguments                     ¦
                [5] .Python.Stmt.Try.Finally                                    final ... one<NEWLINE><DEDENT>¦
                  [0] .Python.Stmt.Block                                        <NEWLINE><INDENT>han ... one<NEWLINE><DEDENT>¦
                    [0] .Python.Stmt                                            handl ... None<NEWLINE>¦
                      [0] .Python.Stmt.Simples                                  handl ... None<NEWLINE>¦
                        [0] .Python.Stmt.Simple                                 handl ...  None¦
                          [0] .Python.Stmt.Assignment                           handl ...  None¦
                            [0] .Python.Stmt.Assignment.Plain                   handl ...  None¦
                              [0] .Python.StarTargets                           handle ¦
                                [0] .Python.StarTarget                          handle ¦
                                  [0] .Python.Expr.Atom                         handle ¦
                                    [0] .identifier                             ｢handle｣
                              [1] .Python.Stmt.Assignment.Rhs                   None¦
                                [0] .Python.StarExprs                           None¦
                                  [0] .Python.StarExpr                          None¦
                                    [0] .Python.Expr.Atom                       None¦
                                      [0] .Python.builtinLiteral                ｢None｣
          [1] .Python.Stmt                                                      try:<NEWLINE> ... ass<NEWLINE><DEDENT>¦
            [0] .Python.Stmt.Compound                                           try:<NEWLINE> ... ass<NEWLINE><DEDENT>¦
              [0] .Python.Stmt.Try                                              try:<NEWLINE> ... ass<NEWLINE><DEDENT>¦
                [0] .Python.Stmt.Block                                          <NEWLINE><INDENT>pass<NEWLINE><DEDENT>¦
                  [0] .Python.Stmt                                              pass<NEWLINE>¦
                    [0] .Python.Stmt.Simples                                    pass<NEWLINE>¦
                      [0] .Python.Stmt.Simple                                   pass¦
                        [0] .Python.Stmt.Pass                                   pass¦
                [1] .Python.Stmt.Try.Except                                     excep ... ass<NEWLINE><DEDENT>¦
                  [0] .Python.star                                              ｢*｣
                  [1] .Python.Expr.Atom                                         TypeError ¦
                    [0] .identifier                                             ｢TypeError｣
                  [2] .identifier                                               ｢group｣
                  [3] .Python.Stmt.Block                                        <NEWLINE><INDENT>pass<NEWLINE><DEDENT>¦
                    [0] .Python.Stmt                                            pass<NEWLINE>¦
                      [0] .Python.Stmt.Simples                                  pass<NEWLINE>¦
                        [0] .Python.Stmt.Simple                                 pass¦
                          [0] .Python.Stmt.Pass                                 pass¦
          [2] .Python.Stmt                                                      with  ... es\"<NEWLINE><DEDENT>¦
            [0] .Python.Stmt.Compound                                           with  ... es\"<NEWLINE><DEDENT>¦
              [0] .Python.Stmt.With                                             with  ... es\"<NEWLINE><DEDENT>¦
                [0] .Python.Stmt.With.Items                                     open( ... s raw¦
                  [0] .Python.Stmt.With.Item                                    open( ... andle¦
                    [0] .Python.Expr.Primary.(                                  open( ... ath) ¦
                      [0] .Python.Expr.Atom                                     open¦
                        [0] .identifier                                         ｢open｣
                      [1] .Python.Arguments                                     path¦
                        [0] .Python.Argument                                    path¦
                          [0] .Python.Expr.Named                                path¦
                            [0] .Python.Expr.Atom                               path¦
                              [0] .identifier                                   ｢path｣
                    [1] .Python.StarTarget                                      handle¦
                      [0] .Python.Expr.Atom                                     handle¦
                        [0] .identifier                                         ｢handle｣
                  [1] .Python.Stmt.With.Item                                    open( ... s raw¦
                    [0] .Python.Expr.Primary.(                                  open( ... rb\") ¦
                      [0] .Python.Expr.Atom                                     open¦
                        [0] .identifier                                         ｢open｣
                      [1] .Python.Arguments                                     path, \"rb\"¦
                        [0] .Python.Argument                                    path¦
                          [0] .Python.Expr.Named                                path¦
                            [0] .Python.Expr.Atom                               path¦
                              [0] .identifier                                   ｢path｣
                        [1] .Python.Argument                                    \"rb\"¦
                          [0] .Python.Expr.Named                                \"rb\"¦
                            [0] .Python.Expr.Atom                               \"rb\"¦
                              [0] .Python.Strings                               \"rb\"¦
                                [0] .string                                     ｢"rb"｣
                    [1] .Python.StarTarget                                      raw¦
                      [0] .Python.Expr.Atom                                     raw¦
                        [0] .identifier                                         ｢raw｣
                [1] .Python.Stmt.Block                                          <NEWLINE><INDENT>ass ... es\"<NEWLINE><DEDENT>¦
                  [0] .Python.Stmt                                              asser ... les\"<NEWLINE>¦
                    [0] .Python.Stmt.Simples                                    asser ... les\"<NEWLINE>¦
                      [0] .Python.Stmt.Simple                                   asser ... dles\"¦
                        [0] .Python.Stmt.Assert                                 asser ... dles\"¦
                          [0] .Python.Expr.Comparison.is not                    handl ... t raw¦
                            [0] .Python.Expr.Atom                               handle ¦
                              [0] .identifier                                   ｢handle｣
                            [1] .Python.Expr.Atom                               raw¦
                              [0] .identifier                                   ｢raw｣
                          [1] .Python.Expr.Atom                                 \"dist ... dles\"¦
                            [0] .Python.Strings                                 \"dist ... dles\"¦
                              [0] .string                                       ｢"distinct handles"｣
          [3] .Python.Stmt                                                      with  ... ass<NEWLINE><DEDENT>¦
            [0] .Python.Stmt.Compound                                           with  ... ass<NEWLINE><DEDENT>¦
              [0] .Python.Stmt.With                                             with  ... ass<NEWLINE><DEDENT>¦
                [0] .Python.Stmt.With.Items                                     (open ... cond)¦
                  [0] .Python.Stmt.With.Item                                    open( ... first¦
                    [0] .Python.Expr.Primary.(                                  open( ... ath) ¦
                      [0] .Python.Expr.Atom                                     open¦
                        [0] .identifier                                         ｢open｣
                      [1] .Python.Arguments                                     path¦
                        [0] .Python.Argument                                    path¦
                          [0] .Python.Expr.Named                                path¦
                            [0] .Python.Expr.Atom                               path¦
                              [0] .identifier                                   ｢path｣
                    [1] .Python.StarTarget                                      first¦
                      [0] .Python.Expr.Atom                                     first¦
                        [0] .identifier                                         ｢first｣
                  [1] .Python.Stmt.With.Item                                    open( ... econd¦
                    [0] .Python.Expr.Primary.(                                  open( ... ath) ¦
                      [0] .Python.Expr.Atom                                     open¦
                        [0] .identifier                                         ｢open｣
                      [1] .Python.Arguments                                     path¦
                        [0] .Python.Argument                                    path¦
                          [0] .Python.Expr.Named                                path¦
                            [0] .Python.Expr.Atom                               path¦
                              [0] .identifier                                   ｢path｣
                    [1] .Python.StarTarget                                      second¦
                      [0] .Python.Expr.Atom                                     second¦
                        [0] .identifier                                         ｢second｣
                [1] .Python.Stmt.Block                                          <NEWLINE><INDENT>pass<NEWLINE><DEDENT>¦
                  [0] .Python.Stmt                                              pass<NEWLINE>¦
                    [0] .Python.Stmt.Simples                                    pass<NEWLINE>¦
                      [0] .Python.Stmt.Simple                                   pass¦
                        [0] .Python.Stmt.Pass                                   pass¦
          [4] .Python.Stmt                                                      retur ... ta<NEWLINE><NEWLINE><NEWLINE>¦
            [0] .Python.Stmt.Simples                                            retur ... ta<NEWLINE><NEWLINE><NEWLINE>¦
              [0] .Python.Stmt.Simple                                           retur ...  data¦
                [0] .Python.Stmt.Return                                         retur ...  data¦
                  [0] .Python.StarExprs                                         data¦
                    [0] .Python.StarExpr                                        data¦
                      [0] .Python.Expr.Atom                                     data¦
                        [0] .identifier                                         ｢data｣
  [22] .Python.Stmt                                                             def s ... p<NEWLINE><NEWLINE><NEWLINE><DEDENT>¦
    [0] .Python.Stmt.Compound                                                   def s ... p<NEWLINE><NEWLINE><NEWLINE><DEDENT>¦
      [0] .Python.Stmt.Function                                                 def s ... p<NEWLINE><NEWLINE><NEWLINE><DEDENT>¦
        [0] .identifier                                                         ｢scoping｣
        [1] .Python.TypeParams                                                  ¦
        [2] .Python.Stmt.Function.Params                                        ¦
        [3] .Python.Stmt.Block                                                  <NEWLINE><INDENT>glo ... p<NEWLINE><NEWLINE><NEWLINE><DEDENT>¦
          [0] .Python.Stmt                                                      globa ... TING<NEWLINE>¦
            [0] .Python.Stmt.Simples                                            globa ... TING<NEWLINE>¦
              [0] .Python.Stmt.Simple                                           globa ... ETING¦
                [0] .Python.Stmt.Global                                         globa ... ETING¦
                  [0] .identifier                                               ｢GREETING｣
          [1] .Python.Stmt                                                      count ... = 0<NEWLINE><NEWLINE>¦
            [0] .Python.Stmt.Simples                                            count ... = 0<NEWLINE><NEWLINE>¦
              [0] .Python.Stmt.Simple                                           count ... r = 0¦
                [0] .Python.Stmt.Assignment                                     count ... r = 0¦
                  [0] .Python.Stmt.Assignment.Plain                             count ... r = 0¦
                    [0] .Python.StarTargets                                     counter ¦
                      [0] .Python.StarTarget                                    counter ¦
                        [0] .Python.Expr.Atom                                   counter ¦
                          [0] .identifier                                       ｢counter｣
                    [1] .Python.Stmt.Assignment.Rhs                             0¦
                      [0] .Python.StarExprs                                     0¦
                        [0] .Python.StarExpr                                    0¦
                          [0] .Python.Expr.Atom                                 0¦
                            [0] .Python.number                                  ｢0｣
                              [0] .number                                       ｢0｣
                                [0] .number.integer                             ｢0｣
                                  [0] .number.integer.decimal                   ｢0｣
                                    [0] .number.unsigned.integer.decimal        ｢0｣
          [2] .Python.Stmt                                                      def b ... er<NEWLINE><NEWLINE><DEDENT>¦
            [0] .Python.Stmt.Compound                                           def b ... er<NEWLINE><NEWLINE><DEDENT>¦
              [0] .Python.Stmt.Function                                         def b ... er<NEWLINE><NEWLINE><DEDENT>¦
                [0] .identifier                                                 ｢bump｣
                [1] .Python.TypeParams                                          ¦
                [2] .Python.Stmt.Function.Params                                ¦
                [3] .Python.Stmt.Block                                          <NEWLINE><INDENT>non ... er<NEWLINE><NEWLINE><DEDENT>¦
                  [0] .Python.Stmt                                              nonlo ... nter<NEWLINE>¦
                    [0] .Python.Stmt.Simples                                    nonlo ... nter<NEWLINE>¦
                      [0] .Python.Stmt.Simple                                   nonlo ... unter¦
                        [0] .Python.Stmt.Nonlocal                               nonlo ... unter¦
                          [0] .identifier                                       ｢counter｣
                  [1] .Python.Stmt                                              count ... += 1<NEWLINE>¦
                    [0] .Python.Stmt.Simples                                    count ... += 1<NEWLINE>¦
                      [0] .Python.Stmt.Simple                                   count ...  += 1¦
                        [0] .Python.Stmt.Assignment                             count ...  += 1¦
                          [0] .Python.Stmt.Assignment.Augmented                 count ...  += 1¦
                            [0] .Python.Expr.Atom                               counter ¦
                              [0] .identifier                                   ｢counter｣
                            [1] .Python.Stmt.Assignment.augassign               ｢+=｣
                            [2] .Python.Stmt.Assignment.Rhs                     1¦
                              [0] .Python.StarExprs                             1¦
                                [0] .Python.StarExpr                            1¦
                                  [0] .Python.Expr.Atom                         1¦
                                    [0] .Python.number                          ｢1｣
                                      [0] .number                               ｢1｣
                                        [0] .number.integer                     ｢1｣
                                          [0] .number.integer.decimal           ｢1｣
                                            [0] .number.unsigned.integer.decimal ｢1｣
                  [2] .Python.Stmt                                              retur ... ter<NEWLINE><NEWLINE>¦
                    [0] .Python.Stmt.Simples                                    retur ... ter<NEWLINE><NEWLINE>¦
                      [0] .Python.Stmt.Simple                                   retur ... unter¦
                        [0] .Python.Stmt.Return                                 retur ... unter¦
                          [0] .Python.StarExprs                                 counter¦
                            [0] .Python.StarExpr                                counter¦
                              [0] .Python.Expr.Atom                             counter¦
                                [0] .identifier                                 ｢counter｣
          [3] .Python.Stmt                                                      retur ... mp<NEWLINE><NEWLINE><NEWLINE>¦
            [0] .Python.Stmt.Simples                                            retur ... mp<NEWLINE><NEWLINE><NEWLINE>¦
              [0] .Python.Stmt.Simple                                           retur ...  bump¦
                [0] .Python.Stmt.Return                                         retur ...  bump¦
                  [0] .Python.StarExprs                                         bump¦
                    [0] .Python.StarExpr                                        bump¦
                      [0] .Python.Expr.Atom                                     bump¦
                        [0] .identifier                                         ｢bump｣
  [23] .Python.Stmt                                                             def s ... h<NEWLINE><NEWLINE><NEWLINE><DEDENT>¦
    [0] .Python.Stmt.Compound                                                   def s ... h<NEWLINE><NEWLINE><NEWLINE><DEDENT>¦
      [0] .Python.Stmt.Function                                                 def s ... h<NEWLINE><NEWLINE><NEWLINE><DEDENT>¦
        [0] .identifier                                                         ｢slicing｣
        [1] .Python.TypeParams                                                  ¦
        [2] .Python.Stmt.Function.Params                                        seq¦
          [0] .Python.Stmt.Function.Param                                       seq¦
            [0] .Python.Stmt.Function.ParamDef                                  seq¦
              [0] .identifier                                                   ｢seq｣
        [3] .Python.Stmt.Block                                                  <NEWLINE><INDENT>hea ... h<NEWLINE><NEWLINE><NEWLINE><DEDENT>¦
          [0] .Python.Stmt                                                      head  ... q[0]<NEWLINE>¦
            [0] .Python.Stmt.Simples                                            head  ... q[0]<NEWLINE>¦
              [0] .Python.Stmt.Simple                                           head  ... eq[0]¦
                [0] .Python.Stmt.Assignment                                     head  ... eq[0]¦
                  [0] .Python.Stmt.Assignment.Plain                             head  ... eq[0]¦
                    [0] .Python.StarTargets                                     head ¦
                      [0] .Python.StarTarget                                    head ¦
                        [0] .Python.Expr.Atom                                   head ¦
                          [0] .identifier                                       ｢head｣
                    [1] .Python.Stmt.Assignment.Rhs                             seq[0]¦
                      [0] .Python.StarExprs                                     seq[0]¦
                        [0] .Python.StarExpr                                    seq[0]¦
                          [0] .Python.Expr.Primary.[                            seq[0]¦
                            [0] .Python.Expr.Atom                               seq¦
                              [0] .identifier                                   ｢seq｣
                            [1] .Python.Expr.Slices                             0¦
                              [0] .Python.Expr.Slice                            0¦
                                [0] .Python.Expr.Named                          0¦
                                  [0] .Python.Expr.Atom                         0¦
                                    [0] .Python.number                          ｢0｣
                                      [0] .number                               ｢0｣
                                        [0] .number.integer                     ｢0｣
                                          [0] .number.integer.decimal           ｢0｣
                                            [0] .number.unsigned.integer.decimal ｢0｣
          [1] .Python.Stmt                                                      tail  ... [1:]<NEWLINE>¦
            [0] .Python.Stmt.Simples                                            tail  ... [1:]<NEWLINE>¦
              [0] .Python.Stmt.Simple                                           tail  ... q[1:]¦
                [0] .Python.Stmt.Assignment                                     tail  ... q[1:]¦
                  [0] .Python.Stmt.Assignment.Plain                             tail  ... q[1:]¦
                    [0] .Python.StarTargets                                     tail ¦
                      [0] .Python.StarTarget                                    tail ¦
                        [0] .Python.Expr.Atom                                   tail ¦
                          [0] .identifier                                       ｢tail｣
                    [1] .Python.Stmt.Assignment.Rhs                             seq[1:]¦
                      [0] .Python.StarExprs                                     seq[1:]¦
                        [0] .Python.StarExpr                                    seq[1:]¦
                          [0] .Python.Expr.Primary.[                            seq[1:]¦
                            [0] .Python.Expr.Atom                               seq¦
                              [0] .identifier                                   ｢seq｣
                            [1] .Python.Expr.Slices                             1:¦
                              [0] .Python.Expr.Slice                            1:¦
                                [0] .Python.Expr.Atom                           1¦
                                  [0] .Python.number                            ｢1｣
                                    [0] .number                                 ｢1｣
                                      [0] .number.integer                       ｢1｣
                                        [0] .number.integer.decimal             ｢1｣
                                          [0] .number.unsigned.integer.decimal  ｢1｣
          [2] .Python.Stmt                                                      body  ... :-1]<NEWLINE>¦
            [0] .Python.Stmt.Simples                                            body  ... :-1]<NEWLINE>¦
              [0] .Python.Stmt.Simple                                           body  ... 1:-1]¦
                [0] .Python.Stmt.Assignment                                     body  ... 1:-1]¦
                  [0] .Python.Stmt.Assignment.Plain                             body  ... 1:-1]¦
                    [0] .Python.StarTargets                                     body ¦
                      [0] .Python.StarTarget                                    body ¦
                        [0] .Python.Expr.Atom                                   body ¦
                          [0] .identifier                                       ｢body｣
                    [1] .Python.Stmt.Assignment.Rhs                             seq[1:-1]¦
                      [0] .Python.StarExprs                                     seq[1:-1]¦
                        [0] .Python.StarExpr                                    seq[1:-1]¦
                          [0] .Python.Expr.Primary.[                            seq[1:-1]¦
                            [0] .Python.Expr.Atom                               seq¦
                              [0] .identifier                                   ｢seq｣
                            [1] .Python.Expr.Slices                             1:-1¦
                              [0] .Python.Expr.Slice                            1:-1¦
                                [0] .Python.Expr.Atom                           1¦
                                  [0] .Python.number                            ｢1｣
                                    [0] .number                                 ｢1｣
                                      [0] .number.integer                       ｢1｣
                                        [0] .number.integer.decimal             ｢1｣
                                          [0] .number.unsigned.integer.decimal  ｢1｣
                                [1] .Python.Expr.Unary.-                        -1¦
                                  [0] .Python.Expr.Atom                         1¦
                                    [0] .Python.number                          ｢1｣
                                      [0] .number                               ｢1｣
                                        [0] .number.integer                     ｢1｣
                                          [0] .number.integer.decimal           ｢1｣
                                            [0] .number.unsigned.integer.decimal ｢1｣
          [3] .Python.Stmt                                                      every ... ::2]<NEWLINE>¦
            [0] .Python.Stmt.Simples                                            every ... ::2]<NEWLINE>¦
              [0] .Python.Stmt.Simple                                           every ... [::2]¦
                [0] .Python.Stmt.Assignment                                     every ... [::2]¦
                  [0] .Python.Stmt.Assignment.Plain                             every ... [::2]¦
                    [0] .Python.StarTargets                                     every ¦
                      [0] .Python.StarTarget                                    every ¦
                        [0] .Python.Expr.Atom                                   every ¦
                          [0] .identifier                                       ｢every｣
                    [1] .Python.Stmt.Assignment.Rhs                             seq[::2]¦
                      [0] .Python.StarExprs                                     seq[::2]¦
                        [0] .Python.StarExpr                                    seq[::2]¦
                          [0] .Python.Expr.Primary.[                            seq[::2]¦
                            [0] .Python.Expr.Atom                               seq¦
                              [0] .identifier                                   ｢seq｣
                            [1] .Python.Expr.Slices                             ::2¦
                              [0] .Python.Expr.Slice                            ::2¦
                                [0] .Python.Expr.Atom                           2¦
                                  [0] .Python.number                            ｢2｣
                                    [0] .number                                 ｢2｣
                                      [0] .number.integer                       ｢2｣
                                        [0] .number.integer.decimal             ｢2｣
                                          [0] .number.unsigned.integer.decimal  ｢2｣
          [4] .Python.Stmt                                                      windo ... 5:2]<NEWLINE>¦
            [0] .Python.Stmt.Simples                                            windo ... 5:2]<NEWLINE>¦
              [0] .Python.Stmt.Simple                                           windo ... :5:2]¦
                [0] .Python.Stmt.Assignment                                     windo ... :5:2]¦
                  [0] .Python.Stmt.Assignment.Plain                             windo ... :5:2]¦
                    [0] .Python.StarTargets                                     window ¦
                      [0] .Python.StarTarget                                    window ¦
                        [0] .Python.Expr.Atom                                   window ¦
                          [0] .identifier                                       ｢window｣
                    [1] .Python.Stmt.Assignment.Rhs                             seq[1:5:2]¦
                      [0] .Python.StarExprs                                     seq[1:5:2]¦
                        [0] .Python.StarExpr                                    seq[1:5:2]¦
                          [0] .Python.Expr.Primary.[                            seq[1:5:2]¦
                            [0] .Python.Expr.Atom                               seq¦
                              [0] .identifier                                   ｢seq｣
                            [1] .Python.Expr.Slices                             1:5:2¦
                              [0] .Python.Expr.Slice                            1:5:2¦
                                [0] .Python.Expr.Atom                           1¦
                                  [0] .Python.number                            ｢1｣
                                    [0] .number                                 ｢1｣
                                      [0] .number.integer                       ｢1｣
                                        [0] .number.integer.decimal             ｢1｣
                                          [0] .number.unsigned.integer.decimal  ｢1｣
                                [1] .Python.Expr.Atom                           5¦
                                  [0] .Python.number                            ｢5｣
                                    [0] .number                                 ｢5｣
                                      [0] .number.integer                       ｢5｣
                                        [0] .number.integer.decimal             ｢5｣
                                          [0] .number.unsigned.integer.decimal  ｢5｣
                                [2] .Python.Expr.Atom                           2¦
                                  [0] .Python.number                            ｢2｣
                                    [0] .number                                 ｢2｣
                                      [0] .number.integer                       ｢2｣
                                        [0] .number.integer.decimal             ｢2｣
                                          [0] .number.unsigned.integer.decimal  ｢2｣
          [5] .Python.Stmt                                                      grid  ... , 1]<NEWLINE>¦
            [0] .Python.Stmt.Simples                                            grid  ... , 1]<NEWLINE>¦
              [0] .Python.Stmt.Simple                                           grid  ... 0, 1]¦
                [0] .Python.Stmt.Assignment                                     grid  ... 0, 1]¦
                  [0] .Python.Stmt.Assignment.Plain                             grid  ... 0, 1]¦
                    [0] .Python.StarTargets                                     grid ¦
                      [0] .Python.StarTarget                                    grid ¦
                        [0] .Python.Expr.Atom                                   grid ¦
                          [0] .identifier                                       ｢grid｣
                    [1] .Python.Stmt.Assignment.Rhs                             seq[0, 1]¦
                      [0] .Python.StarExprs                                     seq[0, 1]¦
                        [0] .Python.StarExpr                                    seq[0, 1]¦
                          [0] .Python.Expr.Primary.[                            seq[0, 1]¦
                            [0] .Python.Expr.Atom                               seq¦
                              [0] .identifier                                   ｢seq｣
                            [1] .Python.Expr.Slices                             0, 1¦
                              [0] .Python.Expr.Slice                            0¦
                                [0] .Python.Expr.Named                          0¦
                                  [0] .Python.Expr.Atom                         0¦
                                    [0] .Python.number                          ｢0｣
                                      [0] .number                               ｢0｣
                                        [0] .number.integer                     ｢0｣
                                          [0] .number.integer.decimal           ｢0｣
                                            [0] .number.unsigned.integer.decimal ｢0｣
                              [1] .Python.Expr.Slice                            1¦
                                [0] .Python.Expr.Named                          1¦
                                  [0] .Python.Expr.Atom                         1¦
                                    [0] .Python.number                          ｢1｣
                                      [0] .number                               ｢1｣
                                        [0] .number.integer                     ｢1｣
                                          [0] .number.integer.decimal           ｢1｣
                                            [0] .number.unsigned.integer.decimal ｢1｣
          [6] .Python.Stmt                                                      both  ... :-1]<NEWLINE>¦
            [0] .Python.Stmt.Simples                                            both  ... :-1]<NEWLINE>¦
              [0] .Python.Stmt.Simple                                           both  ... ::-1]¦
                [0] .Python.Stmt.Assignment                                     both  ... ::-1]¦
                  [0] .Python.Stmt.Assignment.Plain                             both  ... ::-1]¦
                    [0] .Python.StarTargets                                     both ¦
                      [0] .Python.StarTarget                                    both ¦
                        [0] .Python.Expr.Atom                                   both ¦
                          [0] .identifier                                       ｢both｣
                    [1] .Python.Stmt.Assignment.Rhs                             seq[: ... ::-1]¦
                      [0] .Python.StarExprs                                     seq[: ... ::-1]¦
                        [0] .Python.StarExpr                                    seq[: ... ::-1]¦
                          [0] .Python.Expr.Primary.[                            seq[: ... ::-1]¦
                            [0] .Python.Expr.Atom                               seq¦
                              [0] .identifier                                   ｢seq｣
                            [1] .Python.Expr.Slices                             :, ::-1¦
                              [0] .Python.Expr.Slice                            :¦
                              [1] .Python.Expr.Slice                            ::-1¦
                                [0] .Python.Expr.Unary.-                        -1¦
                                  [0] .Python.Expr.Atom                         1¦
                                    [0] .Python.number                          ｢1｣
                                      [0] .number                               ｢1｣
                                        [0] .number.integer                     ｢1｣
                                          [0] .number.integer.decimal           ｢1｣
                                            [0] .number.unsigned.integer.decimal ｢1｣
          [7] .Python.Stmt                                                      retur ... th<NEWLINE><NEWLINE><NEWLINE>¦
            [0] .Python.Stmt.Simples                                            retur ... th<NEWLINE><NEWLINE><NEWLINE>¦
              [0] .Python.Stmt.Simple                                           retur ...  both¦
                [0] .Python.Stmt.Return                                         retur ...  both¦
                  [0] .Python.StarExprs                                         head, ...  both¦
                    [0] .Python.StarExpr                                        head¦
                      [0] .Python.Expr.Atom                                     head¦
                        [0] .identifier                                         ｢head｣
                    [1] .Python.StarExpr                                        tail¦
                      [0] .Python.Expr.Atom                                     tail¦
                        [0] .identifier                                         ｢tail｣
                    [2] .Python.StarExpr                                        body¦
                      [0] .Python.Expr.Atom                                     body¦
                        [0] .identifier                                         ｢body｣
                    [3] .Python.StarExpr                                        every¦
                      [0] .Python.Expr.Atom                                     every¦
                        [0] .identifier                                         ｢every｣
                    [4] .Python.StarExpr                                        window¦
                      [0] .Python.Expr.Atom                                     window¦
                        [0] .identifier                                         ｢window｣
                    [5] .Python.StarExpr                                        grid¦
                      [0] .Python.Expr.Atom                                     grid¦
                        [0] .identifier                                         ｢grid｣
                    [6] .Python.StarExpr                                        both¦
                      [0] .Python.Expr.Atom                                     both¦
                        [0] .identifier                                         ｢both｣
  [24] .Python.Stmt                                                             def l ... y<NEWLINE><NEWLINE><NEWLINE><DEDENT>¦
    [0] .Python.Stmt.Compound                                                   def l ... y<NEWLINE><NEWLINE><NEWLINE><DEDENT>¦
      [0] .Python.Stmt.Function                                                 def l ... y<NEWLINE><NEWLINE><NEWLINE><DEDENT>¦
        [0] .identifier                                                         ｢lambdas｣
        [1] .Python.TypeParams                                                  ¦
        [2] .Python.Stmt.Function.Params                                        ¦
        [3] .Python.Stmt.Block                                                  <NEWLINE><INDENT>add ... y<NEWLINE><NEWLINE><NEWLINE><DEDENT>¦
          [0] .Python.Stmt                                                      add = ...  + b<NEWLINE>¦
            [0] .Python.Stmt.Simples                                            add = ...  + b<NEWLINE>¦
              [0] .Python.Stmt.Simple                                           add = ... a + b¦
                [0] .Python.Stmt.Assignment                                     add = ... a + b¦
                  [0] .Python.Stmt.Assignment.Plain                             add = ... a + b¦
                    [0] .Python.StarTargets                                     add ¦
                      [0] .Python.StarTarget                                    add ¦
                        [0] .Python.Expr.Atom                                   add ¦
                          [0] .identifier                                       ｢add｣
                    [1] .Python.Stmt.Assignment.Rhs                             lambd ... a + b¦
                      [0] .Python.StarExprs                                     lambd ... a + b¦
                        [0] .Python.StarExpr                                    lambd ... a + b¦
                          [0] .Python.Expr.Lambda.lambda                        lambd ... a + b¦
                            [0] .Python.Expr.LambdaParams                       a, b¦
                              [0] .Python.Expr.LambdaParam                      a¦
                                [0] .Python.Expr.LambdaParamDef                 a¦
                                  [0] .identifier                               ｢a｣
                              [1] .Python.Expr.LambdaParam                      b¦
                                [0] .Python.Expr.LambdaParamDef                 b¦
                                  [0] .identifier                               ｢b｣
                            [1] .Python.Expr.Sum.+                              a + b¦
                              [0] .Python.Expr.Atom                             a ¦
                                [0] .identifier                                 ｢a｣
                              [1] .Python.Expr.Atom                             b¦
                                [0] .identifier                                 ｢b｣
          [1] .Python.Stmt                                                      const ... a: 0<NEWLINE>¦
            [0] .Python.Stmt.Simples                                            const ... a: 0<NEWLINE>¦
              [0] .Python.Stmt.Simple                                           const ... da: 0¦
                [0] .Python.Stmt.Assignment                                     const ... da: 0¦
                  [0] .Python.Stmt.Assignment.Plain                             const ... da: 0¦
                    [0] .Python.StarTargets                                     const ¦
                      [0] .Python.StarTarget                                    const ¦
                        [0] .Python.Expr.Atom                                   const ¦
                          [0] .identifier                                       ｢const｣
                    [1] .Python.Stmt.Assignment.Rhs                             lambda: 0¦
                      [0] .Python.StarExprs                                     lambda: 0¦
                        [0] .Python.StarExpr                                    lambda: 0¦
                          [0] .Python.Expr.Lambda.lambda                        lambda: 0¦
                            [0] .Python.Expr.LambdaParams                       ¦
                            [1] .Python.Expr.Atom                               0¦
                              [0] .Python.number                                ｢0｣
                                [0] .number                                     ｢0｣
                                  [0] .number.integer                           ｢0｣
                                    [0] .number.integer.decimal                 ｢0｣
                                      [0] .number.unsigned.integer.decimal      ｢0｣
          [2] .Python.Stmt                                                      starr ...  kw)<NEWLINE>¦
            [0] .Python.Stmt.Simples                                            starr ...  kw)<NEWLINE>¦
              [0] .Python.Stmt.Simple                                           starr ... , kw)¦
                [0] .Python.Stmt.Assignment                                     starr ... , kw)¦
                  [0] .Python.Stmt.Assignment.Plain                             starr ... , kw)¦
                    [0] .Python.StarTargets                                     starred ¦
                      [0] .Python.StarTarget                                    starred ¦
                        [0] .Python.Expr.Atom                                   starred ¦
                          [0] .identifier                                       ｢starred｣
                    [1] .Python.Stmt.Assignment.Rhs                             lambd ... , kw)¦
                      [0] .Python.StarExprs                                     lambd ... , kw)¦
                        [0] .Python.StarExpr                                    lambd ... , kw)¦
                          [0] .Python.Expr.Lambda.lambda                        lambd ... , kw)¦
                            [0] .Python.Expr.LambdaParams                       *a, **kw¦
                              [0] .Python.Expr.LambdaParam                      *a¦
                                [0] .Python.Expr.LambdaParamDef                 a¦
                                  [0] .identifier                               ｢a｣
                              [1] .Python.Expr.LambdaParam                      **kw¦
                                [0] .Python.Expr.LambdaParamDef                 kw¦
                                  [0] .identifier                               ｢kw｣
                            [1] .Python.Expr.Atom                               (a, kw)¦
                              [0] .Python.Expr.Tuple                            (a, kw)¦
                                [0] .Python.StarNamedExprs                      a, kw¦
                                  [0] .Python.StarNamedExpr                     a¦
                                    [0] .Python.Expr.Named                      a¦
                                      [0] .Python.Expr.Atom                     a¦
                                        [0] .identifier                         ｢a｣
                                  [1] .Python.StarNamedExpr                     kw¦
                                    [0] .Python.Expr.Named                      kw¦
                                      [0] .Python.Expr.Atom                     kw¦
                                        [0] .identifier                         ｢kw｣
          [3] .Python.Stmt                                                      terna ... all\"<NEWLINE>¦
            [0] .Python.Stmt.Simples                                            terna ... all\"<NEWLINE>¦
              [0] .Python.Stmt.Simple                                           terna ... mall\"¦
                [0] .Python.Stmt.Assignment                                     terna ... mall\"¦
                  [0] .Python.Stmt.Assignment.Plain                             terna ... mall\"¦
                    [0] .Python.StarTargets                                     ternary ¦
                      [0] .Python.StarTarget                                    ternary ¦
                        [0] .Python.Expr.Atom                                   ternary ¦
                          [0] .identifier                                       ｢ternary｣
                    [1] .Python.Stmt.Assignment.Rhs                             lambd ... mall\"¦
                      [0] .Python.StarExprs                                     lambd ... mall\"¦
                        [0] .Python.StarExpr                                    lambd ... mall\"¦
                          [0] .Python.Expr.Lambda.lambda                        lambd ... mall\"¦
                            [0] .Python.Expr.LambdaParams                       x¦
                              [0] .Python.Expr.LambdaParam                      x¦
                                [0] .Python.Expr.LambdaParamDef                 x¦
                                  [0] .identifier                               ｢x｣
                            [1] .Python.Expr.Conditional.if                     \"big\" ... mall\"¦
                              [0] .Python.Expr.Atom                             \"big\" ¦
                                [0] .Python.Strings                             \"big\" ¦
                                  [0] .string                                   ｢"big"｣
                              [1] .Python.Expr.Comparison.>                     x > 10 ¦
                                [0] .Python.Expr.Atom                           x ¦
                                  [0] .identifier                               ｢x｣
                                [1] .Python.Expr.Atom                           10 ¦
                                  [0] .Python.number                            ｢10｣
                                    [0] .number                                 ｢10｣
                                      [0] .number.integer                       ｢10｣
                                        [0] .number.integer.decimal             ｢10｣
                                          [0] .number.unsigned.integer.decimal  ｢10｣
                              [2] .Python.Expr.Atom                             \"small\"¦
                                [0] .Python.Strings                             \"small\"¦
                                  [0] .string                                   ｢"small"｣
          [4] .Python.Stmt                                                      retur ... ry<NEWLINE><NEWLINE><NEWLINE>¦
            [0] .Python.Stmt.Simples                                            retur ... ry<NEWLINE><NEWLINE><NEWLINE>¦
              [0] .Python.Stmt.Simple                                           retur ... rnary¦
                [0] .Python.Stmt.Return                                         retur ... rnary¦
                  [0] .Python.StarExprs                                         add,  ... rnary¦
                    [0] .Python.StarExpr                                        add¦
                      [0] .Python.Expr.Atom                                     add¦
                        [0] .identifier                                         ｢add｣
                    [1] .Python.StarExpr                                        const¦
                      [0] .Python.Expr.Atom                                     const¦
                        [0] .identifier                                         ｢const｣
                    [2] .Python.StarExpr                                        starred¦
                      [0] .Python.Expr.Atom                                     starred¦
                        [0] .identifier                                         ｢starred｣
                    [3] .Python.StarExpr                                        ternary¦
                      [0] .Python.Expr.Atom                                     ternary¦
                        [0] .identifier                                         ｢ternary｣
  [25] .Python.Stmt                                                             def f ... c<NEWLINE><NEWLINE><NEWLINE><DEDENT>¦
    [0] .Python.Stmt.Compound                                                   def f ... c<NEWLINE><NEWLINE><NEWLINE><DEDENT>¦
      [0] .Python.Stmt.Function                                                 def f ... c<NEWLINE><NEWLINE><NEWLINE><DEDENT>¦
        [0] .identifier                                                         ｢formatting｣
        [1] .Python.TypeParams                                                  ¦
        [2] .Python.Stmt.Function.Params                                        name, ...  prec¦
          [0] .Python.Stmt.Function.Param                                       name¦
            [0] .Python.Stmt.Function.ParamDef                                  name¦
              [0] .identifier                                                   ｢name｣
          [1] .Python.Stmt.Function.Param                                       value¦
            [0] .Python.Stmt.Function.ParamDef                                  value¦
              [0] .identifier                                                   ｢value｣
          [2] .Python.Stmt.Function.Param                                       width¦
            [0] .Python.Stmt.Function.ParamDef                                  width¦
              [0] .identifier                                                   ｢width｣
          [3] .Python.Stmt.Function.Param                                       prec¦
            [0] .Python.Stmt.Function.ParamDef                                  prec¦
              [0] .identifier                                                   ｢prec｣
        [3] .Python.Stmt.Block                                                  <NEWLINE><INDENT>x = ... c<NEWLINE><NEWLINE><NEWLINE><DEDENT>¦
          [0] .Python.Stmt                                                      x = f ... end\"<NEWLINE>¦
            [0] .Python.Stmt.Simples                                            x = f ... end\"<NEWLINE>¦
              [0] .Python.Stmt.Simple                                           x = f ...  end\"¦
                [0] .Python.Stmt.Assignment                                     x = f ...  end\"¦
                  [0] .Python.Stmt.Assignment.Plain                             x = f ...  end\"¦
                    [0] .Python.StarTargets                                     x ¦
                      [0] .Python.StarTarget                                    x ¦
                        [0] .Python.Expr.Atom                                   x ¦
                          [0] .identifier                                       ｢x｣
                    [1] .Python.Stmt.Assignment.Rhs                             f\"sta ...  end\"¦
                      [0] .Python.StarExprs                                     f\"sta ...  end\"¦
                        [0] .Python.StarExpr                                    f\"sta ...  end\"¦
                          [0] .Python.Expr.Atom                                 f\"sta ...  end\"¦
                            [0] .Python.Strings                                 f\"sta ...  end\"¦
                              [0] .Python.Strings.fstring                       ｢f"start   {   x  :  {  y  } }   end"｣
                                [0] .Python.Strings.fstring.prefix              ｢f｣
                                [1] .Python.Strings.fstring.doubleChunk         ｢start   ｣
                                [2] .Python.Strings.fstring.Field               {   x ...   } }¦
                                  [0] .Python.StarExprs                         x  ¦
                                    [0] .Python.StarExpr                        x  ¦
                                      [0] .Python.Expr.Atom                     x  ¦
                                        [0] .identifier                         ｢x｣
                                  [1] .Python.Strings.fstring.formatSpec        ｢:  {  y  } ｣
                                    [0] .Python.Strings.fstring.formatChunk     ｢  ｣
                                    [1] .Python.Strings.fstring.Field           {  y  }¦
                                      [0] .Python.StarExprs                     y  ¦
                                        [0] .Python.StarExpr                    y  ¦
                                          [0] .Python.Expr.Atom                 y  ¦
                                            [0] .identifier                     ｢y｣
                                    [2] .Python.Strings.fstring.formatChunk     ｢ ｣
                                [3] .Python.Strings.fstring.doubleChunk         ｢   end｣
          [1] .Python.Stmt                                                      a = f ... }f}\"<NEWLINE>¦
            [0] .Python.Stmt.Simples                                            a = f ... }f}\"<NEWLINE>¦
              [0] .Python.Stmt.Simple                                           a = f ... c}f}\"¦
                [0] .Python.Stmt.Assignment                                     a = f ... c}f}\"¦
                  [0] .Python.Stmt.Assignment.Plain                             a = f ... c}f}\"¦
                    [0] .Python.StarTargets                                     a ¦
                      [0] .Python.StarTarget                                    a ¦
                        [0] .Python.Expr.Atom                                   a ¦
                          [0] .identifier                                       ｢a｣
                    [1] .Python.Stmt.Assignment.Rhs                             f\"{na ... c}f}\"¦
                      [0] .Python.StarExprs                                     f\"{na ... c}f}\"¦
                        [0] .Python.StarExpr                                    f\"{na ... c}f}\"¦
                          [0] .Python.Expr.Atom                                 f\"{na ... c}f}\"¦
                            [0] .Python.Strings                                 f\"{na ... c}f}\"¦
                              [0] .Python.Strings.fstring                       ｢f"{name!r}: { value :>{width}.{prec}f}"｣
                                [0] .Python.Strings.fstring.prefix              ｢f｣
                                [1] .Python.Strings.fstring.Field               {name!r}¦
                                  [0] .Python.StarExprs                         name¦
                                    [0] .Python.StarExpr                        name¦
                                      [0] .Python.Expr.Atom                     name¦
                                        [0] .identifier                         ｢name｣
                                  [1] .Python.Strings.fstring.conversion        ｢!r｣
                                [2] .Python.Strings.fstring.doubleChunk         ｢: ｣
                                [3] .Python.Strings.fstring.Field               { val ... ec}f}¦
                                  [0] .Python.StarExprs                         value ¦
                                    [0] .Python.StarExpr                        value ¦
                                      [0] .Python.Expr.Atom                     value ¦
                                        [0] .identifier                         ｢value｣
                                  [1] .Python.Strings.fstring.formatSpec        ｢:>{width}.{prec}f｣
                                    [0] .Python.Strings.fstring.formatChunk     ｢>｣
                                    [1] .Python.Strings.fstring.Field           {width}¦
                                      [0] .Python.StarExprs                     width¦
                                        [0] .Python.StarExpr                    width¦
                                          [0] .Python.Expr.Atom                 width¦
                                            [0] .identifier                     ｢width｣
                                    [2] .Python.Strings.fstring.formatChunk     ｢.｣
                                    [3] .Python.Strings.fstring.Field           {prec}¦
                                      [0] .Python.StarExprs                     prec¦
                                        [0] .Python.StarExpr                    prec¦
                                          [0] .Python.Expr.Atom                 prec¦
                                            [0] .identifier                     ｢prec｣
                                    [4] .Python.Strings.fstring.formatChunk     ｢f｣
          [2] .Python.Stmt                                                      b = F ... \"]}'<NEWLINE>¦
            [0] .Python.Stmt.Simples                                            b = F ... \"]}'<NEWLINE>¦
              [0] .Python.Stmt.Simple                                           b = F ... y\"]}'¦
                [0] .Python.Stmt.Assignment                                     b = F ... y\"]}'¦
                  [0] .Python.Stmt.Assignment.Plain                             b = F ... y\"]}'¦
                    [0] .Python.StarTargets                                     b ¦
                      [0] .Python.StarTarget                                    b ¦
                        [0] .Python.Expr.Atom                                   b ¦
                          [0] .identifier                                       ｢b｣
                    [1] .Python.Stmt.Assignment.Rhs                             F'{{l ... y\"]}'¦
                      [0] .Python.StarExprs                                     F'{{l ... y\"]}'¦
                        [0] .Python.StarExpr                                    F'{{l ... y\"]}'¦
                          [0] .Python.Expr.Atom                                 F'{{l ... y\"]}'¦
                            [0] .Python.Strings                                 F'{{l ... y\"]}'¦
                              [0] .Python.Strings.fstring                       ｢F'{{literal}} {value=} {name["key"]}'｣
                                [0] .Python.Strings.fstring.prefix              ｢F｣
                                [1] .Python.Strings.fstring.Field               {{lit ... ral}}¦
                                  [0] .Python.StarExprs                         {literal}¦
                                    [0] .Python.StarExpr                        {literal}¦
                                      [0] .Python.Expr.Atom                     {literal}¦
                                        [0] .Python.Expr.Set                    {literal}¦
                                          [0] .Python.StarNamedExprs            literal¦
                                            [0] .Python.StarNamedExpr           literal¦
                                              [0] .Python.Expr.Named            literal¦
                                                [0] .Python.Expr.Atom           literal¦
                                                  [0] .identifier               ｢literal｣
                                [2] .Python.Strings.fstring.singleChunk         ｢ ｣
                                [3] .Python.Strings.fstring.Field               {value=}¦
                                  [0] .Python.StarExprs                         value¦
                                    [0] .Python.StarExpr                        value¦
                                      [0] .Python.Expr.Atom                     value¦
                                        [0] .identifier                         ｢value｣
                                [4] .Python.Strings.fstring.singleChunk         ｢ ｣
                                [5] .Python.Strings.fstring.Field               {name ... ey\"]}¦
                                  [0] .Python.StarExprs                         name[ ... key\"]¦
                                    [0] .Python.StarExpr                        name[ ... key\"]¦
                                      [0] .Python.Expr.Primary.[                name[ ... key\"]¦
                                        [0] .Python.Expr.Atom                   name¦
                                          [0] .identifier                       ｢name｣
                                        [1] .Python.Expr.Slices                 \"key\"¦
                                          [0] .Python.Expr.Slice                \"key\"¦
                                            [0] .Python.Expr.Named              \"key\"¦
                                              [0] .Python.Expr.Atom             \"key\"¦
                                                [0] .Python.Strings             \"key\"¦
                                                  [0] .string                   ｢"key"｣
          [3] .Python.Stmt                                                      c = f ... ain\"<NEWLINE>¦
            [0] .Python.Stmt.Simples                                            c = f ... ain\"<NEWLINE>¦
              [0] .Python.Stmt.Simple                                           c = f ... lain\"¦
                [0] .Python.Stmt.Assignment                                     c = f ... lain\"¦
                  [0] .Python.Stmt.Assignment.Plain                             c = f ... lain\"¦
                    [0] .Python.StarTargets                                     c ¦
                      [0] .Python.StarTarget                                    c ¦
                        [0] .Python.Expr.Atom                                   c ¦
                          [0] .identifier                                       ｢c｣
                    [1] .Python.Stmt.Assignment.Rhs                             f\"\\d+ ... lain\"¦
                      [0] .Python.StarExprs                                     f\"\\d+ ... lain\"¦
                        [0] .Python.StarExpr                                    f\"\\d+ ... lain\"¦
                          [0] .Python.Expr.Atom                                 f\"\\d+ ... lain\"¦
                            [0] .Python.Strings                                 f\"\\d+ ... lain\"¦
                              [0] .Python.Strings.fstring                       ｢f"\d+{name}"｣
                                [0] .Python.Strings.fstring.prefix              ｢f｣
                                [1] .Python.Strings.fstring.doubleChunk         ｢\d+｣
                                [2] .Python.Strings.fstring.Field               {name}¦
                                  [0] .Python.StarExprs                         name¦
                                    [0] .Python.StarExpr                        name¦
                                      [0] .Python.Expr.Atom                     name¦
                                        [0] .identifier                         ｢name｣
                              [1] .Python.Strings.fstring                       ｢t"hello\{name}"｣
                                [0] .Python.Strings.fstring.prefix              ｢t｣
                                [1] .Python.Strings.fstring.doubleChunk         ｢hello\｣
                                [2] .Python.Strings.fstring.Field               {name}¦
                                  [0] .Python.StarExprs                         name¦
                                    [0] .Python.StarExpr                        name¦
                                      [0] .Python.Expr.Atom                     name¦
                                        [0] .identifier                         ｢name｣
                              [2] .string                                       ｢"plain"｣
          [4] .Python.Stmt                                                      retur ...  c<NEWLINE><NEWLINE><NEWLINE>¦
            [0] .Python.Stmt.Simples                                            retur ...  c<NEWLINE><NEWLINE><NEWLINE>¦
              [0] .Python.Stmt.Simple                                           retur ...  b, c¦
                [0] .Python.Stmt.Return                                         retur ...  b, c¦
                  [0] .Python.StarExprs                                         a, b, c¦
                    [0] .Python.StarExpr                                        a¦
                      [0] .Python.Expr.Atom                                     a¦
                        [0] .identifier                                         ｢a｣
                    [1] .Python.StarExpr                                        b¦
                      [0] .Python.Expr.Atom                                     b¦
                        [0] .identifier                                         ｢b｣
                    [2] .Python.StarExpr                                        c¦
                      [0] .Python.Expr.Atom                                     c¦
                        [0] .identifier                                         ｢c｣
  [26] .Python.Stmt                                                             def w ... ]<NEWLINE><NEWLINE><NEWLINE><DEDENT>¦
    [0] .Python.Stmt.Compound                                                   def w ... ]<NEWLINE><NEWLINE><NEWLINE><DEDENT>¦
      [0] .Python.Stmt.Function                                                 def w ... ]<NEWLINE><NEWLINE><NEWLINE><DEDENT>¦
        [0] .identifier                                                         ｢walrus｣
        [1] .Python.TypeParams                                                  ¦
        [2] .Python.Stmt.Function.Params                                        values¦
          [0] .Python.Stmt.Function.Param                                       values¦
            [0] .Python.Stmt.Function.ParamDef                                  values¦
              [0] .identifier                                                   ｢values｣
        [3] .Python.Stmt.Block                                                  <NEWLINE><INDENT>if  ... ]<NEWLINE><NEWLINE><NEWLINE><DEDENT>¦
          [0] .Python.Stmt                                                      if (n ...  \")<NEWLINE><DEDENT>¦
            [0] .Python.Stmt.Compound                                           if (n ...  \")<NEWLINE><DEDENT>¦
              [0] .Python.Stmt.If                                               if (n ...  \")<NEWLINE><DEDENT>¦
                [0] .Python.Expr.Named                                          (n := ... ) > 3¦
                  [0] .Python.Expr.Comparison.>                                 (n := ... ) > 3¦
                    [0] .Python.Expr.Atom                                       (n := ... es)) ¦
                      [0] .Python.Expr.Group                                    (n := ... es)) ¦
                        [0] .Python.Expr.Named                                  n :=  ... lues)¦
                          [0] .identifier                                       ｢n｣
                          [1] .Python.Expr.Primary.(                            len(v ... lues)¦
                            [0] .Python.Expr.Atom                               len¦
                              [0] .identifier                                   ｢len｣
                            [1] .Python.Arguments                               values¦
                              [0] .Python.Argument                              values¦
                                [0] .Python.Expr.Named                          values¦
                                  [0] .Python.Expr.Atom                         values¦
                                    [0] .identifier                             ｢values｣
                    [1] .Python.Expr.Atom                                       3¦
                      [0] .Python.number                                        ｢3｣
                        [0] .number                                             ｢3｣
                          [0] .number.integer                                   ｢3｣
                            [0] .number.integer.decimal                         ｢3｣
                              [0] .number.unsigned.integer.decimal              ｢3｣
                [1] .Python.Stmt.Block                                          <NEWLINE><INDENT>pri ...  \")<NEWLINE><DEDENT>¦
                  [0] .Python.Stmt                                              print ... \" \")<NEWLINE>¦
                    [0] .Python.Stmt.Simples                                    print ... \" \")<NEWLINE>¦
                      [0] .Python.Stmt.Simple                                   print ... =\" \")¦
                        [0] .Python.StarExprs                                   print ... =\" \")¦
                          [0] .Python.StarExpr                                  print ... =\" \")¦
                            [0] .Python.Expr.Primary.(                          print ... =\" \")¦
                              [0] .Python.Expr.Atom                             print¦
                                [0] .identifier                                 ｢print｣
                              [1] .Python.Arguments                             f\"{n} ... p=\" \"¦
                                [0] .Python.Argument                            f\"{n} ... lues\"¦
                                  [0] .Python.Expr.Named                        f\"{n} ... lues\"¦
                                    [0] .Python.Expr.Atom                       f\"{n} ... lues\"¦
                                      [0] .Python.Strings                       f\"{n} ... lues\"¦
                                        [0] .Python.Strings.fstring             ｢f"{n} values"｣
                                          [0] .Python.Strings.fstring.prefix    ｢f｣
                                          [1] .Python.Strings.fstring.Field     {n}¦
                                            [0] .Python.StarExprs               n¦
                                              [0] .Python.StarExpr              n¦
                                                [0] .Python.Expr.Atom           n¦
                                                  [0] .identifier               ｢n｣
                                          [2] .Python.Strings.fstring.doubleChunk ｢ values｣
                                [1] .Python.Argument                            \"are  ... enty\"¦
                                  [0] .Python.Expr.Named                        \"are  ... enty\"¦
                                    [0] .Python.Expr.Atom                       \"are  ... enty\"¦
                                      [0] .Python.Strings                       \"are  ... enty\"¦
                                        [0] .string                             ｢"are plenty"｣
                                [2] .Python.Argument                            sep=\" \"¦
                                  [0] .identifier                               ｢sep｣
                                  [1] .Python.Expr.Atom                         \" \"¦
                                    [0] .Python.Strings                         \" \"¦
                                      [0] .string                               ｢" "｣
          [1] .Python.Stmt                                                      while ... 2:]<NEWLINE><DEDENT>¦
            [0] .Python.Stmt.Compound                                           while ... 2:]<NEWLINE><DEDENT>¦
              [0] .Python.Stmt.While                                            while ... 2:]<NEWLINE><DEDENT>¦
                [0] .Python.Expr.Named                                          (chun ... [:2])¦
                  [0] .Python.Expr.Atom                                         (chun ... [:2])¦
                    [0] .Python.Expr.Group                                      (chun ... [:2])¦
                      [0] .Python.Expr.Named                                    chunk ... s[:2]¦
                        [0] .identifier                                         ｢chunk｣
                        [1] .Python.Expr.Primary.[                              values[:2]¦
                          [0] .Python.Expr.Atom                                 values¦
                            [0] .identifier                                     ｢values｣
                          [1] .Python.Expr.Slices                               :2¦
                            [0] .Python.Expr.Slice                              :2¦
                              [0] .Python.Expr.Atom                             2¦
                                [0] .Python.number                              ｢2｣
                                  [0] .number                                   ｢2｣
                                    [0] .number.integer                         ｢2｣
                                      [0] .number.integer.decimal               ｢2｣
                                        [0] .number.unsigned.integer.decimal    ｢2｣
                [1] .Python.Stmt.Block                                          <NEWLINE><INDENT>val ... 2:]<NEWLINE><DEDENT>¦
                  [0] .Python.Stmt                                              value ... [2:]<NEWLINE>¦
                    [0] .Python.Stmt.Simples                                    value ... [2:]<NEWLINE>¦
                      [0] .Python.Stmt.Simple                                   value ... s[2:]¦
                        [0] .Python.Stmt.Assignment                             value ... s[2:]¦
                          [0] .Python.Stmt.Assignment.Plain                     value ... s[2:]¦
                            [0] .Python.StarTargets                             values ¦
                              [0] .Python.StarTarget                            values ¦
                                [0] .Python.Expr.Atom                           values ¦
                                  [0] .identifier                               ｢values｣
                            [1] .Python.Stmt.Assignment.Rhs                     values[2:]¦
                              [0] .Python.StarExprs                             values[2:]¦
                                [0] .Python.StarExpr                            values[2:]¦
                                  [0] .Python.Expr.Primary.[                    values[2:]¦
                                    [0] .Python.Expr.Atom                       values¦
                                      [0] .identifier                           ｢values｣
                                    [1] .Python.Expr.Slices                     2:¦
                                      [0] .Python.Expr.Slice                    2:¦
                                        [0] .Python.Expr.Atom                   2¦
                                          [0] .Python.number                    ｢2｣
                                            [0] .number                         ｢2｣
                                              [0] .number.integer               ｢2｣
                                                [0] .number.integer.decimal     ｢2｣
                                                  [0] .number.unsigned.integer.decimal ｢2｣
          [2] .Python.Stmt                                                      retur ... 0]<NEWLINE><NEWLINE><NEWLINE>¦
            [0] .Python.Stmt.Simples                                            retur ... 0]<NEWLINE><NEWLINE><NEWLINE>¦
              [0] .Python.Stmt.Simple                                           retur ...  > 0]¦
                [0] .Python.Stmt.Return                                         retur ...  > 0]¦
                  [0] .Python.StarExprs                                         [y fo ...  > 0]¦
                    [0] .Python.StarExpr                                        [y fo ...  > 0]¦
                      [0] .Python.Expr.Atom                                     [y fo ...  > 0]¦
                        [0] .Python.Expr.ListComp                               [y fo ...  > 0]¦
                          [0] .Python.Expr.Named                                y ¦
                            [0] .Python.Expr.Atom                               y ¦
                              [0] .identifier                                   ｢y｣
                          [1] .Python.ForIfClauses                              for x ... ) > 0¦
                            [0] .Python.ForIfClause                             for x ... ) > 0¦
                              [0] .Python.StarTargets                           x ¦
                                [0] .Python.StarTarget                          x ¦
                                  [0] .Python.Expr.Atom                         x ¦
                                    [0] .identifier                             ｢x｣
                              [1] .Python.Expr.Atom                             values ¦
                                [0] .identifier                                 ｢values｣
                              [2] .Python.Expr.Comparison.>                     (y := ... ) > 0¦
                                [0] .Python.Expr.Atom                           (y := ... * 2) ¦
                                  [0] .Python.Expr.Group                        (y := ... * 2) ¦
                                    [0] .Python.Expr.Named                      y := x * 2¦
                                      [0] .identifier                           ｢y｣
                                      [1] .Python.Expr.Term.*                   x * 2¦
                                        [0] .Python.Expr.Atom                   x ¦
                                          [0] .identifier                       ｢x｣
                                        [1] .Python.Expr.Atom                   2¦
                                          [0] .Python.number                    ｢2｣
                                            [0] .number                         ｢2｣
                                              [0] .number.integer               ｢2｣
                                                [0] .number.integer.decimal     ｢2｣
                                                  [0] .number.unsigned.integer.decimal ｢2｣
                                [1] .Python.Expr.Atom                           0¦
                                  [0] .Python.number                            ｢0｣
                                    [0] .number                                 ｢0｣
                                      [0] .number.integer                       ｢0｣
                                        [0] .number.integer.decimal             ｢0｣
                                          [0] .number.unsigned.integer.decimal  ｢0｣
  [27] .Python.Stmt                                                             class ... <NEWLINE><NEWLINE><NEWLINE><DEDENT><DEDENT>¦
    [0] .Python.Stmt.Compound                                                   class ... <NEWLINE><NEWLINE><NEWLINE><DEDENT><DEDENT>¦
      [0] .Python.Stmt.Class                                                    class ... <NEWLINE><NEWLINE><NEWLINE><DEDENT><DEDENT>¦
        [0] .identifier                                                         ｢Point｣
        [1] .Python.TypeParams                                                  ¦
        [2] .Python.Stmt.Block                                                  <NEWLINE><INDENT>kin ... <NEWLINE><NEWLINE><NEWLINE><DEDENT><DEDENT>¦
          [0] .Python.Stmt                                                      kind  ... nt\"<NEWLINE><NEWLINE>¦
            [0] .Python.Stmt.Simples                                            kind  ... nt\"<NEWLINE><NEWLINE>¦
              [0] .Python.Stmt.Simple                                           kind  ... oint\"¦
                [0] .Python.Stmt.Assignment                                     kind  ... oint\"¦
                  [0] .Python.Stmt.Assignment.Plain                             kind  ... oint\"¦
                    [0] .Python.StarTargets                                     kind ¦
                      [0] .Python.StarTarget                                    kind ¦
                        [0] .Python.Expr.Atom                                   kind ¦
                          [0] .identifier                                       ｢kind｣
                    [1] .Python.Stmt.Assignment.Rhs                             \"point\"¦
                      [0] .Python.StarExprs                                     \"point\"¦
                        [0] .Python.StarExpr                                    \"point\"¦
                          [0] .Python.Expr.Atom                                 \"point\"¦
                            [0] .Python.Strings                                 \"point\"¦
                              [0] .string                                       ｢"point"｣
          [1] .Python.Stmt                                                      def _ ...  y<NEWLINE><NEWLINE><DEDENT>¦
            [0] .Python.Stmt.Compound                                           def _ ...  y<NEWLINE><NEWLINE><DEDENT>¦
              [0] .Python.Stmt.Function                                         def _ ...  y<NEWLINE><NEWLINE><DEDENT>¦
                [0] .identifier                                                 ｢__init__｣
                [1] .Python.TypeParams                                          ¦
                [2] .Python.Stmt.Function.Params                                self, ... , y=0¦
                  [0] .Python.Stmt.Function.Param                               self¦
                    [0] .Python.Stmt.Function.ParamDef                          self¦
                      [0] .identifier                                           ｢self｣
                  [1] .Python.Stmt.Function.Param                               x¦
                    [0] .Python.Stmt.Function.ParamDef                          x¦
                      [0] .identifier                                           ｢x｣
                  [2] .Python.Stmt.Function.Param                               y=0¦
                    [0] .Python.Stmt.Function.ParamDef                          y=0¦
                      [0] .identifier                                           ｢y｣
                      [1] .Python.Expr.Atom                                     0¦
                        [0] .Python.number                                      ｢0｣
                          [0] .number                                           ｢0｣
                            [0] .number.integer                                 ｢0｣
                              [0] .number.integer.decimal                       ｢0｣
                                [0] .number.unsigned.integer.decimal            ｢0｣
                [3] .Python.Stmt.Block                                          <NEWLINE><INDENT>sel ...  y<NEWLINE><NEWLINE><DEDENT>¦
                  [0] .Python.Stmt                                              self. ...  = x<NEWLINE>¦
                    [0] .Python.Stmt.Simples                                    self. ...  = x<NEWLINE>¦
                      [0] .Python.Stmt.Simple                                   self.x = x¦
                        [0] .Python.Stmt.Assignment                             self.x = x¦
                          [0] .Python.Stmt.Assignment.Plain                     self.x = x¦
                            [0] .Python.StarTargets                             self.x ¦
                              [0] .Python.StarTarget                            self.x ¦
                                [0] .Python.Expr.Primary..                      self.x ¦
                                  [0] .Python.Expr.Atom                         self¦
                                    [0] .identifier                             ｢self｣
                                  [1] .Python.Expr.Atom                         x ¦
                                    [0] .identifier                             ｢x｣
                            [1] .Python.Stmt.Assignment.Rhs                     x¦
                              [0] .Python.StarExprs                             x¦
                                [0] .Python.StarExpr                            x¦
                                  [0] .Python.Expr.Atom                         x¦
                                    [0] .identifier                             ｢x｣
                  [1] .Python.Stmt                                              self. ... = y<NEWLINE><NEWLINE>¦
                    [0] .Python.Stmt.Simples                                    self. ... = y<NEWLINE><NEWLINE>¦
                      [0] .Python.Stmt.Simple                                   self.y = y¦
                        [0] .Python.Stmt.Assignment                             self.y = y¦
                          [0] .Python.Stmt.Assignment.Plain                     self.y = y¦
                            [0] .Python.StarTargets                             self.y ¦
                              [0] .Python.StarTarget                            self.y ¦
                                [0] .Python.Expr.Primary..                      self.y ¦
                                  [0] .Python.Expr.Atom                         self¦
                                    [0] .identifier                             ｢self｣
                                  [1] .Python.Expr.Atom                         y ¦
                                    [0] .identifier                             ｢y｣
                            [1] .Python.Stmt.Assignment.Rhs                     y¦
                              [0] .Python.StarExprs                             y¦
                                [0] .Python.StarExpr                            y¦
                                  [0] .Python.Expr.Atom                         y¦
                                    [0] .identifier                             ｢y｣
          [2] .Python.Stmt                                                      @prop ... .5<NEWLINE><NEWLINE><DEDENT>¦
            [0] .Python.Stmt.Compound                                           @prop ... .5<NEWLINE><NEWLINE><DEDENT>¦
              [0] .Python.Stmt.Function                                         @prop ... .5<NEWLINE><NEWLINE><DEDENT>¦
                [0] .Python.Stmt.Decorators                                     @property<NEWLINE>¦
                  [0] .Python.Expr.Named                                        property¦
                    [0] .Python.Expr.Atom                                       property¦
                      [0] .identifier                                           ｢property｣
                [1] .identifier                                                 ｢norm｣
                [2] .Python.TypeParams                                          ¦
                [3] .Python.Stmt.Function.Params                                self¦
                  [0] .Python.Stmt.Function.Param                               self¦
                    [0] .Python.Stmt.Function.ParamDef                          self¦
                      [0] .identifier                                           ｢self｣
                [4] .Python.Stmt.Block                                          <NEWLINE><INDENT>ret ... .5<NEWLINE><NEWLINE><DEDENT>¦
                  [0] .Python.Stmt                                              retur ... 0.5<NEWLINE><NEWLINE>¦
                    [0] .Python.Stmt.Simples                                    retur ... 0.5<NEWLINE><NEWLINE>¦
                      [0] .Python.Stmt.Simple                                   retur ... * 0.5¦
                        [0] .Python.Stmt.Return                                 retur ... * 0.5¦
                          [0] .Python.StarExprs                                 (self ... * 0.5¦
                            [0] .Python.StarExpr                                (self ... * 0.5¦
                              [0] .Python.Expr.Power.**                         (self ... * 0.5¦
                                [0] .Python.Expr.Atom                           (self ... * 2) ¦
                                  [0] .Python.Expr.Group                        (self ... * 2) ¦
                                    [0] .Python.Expr.Named                      self. ...  ** 2¦
                                      [0] .Python.Expr.Sum.+                    self. ...  ** 2¦
                                        [0] .Python.Expr.Power.**               self. ... ** 2 ¦
                                          [0] .Python.Expr.Primary..            self.x ¦
                                            [0] .Python.Expr.Atom               self¦
                                              [0] .identifier                   ｢self｣
                                            [1] .Python.Expr.Atom               x ¦
                                              [0] .identifier                   ｢x｣
                                          [1] .Python.Expr.Atom                 2 ¦
                                            [0] .Python.number                  ｢2｣
                                              [0] .number                       ｢2｣
                                                [0] .number.integer             ｢2｣
                                                  [0] .number.integer.decimal   ｢2｣
                                                    [0] .number.unsigned.integer.decimal ｢2｣
                                        [1] .Python.Expr.Power.**               self. ...  ** 2¦
                                          [0] .Python.Expr.Primary..            self.y ¦
                                            [0] .Python.Expr.Atom               self¦
                                              [0] .identifier                   ｢self｣
                                            [1] .Python.Expr.Atom               y ¦
                                              [0] .identifier                   ｢y｣
                                          [1] .Python.Expr.Atom                 2¦
                                            [0] .Python.number                  ｢2｣
                                              [0] .number                       ｢2｣
                                                [0] .number.integer             ｢2｣
                                                  [0] .number.integer.decimal   ｢2｣
                                                    [0] .number.unsigned.integer.decimal ｢2｣
                                [1] .Python.Expr.Atom                           0.5¦
                                  [0] .Python.number                            ｢0.5｣
                                    [0] .number                                 ｢0.5｣
                                      [0] .number.float                         ｢0.5｣
                                        [0] .number.unsigned.float              ｢0.5｣
                                          [0] .number.unsigned.float.integerPart ｢0｣
                                            [0] .number.unsigned.integer.decimal ｢0｣
                                          [1] .number.unsigned.float.fraction   ｢.5｣
                                            [0] .number.unsigned.integer.decimal ｢5｣
          [3] .Python.Stmt                                                      @stat ... 0)<NEWLINE><NEWLINE><DEDENT>¦
            [0] .Python.Stmt.Compound                                           @stat ... 0)<NEWLINE><NEWLINE><DEDENT>¦
              [0] .Python.Stmt.Function                                         @stat ... 0)<NEWLINE><NEWLINE><DEDENT>¦
                [0] .Python.Stmt.Decorators                                     @stat ... thod<NEWLINE>¦
                  [0] .Python.Expr.Named                                        stati ... ethod¦
                    [0] .Python.Expr.Atom                                       stati ... ethod¦
                      [0] .identifier                                           ｢staticmethod｣
                [1] .identifier                                                 ｢origin｣
                [2] .Python.TypeParams                                          ¦
                [3] .Python.Stmt.Function.Params                                ¦
                [4] .Python.Stmt.Block                                          <NEWLINE><INDENT>ret ... 0)<NEWLINE><NEWLINE><DEDENT>¦
                  [0] .Python.Stmt                                              retur ...  0)<NEWLINE><NEWLINE>¦
                    [0] .Python.Stmt.Simples                                    retur ...  0)<NEWLINE><NEWLINE>¦
                      [0] .Python.Stmt.Simple                                   retur ... 0, 0)¦
                        [0] .Python.Stmt.Return                                 retur ... 0, 0)¦
                          [0] .Python.StarExprs                                 Point ... 0, 0)¦
                            [0] .Python.StarExpr                                Point ... 0, 0)¦
                              [0] .Python.Expr.Primary.(                        Point ... 0, 0)¦
                                [0] .Python.Expr.Atom                           Point¦
                                  [0] .identifier                               ｢Point｣
                                [1] .Python.Arguments                           0, 0¦
                                  [0] .Python.Argument                          0¦
                                    [0] .Python.Expr.Named                      0¦
                                      [0] .Python.Expr.Atom                     0¦
                                        [0] .Python.number                      ｢0｣
                                          [0] .number                           ｢0｣
                                            [0] .number.integer                 ｢0｣
                                              [0] .number.integer.decimal       ｢0｣
                                                [0] .number.unsigned.integer.decimal ｢0｣
                                  [1] .Python.Argument                          0¦
                                    [0] .Python.Expr.Named                      0¦
                                      [0] .Python.Expr.Atom                     0¦
                                        [0] .Python.number                      ｢0｣
                                          [0] .number                           ｢0｣
                                            [0] .number.integer                 ｢0｣
                                              [0] .number.integer.decimal       ｢0｣
                                                [0] .number.unsigned.integer.decimal ｢0｣
          [4] .Python.Stmt                                                      def _ ... \"<NEWLINE><NEWLINE><NEWLINE><DEDENT>¦
            [0] .Python.Stmt.Compound                                           def _ ... \"<NEWLINE><NEWLINE><NEWLINE><DEDENT>¦
              [0] .Python.Stmt.Function                                         def _ ... \"<NEWLINE><NEWLINE><NEWLINE><DEDENT>¦
                [0] .identifier                                                 ｢__repr__｣
                [1] .Python.TypeParams                                          ¦
                [2] .Python.Stmt.Function.Params                                self¦
                  [0] .Python.Stmt.Function.Param                               self¦
                    [0] .Python.Stmt.Function.ParamDef                          self¦
                      [0] .identifier                                           ｢self｣
                [3] .Python.Stmt.Block                                          <NEWLINE><INDENT>ret ... \"<NEWLINE><NEWLINE><NEWLINE><DEDENT>¦
                  [0] .Python.Stmt                                              retur ... )\"<NEWLINE><NEWLINE><NEWLINE>¦
                    [0] .Python.Stmt.Simples                                    retur ... )\"<NEWLINE><NEWLINE><NEWLINE>¦
                      [0] .Python.Stmt.Simple                                   retur ... + \")\"¦
                        [0] .Python.Stmt.Return                                 retur ... + \")\"¦
                          [0] .Python.StarExprs                                 \"Poin ... + \")\"¦
                            [0] .Python.StarExpr                                \"Poin ... + \")\"¦
                              [0] .Python.Expr.Sum.+                            \"Poin ... + \")\"¦
                                [0] .Python.Expr.Sum.+                          \"Poin ... f.y) ¦
                                  [0] .Python.Expr.Sum.+                        \"Poin ... \", \" ¦
                                    [0] .Python.Expr.Sum.+                      \"Poin ... f.x) ¦
                                      [0] .Python.Expr.Atom                     \"Point(\" ¦
                                        [0] .Python.Strings                     \"Point(\" ¦
                                          [0] .string                           ｢"Point("｣
                                      [1] .Python.Expr.Primary.(                str(s ... f.x) ¦
                                        [0] .Python.Expr.Atom                   str¦
                                          [0] .identifier                       ｢str｣
                                        [1] .Python.Arguments                   self.x¦
                                          [0] .Python.Argument                  self.x¦
                                            [0] .Python.Expr.Named              self.x¦
                                              [0] .Python.Expr.Primary..        self.x¦
                                                [0] .Python.Expr.Atom           self¦
                                                  [0] .identifier               ｢self｣
                                                [1] .Python.Expr.Atom           x¦
                                                  [0] .identifier               ｢x｣
                                    [1] .Python.Expr.Atom                       \", \" ¦
                                      [0] .Python.Strings                       \", \" ¦
                                        [0] .string                             ｢", "｣
                                  [1] .Python.Expr.Primary.(                    str(s ... f.y) ¦
                                    [0] .Python.Expr.Atom                       str¦
                                      [0] .identifier                           ｢str｣
                                    [1] .Python.Arguments                       self.y¦
                                      [0] .Python.Argument                      self.y¦
                                        [0] .Python.Expr.Named                  self.y¦
                                          [0] .Python.Expr.Primary..            self.y¦
                                            [0] .Python.Expr.Atom               self¦
                                              [0] .identifier                   ｢self｣
                                            [1] .Python.Expr.Atom               y¦
                                              [0] .identifier                   ｢y｣
                                [1] .Python.Expr.Atom                           \")\"¦
                                  [0] .Python.Strings                           \")\"¦
                                    [0] .string                                 ｢")"｣
  [28] .Python.Stmt                                                             class ... <NEWLINE><NEWLINE><NEWLINE><DEDENT><DEDENT>¦
    [0] .Python.Stmt.Compound                                                   class ... <NEWLINE><NEWLINE><NEWLINE><DEDENT><DEDENT>¦
      [0] .Python.Stmt.Class                                                    class ... <NEWLINE><NEWLINE><NEWLINE><DEDENT><DEDENT>¦
        [0] .identifier                                                         ｢Labelled｣
        [1] .Python.TypeParams                                                  [T]¦
          [0] .Python.TypeParams.Normal                                         T¦
            [0] .identifier                                                     ｢T｣
        [2] .Python.Arguments                                                   Point ... =type¦
          [0] .Python.Argument                                                  Point¦
            [0] .Python.Expr.Named                                              Point¦
              [0] .Python.Expr.Atom                                             Point¦
                [0] .identifier                                                 ｢Point｣
          [1] .Python.Argument                                                  metac ... =type¦
            [0] .identifier                                                     ｢metaclass｣
            [1] .Python.Expr.Atom                                               type¦
              [0] .identifier                                                   ｢type｣
        [3] .Python.Stmt.Block                                                  <NEWLINE><INDENT>def ... <NEWLINE><NEWLINE><NEWLINE><DEDENT><DEDENT>¦
          [0] .Python.Stmt                                                      def l ... d<NEWLINE><NEWLINE><NEWLINE><DEDENT>¦
            [0] .Python.Stmt.Compound                                           def l ... d<NEWLINE><NEWLINE><NEWLINE><DEDENT>¦
              [0] .Python.Stmt.Function                                         def l ... d<NEWLINE><NEWLINE><NEWLINE><DEDENT>¦
                [0] .identifier                                                 ｢label｣
                [1] .Python.TypeParams                                          ¦
                [2] .Python.Stmt.Function.Params                                self¦
                  [0] .Python.Stmt.Function.Param                               self¦
                    [0] .Python.Stmt.Function.ParamDef                          self¦
                      [0] .identifier                                           ｢self｣
                [3] .Python.Expr.Atom                                           str¦
                  [0] .identifier                                               ｢str｣
                [4] .Python.Stmt.Block                                          <NEWLINE><INDENT>ret ... d<NEWLINE><NEWLINE><NEWLINE><DEDENT>¦
                  [0] .Python.Stmt                                              retur ... nd<NEWLINE><NEWLINE><NEWLINE>¦
                    [0] .Python.Stmt.Simples                                    retur ... nd<NEWLINE><NEWLINE><NEWLINE>¦
                      [0] .Python.Stmt.Simple                                   retur ... .kind¦
                        [0] .Python.Stmt.Return                                 retur ... .kind¦
                          [0] .Python.StarExprs                                 \"%s\"  ... .kind¦
                            [0] .Python.StarExpr                                \"%s\"  ... .kind¦
                              [0] .Python.Expr.Term.%                           \"%s\"  ... .kind¦
                                [0] .Python.Expr.Atom                           \"%s\" ¦
                                  [0] .Python.Strings                           \"%s\" ¦
                                    [0] .string                                 ｢"%s"｣
                                [1] .Python.Expr.Primary..                      self.kind¦
                                  [0] .Python.Expr.Atom                         self¦
                                    [0] .identifier                             ｢self｣
                                  [1] .Python.Expr.Atom                         kind¦
                                    [0] .identifier                             ｢kind｣
  [29] .Python.Stmt                                                             def g ... t<NEWLINE><NEWLINE><NEWLINE><DEDENT>¦
    [0] .Python.Stmt.Compound                                                   def g ... t<NEWLINE><NEWLINE><NEWLINE><DEDENT>¦
      [0] .Python.Stmt.Function                                                 def g ... t<NEWLINE><NEWLINE><NEWLINE><DEDENT>¦
        [0] .identifier                                                         ｢generic｣
        [1] .Python.TypeParams                                                  [T, * ...  **P]¦
          [0] .Python.TypeParams.Normal                                         T¦
            [0] .identifier                                                     ｢T｣
          [1] .Python.TypeParams.Star1                                          *Ts¦
            [0] .identifier                                                     ｢Ts｣
          [2] .Python.TypeParams.Star2                                          **P¦
            [0] .identifier                                                     ｢P｣
        [2] .Python.Stmt.Function.Params                                        first ... ject]¦
          [0] .Python.Stmt.Function.Param                                       first: T¦
            [0] .Python.Stmt.Function.ParamDef                                  first: T¦
              [0] .identifier                                                   ｢first｣
              [1] .Python.Expr.Atom                                             T¦
                [0] .identifier                                                 ｢T｣
          [1] .Python.Stmt.Function.Param                                       *rest ... ject]¦
            [0] .Python.Stmt.Function.ParamDefStar                              rest: ... ject]¦
              [0] .identifier                                                   ｢rest｣
              [1] .Python.StarExpr                                              *list ... ject]¦
                [0] .Python.star                                                ｢*｣
                [1] .Python.Expr.Primary.[                                      list[ ... ject]¦
                  [0] .Python.Expr.Atom                                         list¦
                    [0] .identifier                                             ｢list｣
                  [1] .Python.Expr.Slices                                       object¦
                    [0] .Python.Expr.Slice                                      object¦
                      [0] .Python.Expr.Named                                    object¦
                        [0] .Python.Expr.Atom                                   object¦
                          [0] .identifier                                       ｢object｣
        [3] .Python.Expr.Atom                                                   T¦
          [0] .identifier                                                       ｢T｣
        [4] .Python.Stmt.Block                                                  <NEWLINE><INDENT>ret ... t<NEWLINE><NEWLINE><NEWLINE><DEDENT>¦
          [0] .Python.Stmt                                                      retur ... st<NEWLINE><NEWLINE><NEWLINE>¦
            [0] .Python.Stmt.Simples                                            retur ... st<NEWLINE><NEWLINE><NEWLINE>¦
              [0] .Python.Stmt.Simple                                           retur ... first¦
                [0] .Python.Stmt.Return                                         retur ... first¦
                  [0] .Python.StarExprs                                         first¦
                    [0] .Python.StarExpr                                        first¦
                      [0] .Python.Expr.Atom                                     first¦
                        [0] .identifier                                         ｢first｣
  [30] .Python.Stmt                                                             def t ... n<NEWLINE><NEWLINE><NEWLINE><DEDENT>¦
    [0] .Python.Stmt.Compound                                                   def t ... n<NEWLINE><NEWLINE><NEWLINE><DEDENT>¦
      [0] .Python.Stmt.Function                                                 def t ... n<NEWLINE><NEWLINE><NEWLINE><DEDENT>¦
        [0] .identifier                                                         ｢trace｣
        [1] .Python.TypeParams                                                  ¦
        [2] .Python.Stmt.Function.Params                                        fn¦
          [0] .Python.Stmt.Function.Param                                       fn¦
            [0] .Python.Stmt.Function.ParamDef                                  fn¦
              [0] .identifier                                                   ｢fn｣
        [3] .Python.Stmt.Block                                                  <NEWLINE><INDENT>ret ... n<NEWLINE><NEWLINE><NEWLINE><DEDENT>¦
          [0] .Python.Stmt                                                      retur ... fn<NEWLINE><NEWLINE><NEWLINE>¦
            [0] .Python.Stmt.Simples                                            retur ... fn<NEWLINE><NEWLINE><NEWLINE>¦
              [0] .Python.Stmt.Simple                                           return fn¦
                [0] .Python.Stmt.Return                                         return fn¦
                  [0] .Python.StarExprs                                         fn¦
                    [0] .Python.StarExpr                                        fn¦
                      [0] .Python.Expr.Atom                                     fn¦
                        [0] .identifier                                         ｢fn｣
  [31] .Python.Stmt                                                             @trac ... s<NEWLINE><NEWLINE><NEWLINE><DEDENT>¦
    [0] .Python.Stmt.Compound                                                   @trac ... s<NEWLINE><NEWLINE><NEWLINE><DEDENT>¦
      [0] .Python.Stmt.Function                                                 @trac ... s<NEWLINE><NEWLINE><NEWLINE><DEDENT>¦
        [0] .Python.Stmt.Decorators                                             @trace<NEWLINE>¦
          [0] .Python.Expr.Named                                                trace¦
            [0] .Python.Expr.Atom                                               trace¦
              [0] .identifier                                                   ｢trace｣
        [1] .Python.Stmt.async                                                  ｢async｣
        [2] .identifier                                                         ｢fetch｣
        [3] .Python.TypeParams                                                  ¦
        [4] .Python.Stmt.Function.Params                                        sessi ...  urls¦
          [0] .Python.Stmt.Function.Param                                       session¦
            [0] .Python.Stmt.Function.ParamDef                                  session¦
              [0] .identifier                                                   ｢session｣
          [1] .Python.Stmt.Function.Param                                       urls¦
            [0] .Python.Stmt.Function.ParamDef                                  urls¦
              [0] .identifier                                                   ｢urls｣
        [5] .Python.Stmt.Block                                                  <NEWLINE><INDENT>asy ... s<NEWLINE><NEWLINE><NEWLINE><DEDENT>¦
          [0] .Python.Stmt                                                      async ... ))<NEWLINE><DEDENT><DEDENT>¦
            [0] .Python.Stmt.Compound                                           async ... ))<NEWLINE><DEDENT><DEDENT>¦
              [0] .Python.Stmt.With                                             async ... ))<NEWLINE><DEDENT><DEDENT>¦
                [0] .Python.Stmt.async                                          ｢async｣
                [1] .Python.Stmt.With.Items                                     sessi ... as tx¦
                  [0] .Python.Stmt.With.Item                                    sessi ... as tx¦
                    [0] .Python.Expr.Primary.(                                  sessi ... in() ¦
                      [0] .Python.Expr.Primary..                                sessi ... begin¦
                        [0] .Python.Expr.Atom                                   session¦
                          [0] .identifier                                       ｢session｣
                        [1] .Python.Expr.Atom                                   begin¦
                          [0] .identifier                                       ｢begin｣
                      [1] .Python.Arguments                                     ¦
                    [1] .Python.StarTarget                                      tx¦
                      [0] .Python.Expr.Atom                                     tx¦
                        [0] .identifier                                         ｢tx｣
                [2] .Python.Stmt.Block                                          <NEWLINE><INDENT>res ... ))<NEWLINE><DEDENT><DEDENT>¦
                  [0] .Python.Stmt                                              resul ... = []<NEWLINE>¦
                    [0] .Python.Stmt.Simples                                    resul ... = []<NEWLINE>¦
                      [0] .Python.Stmt.Simple                                   resul ...  = []¦
                        [0] .Python.Stmt.Assignment                             resul ...  = []¦
                          [0] .Python.Stmt.Assignment.Plain                     resul ...  = []¦
                            [0] .Python.StarTargets                             results ¦
                              [0] .Python.StarTarget                            results ¦
                                [0] .Python.Expr.Atom                           results ¦
                                  [0] .identifier                               ｢results｣
                            [1] .Python.Stmt.Assignment.Rhs                     []¦
                              [0] .Python.StarExprs                             []¦
                                [0] .Python.StarExpr                            []¦
                                  [0] .Python.Expr.Atom                         []¦
                                    [0] .Python.Expr.List                       []¦
                  [1] .Python.Stmt                                              async ... l))<NEWLINE><DEDENT>¦
                    [0] .Python.Stmt.Compound                                   async ... l))<NEWLINE><DEDENT>¦
                      [0] .Python.Stmt.For                                      async ... l))<NEWLINE><DEDENT>¦
                        [0] .Python.Stmt.async                                  ｢async｣
                        [1] .Python.StarTargets                                 url ¦
                          [0] .Python.StarTarget                                url ¦
                            [0] .Python.Expr.Atom                               url ¦
                              [0] .identifier                                   ｢url｣
                        [2] .Python.StarExprs                                   urls¦
                          [0] .Python.StarExpr                                  urls¦
                            [0] .Python.Expr.Atom                               urls¦
                              [0] .identifier                                   ｢urls｣
                        [3] .Python.Stmt.Block                                  <NEWLINE><INDENT>res ... l))<NEWLINE><DEDENT>¦
                          [0] .Python.Stmt                                      resul ... rl))<NEWLINE>¦
                            [0] .Python.Stmt.Simples                            resul ... rl))<NEWLINE>¦
                              [0] .Python.Stmt.Simple                           resul ... url))¦
                                [0] .Python.StarExprs                           resul ... url))¦
                                  [0] .Python.StarExpr                          resul ... url))¦
                                    [0] .Python.Expr.Primary.(                  resul ... url))¦
                                      [0] .Python.Expr.Primary..                resul ... ppend¦
                                        [0] .Python.Expr.Atom                   results¦
                                          [0] .identifier                       ｢results｣
                                        [1] .Python.Expr.Atom                   append¦
                                          [0] .identifier                       ｢append｣
                                      [1] .Python.Arguments                     await ... (url)¦
                                        [0] .Python.Argument                    await ... (url)¦
                                          [0] .Python.Expr.Named                await ... (url)¦
                                            [0] .Python.Expr.Await.await        await ... (url)¦
                                              [0] .Python.Expr.Primary.(        sessi ... (url)¦
                                                [0] .Python.Expr.Primary..      sessi ... n.get¦
                                                  [0] .Python.Expr.Atom         session¦
                                                    [0] .identifier             ｢session｣
                                                  [1] .Python.Expr.Atom         get¦
                                                    [0] .identifier             ｢get｣
                                                [1] .Python.Arguments           url¦
                                                  [0] .Python.Argument          url¦
                                                    [0] .Python.Expr.Named      url¦
                                                      [0] .Python.Expr.Atom     url¦
                                                        [0] .identifier         ｢url｣
          [1] .Python.Stmt                                                      retur ... ts<NEWLINE><NEWLINE><NEWLINE>¦
            [0] .Python.Stmt.Simples                                            retur ... ts<NEWLINE><NEWLINE><NEWLINE>¦
              [0] .Python.Stmt.Simple                                           retur ... sults¦
                [0] .Python.Stmt.Return                                         retur ... sults¦
                  [0] .Python.StarExprs                                         results¦
                    [0] .Python.StarExpr                                        results¦
                      [0] .Python.Expr.Atom                                     results¦
                        [0] .identifier                                         ｢results｣
  [32] .Python.Stmt                                                             def g ... e<NEWLINE><NEWLINE><NEWLINE><DEDENT>¦
    [0] .Python.Stmt.Compound                                                   def g ... e<NEWLINE><NEWLINE><NEWLINE><DEDENT>¦
      [0] .Python.Stmt.Function                                                 def g ... e<NEWLINE><NEWLINE><NEWLINE><DEDENT>¦
        [0] .identifier                                                         ｢generating｣
        [1] .Python.TypeParams                                                  ¦
        [2] .Python.Stmt.Function.Params                                        n¦
          [0] .Python.Stmt.Function.Param                                       n¦
            [0] .Python.Stmt.Function.ParamDef                                  n¦
              [0] .identifier                                                   ｢n｣
        [3] .Python.Stmt.Block                                                  <NEWLINE><INDENT>for ... e<NEWLINE><NEWLINE><NEWLINE><DEDENT>¦
          [0] .Python.Stmt                                                      for i ... d i<NEWLINE><DEDENT>¦
            [0] .Python.Stmt.Compound                                           for i ... d i<NEWLINE><DEDENT>¦
              [0] .Python.Stmt.For                                              for i ... d i<NEWLINE><DEDENT>¦
                [0] .Python.StarTargets                                         i ¦
                  [0] .Python.StarTarget                                        i ¦
                    [0] .Python.Expr.Atom                                       i ¦
                      [0] .identifier                                           ｢i｣
                [1] .Python.StarExprs                                           range(n)¦
                  [0] .Python.StarExpr                                          range(n)¦
                    [0] .Python.Expr.Primary.(                                  range(n)¦
                      [0] .Python.Expr.Atom                                     range¦
                        [0] .identifier                                         ｢range｣
                      [1] .Python.Arguments                                     n¦
                        [0] .Python.Argument                                    n¦
                          [0] .Python.Expr.Named                                n¦
                            [0] .Python.Expr.Atom                               n¦
                              [0] .identifier                                   ｢n｣
                [2] .Python.Stmt.Block                                          <NEWLINE><INDENT>yie ... d i<NEWLINE><DEDENT>¦
                  [0] .Python.Stmt                                              yield i<NEWLINE>¦
                    [0] .Python.Stmt.Simples                                    yield i<NEWLINE>¦
                      [0] .Python.Stmt.Simple                                   yield i¦
                        [0] .Python.Stmt.Yield                                  yield i¦
                          [0] .Python.Expr.Yield                                yield i¦
                            [0] .Python.StarExprs                               i¦
                              [0] .Python.StarExpr                              i¦
                                [0] .Python.Expr.Atom                           i¦
                                  [0] .identifier                               ｢i｣
          [1] .Python.Stmt                                                      yield ... * n)<NEWLINE>¦
            [0] .Python.Stmt.Simples                                            yield ... * n)<NEWLINE>¦
              [0] .Python.Stmt.Simple                                           yield ...  * n)¦
                [0] .Python.Stmt.Yield                                          yield ...  * n)¦
                  [0] .Python.Expr.Yield                                        yield ...  * n)¦
                    [0] .Python.Expr.Primary.(                                  range ...  * n)¦
                      [0] .Python.Expr.Atom                                     range¦
                        [0] .identifier                                         ｢range｣
                      [1] .Python.Arguments                                     n, 2 * n¦
                        [0] .Python.Argument                                    n¦
                          [0] .Python.Expr.Named                                n¦
                            [0] .Python.Expr.Atom                               n¦
                              [0] .identifier                                   ｢n｣
                        [1] .Python.Argument                                    2 * n¦
                          [0] .Python.Expr.Named                                2 * n¦
                            [0] .Python.Expr.Term.*                             2 * n¦
                              [0] .Python.Expr.Atom                             2 ¦
                                [0] .Python.number                              ｢2｣
                                  [0] .number                                   ｢2｣
                                    [0] .number.integer                         ｢2｣
                                      [0] .number.integer.decimal               ｢2｣
                                        [0] .number.unsigned.integer.decimal    ｢2｣
                              [1] .Python.Expr.Atom                             n¦
                                [0] .identifier                                 ｢n｣
          [2] .Python.Stmt                                                      value ... ield<NEWLINE>¦
            [0] .Python.Stmt.Simples                                            value ... ield<NEWLINE>¦
              [0] .Python.Stmt.Simple                                           value ... yield¦
                [0] .Python.Stmt.Assignment                                     value ... yield¦
                  [0] .Python.Stmt.Assignment.Plain                             value ... yield¦
                    [0] .Python.StarTargets                                     value ¦
                      [0] .Python.StarTarget                                    value ¦
                        [0] .Python.Expr.Atom                                   value ¦
                          [0] .identifier                                       ｢value｣
                    [1] .Python.Stmt.Assignment.Rhs                             yield¦
                      [0] .Python.Expr.Yield                                    yield¦
          [3] .Python.Stmt                                                      retur ... ue<NEWLINE><NEWLINE><NEWLINE>¦
            [0] .Python.Stmt.Simples                                            retur ... ue<NEWLINE><NEWLINE><NEWLINE>¦
              [0] .Python.Stmt.Simple                                           retur ... value¦
                [0] .Python.Stmt.Return                                         retur ... value¦
                  [0] .Python.StarExprs                                         value¦
                    [0] .Python.StarExpr                                        value¦
                      [0] .Python.Expr.Atom                                     value¦
                        [0] .identifier                                         ｢value｣
  [33] .Python.Stmt                                                             if __ ...  y)<NEWLINE><DEDENT>¦
    [0] .Python.Stmt.Compound                                                   if __ ...  y)<NEWLINE><DEDENT>¦
      [0] .Python.Stmt.If                                                       if __ ...  y)<NEWLINE><DEDENT>¦
        [0] .Python.Expr.Named                                                  __nam ... in__\"¦
          [0] .Python.Expr.Comparison.==                                        __nam ... in__\"¦
            [0] .Python.Expr.Atom                                               __name__ ¦
              [0] .identifier                                                   ｢__name__｣
            [1] .Python.Expr.Atom                                               \"__main__\"¦
              [0] .Python.Strings                                               \"__main__\"¦
                [0] .string                                                     ｢"__main__"｣
        [1] .Python.Stmt.Block                                                  <NEWLINE><INDENT>poi ...  y)<NEWLINE><DEDENT>¦
          [0] .Python.Stmt                                                      point ... , 4)<NEWLINE>¦
            [0] .Python.Stmt.Simples                                            point ... , 4)<NEWLINE>¦
              [0] .Python.Stmt.Simple                                           point ... 3, 4)¦
                [0] .Python.Stmt.Assignment                                     point ... 3, 4)¦
                  [0] .Python.Stmt.Assignment.Plain                             point ... 3, 4)¦
                    [0] .Python.StarTargets                                     point ¦
                      [0] .Python.StarTarget                                    point ¦
                        [0] .Python.Expr.Atom                                   point ¦
                          [0] .identifier                                       ｢point｣
                    [1] .Python.Stmt.Assignment.Rhs                             Point ... 3, 4)¦
                      [0] .Python.StarExprs                                     Point ... 3, 4)¦
                        [0] .Python.StarExpr                                    Point ... 3, 4)¦
                          [0] .Python.Expr.Primary.(                            Point ... 3, 4)¦
                            [0] .Python.Expr.Atom                               Point¦
                              [0] .identifier                                   ｢Point｣
                            [1] .Python.Arguments                               3, 4¦
                              [0] .Python.Argument                              3¦
                                [0] .Python.Expr.Named                          3¦
                                  [0] .Python.Expr.Atom                         3¦
                                    [0] .Python.number                          ｢3｣
                                      [0] .number                               ｢3｣
                                        [0] .number.integer                     ｢3｣
                                          [0] .number.integer.decimal           ｢3｣
                                            [0] .number.unsigned.integer.decimal ｢3｣
                              [1] .Python.Argument                              4¦
                                [0] .Python.Expr.Named                          4¦
                                  [0] .Python.Expr.Atom                         4¦
                                    [0] .Python.number                          ｢4｣
                                      [0] .number                               ｢4｣
                                        [0] .number.integer                     ｢4｣
                                          [0] .number.integer.decimal           ｢4｣
                                            [0] .number.unsigned.integer.decimal ｢4｣
          [1] .Python.Stmt                                                      print ... orm)<NEWLINE>¦
            [0] .Python.Stmt.Simples                                            print ... orm)<NEWLINE>¦
              [0] .Python.Stmt.Simple                                           print ... norm)¦
                [0] .Python.StarExprs                                           print ... norm)¦
                  [0] .Python.StarExpr                                          print ... norm)¦
                    [0] .Python.Expr.Primary.(                                  print ... norm)¦
                      [0] .Python.Expr.Atom                                     print¦
                        [0] .identifier                                         ｢print｣
                      [1] .Python.Arguments                                     descr ... .norm¦
                        [0] .Python.Argument                                    descr ... oint)¦
                          [0] .Python.Expr.Named                                descr ... oint)¦
                            [0] .Python.Expr.Primary.(                          descr ... oint)¦
                              [0] .Python.Expr.Atom                             describe¦
                                [0] .identifier                                 ｢describe｣
                              [1] .Python.Arguments                             point¦
                                [0] .Python.Argument                            point¦
                                  [0] .Python.Expr.Named                        point¦
                                    [0] .Python.Expr.Atom                       point¦
                                      [0] .identifier                           ｢point｣
                        [1] .Python.Argument                                    point.norm¦
                          [0] .Python.Expr.Named                                point.norm¦
                            [0] .Python.Expr.Primary..                          point.norm¦
                              [0] .Python.Expr.Atom                             point¦
                                [0] .identifier                                 ｢point｣
                              [1] .Python.Expr.Atom                             norm¦
                                [0] .identifier                                 ｢norm｣
          [2] .Python.Stmt                                                      print ... \"]))<NEWLINE>¦
            [0] .Python.Stmt.Simples                                            print ... \"]))<NEWLINE>¦
              [0] .Python.Stmt.Simple                                           print ... h\"]))¦
                [0] .Python.StarExprs                                           print ... h\"]))¦
                  [0] .Python.StarExpr                                          print ... h\"]))¦
                    [0] .Python.Expr.Primary.(                                  print ... h\"]))¦
                      [0] .Python.Expr.Atom                                     print¦
                        [0] .identifier                                         ｢print｣
                      [1] .Python.Arguments                                     class ... th\"])¦
                        [0] .Python.Argument                                    class ... uit\")¦
                          [0] .Python.Expr.Named                                class ... uit\")¦
                            [0] .Python.Expr.Primary.(                          class ... uit\")¦
                              [0] .Python.Expr.Atom                             classify¦
                                [0] .identifier                                 ｢classify｣
                              [1] .Python.Arguments                             \"quit\"¦
                                [0] .Python.Argument                            \"quit\"¦
                                  [0] .Python.Expr.Named                        \"quit\"¦
                                    [0] .Python.Expr.Atom                       \"quit\"¦
                                      [0] .Python.Strings                       \"quit\"¦
                                        [0] .string                             ｢"quit"｣
                        [1] .Python.Argument                                    class ... th\"])¦
                          [0] .Python.Expr.Named                                class ... th\"])¦
                            [0] .Python.Expr.Primary.(                          class ... th\"])¦
                              [0] .Python.Expr.Atom                             classify¦
                                [0] .identifier                                 ｢classify｣
                              [1] .Python.Arguments                             [\"mov ... rth\"]¦
                                [0] .Python.Argument                            [\"mov ... rth\"]¦
                                  [0] .Python.Expr.Named                        [\"mov ... rth\"]¦
                                    [0] .Python.Expr.Atom                       [\"mov ... rth\"]¦
                                      [0] .Python.Expr.List                     [\"mov ... rth\"]¦
                                        [0] .Python.StarNamedExprs              \"move ... orth\"¦
                                          [0] .Python.StarNamedExpr             \"move\"¦
                                            [0] .Python.Expr.Named              \"move\"¦
                                              [0] .Python.Expr.Atom             \"move\"¦
                                                [0] .Python.Strings             \"move\"¦
                                                  [0] .string                   ｢"move"｣
                                          [1] .Python.StarNamedExpr             \"north\"¦
                                            [0] .Python.Expr.Named              \"north\"¦
                                              [0] .Python.Expr.Atom             \"north\"¦
                                                [0] .Python.Strings             \"north\"¦
                                                  [0] .string                   ｢"north"｣
          [3] .Python.Stmt                                                      x = 1 ... , y)<NEWLINE>¦
            [0] .Python.Stmt.Simples                                            x = 1 ... , y)<NEWLINE>¦
              [0] .Python.Stmt.Simple                                           x = 1¦
                [0] .Python.Stmt.Assignment                                     x = 1¦
                  [0] .Python.Stmt.Assignment.Plain                             x = 1¦
                    [0] .Python.StarTargets                                     x ¦
                      [0] .Python.StarTarget                                    x ¦
                        [0] .Python.Expr.Atom                                   x ¦
                          [0] .identifier                                       ｢x｣
                    [1] .Python.Stmt.Assignment.Rhs                             1¦
                      [0] .Python.StarExprs                                     1¦
                        [0] .Python.StarExpr                                    1¦
                          [0] .Python.Expr.Atom                                 1¦
                            [0] .Python.number                                  ｢1｣
                              [0] .number                                       ｢1｣
                                [0] .number.integer                             ｢1｣
                                  [0] .number.integer.decimal                   ｢1｣
                                    [0] .number.unsigned.integer.decimal        ｢1｣
              [1] .Python.Stmt.Simple                                           y = 2¦
                [0] .Python.Stmt.Assignment                                     y = 2¦
                  [0] .Python.Stmt.Assignment.Plain                             y = 2¦
                    [0] .Python.StarTargets                                     y ¦
                      [0] .Python.StarTarget                                    y ¦
                        [0] .Python.Expr.Atom                                   y ¦
                          [0] .identifier                                       ｢y｣
                    [1] .Python.Stmt.Assignment.Rhs                             2¦
                      [0] .Python.StarExprs                                     2¦
                        [0] .Python.StarExpr                                    2¦
                          [0] .Python.Expr.Atom                                 2¦
                            [0] .Python.number                                  ｢2｣
                              [0] .number                                       ｢2｣
                                [0] .number.integer                             ｢2｣
                                  [0] .number.integer.decimal                   ｢2｣
                                    [0] .number.unsigned.integer.decimal        ｢2｣
              [2] .Python.Stmt.Simple                                           print ... x, y)¦
                [0] .Python.StarExprs                                           print ... x, y)¦
                  [0] .Python.StarExpr                                          print ... x, y)¦
                    [0] .Python.Expr.Primary.(                                  print ... x, y)¦
                      [0] .Python.Expr.Atom                                     print¦
                        [0] .identifier                                         ｢print｣
                      [1] .Python.Arguments                                     x, y¦
                        [0] .Python.Argument                                    x¦
                          [0] .Python.Expr.Named                                x¦
                            [0] .Python.Expr.Atom                               x¦
                              [0] .identifier                                   ｢x｣
                        [1] .Python.Argument                                    y¦
                          [0] .Python.Expr.Named                                y¦
                            [0] .Python.Expr.Atom                               y¦
                              [0] .identifier                                   ｢y｣

[0] .Bash                                                                       <NEWLINE><NEWLINE>set ... it 0<NEWLINE>¦
  [0] .Bash.CompleteCommand                                                     set -e¦
    [0] .Bash.List                                                              set -e¦
      [0] .Bash.Command                                                         set -e¦
        [0] .Bash.SimpleCommand                                                 set -e¦
          [0] .Bash.CmdName                                                     set ¦
            [0] .Bash.Word                                                      set ¦
              [0] .Bash.word                                                    ｢set｣
          [1] .Bash.CmdSuffix                                                   -e¦
            [0] .Bash.Word                                                      -e¦
              [0] .Bash.word                                                    ｢-e｣
  [1] .Bash.CompleteCommand                                                     PREFI ... local¦
    [0] .Bash.List                                                              PREFI ... local¦
      [0] .Bash.Command                                                         PREFI ... local¦
        [0] .Bash.SimpleCommand                                                 PREFI ... local¦
          [0] .Bash.CmdPrefix                                                   PREFI ... local¦
            [0] .Bash.Assignment                                                PREFI ... local¦
              [0] .identifier                                                   ｢PREFIX｣
              [1] .Bash.word                                                    ｢/usr/local｣
  [2] .Bash.CompleteCommand                                                     BIN_D ... X/bin¦
    [0] .Bash.List                                                              BIN_D ... X/bin¦
      [0] .Bash.Command                                                         BIN_D ... X/bin¦
        [0] .Bash.SimpleCommand                                                 BIN_D ... X/bin¦
          [0] .Bash.CmdPrefix                                                   BIN_D ... X/bin¦
            [0] .Bash.Assignment                                                BIN_D ... X/bin¦
              [0] .identifier                                                   ｢BIN_DIR｣
              [1] .Bash.word                                                    ｢$PREFIX/bin｣
                [0] .Bash.dollarParam                                           ｢$PREFIX｣
                  [0] .identifier                                               ｢PREFIX｣
  [3] .Bash.CompleteCommand                                                     name='ash'¦
    [0] .Bash.List                                                              name='ash'¦
      [0] .Bash.Command                                                         name='ash'¦
        [0] .Bash.SimpleCommand                                                 name='ash'¦
          [0] .Bash.CmdPrefix                                                   name='ash'¦
            [0] .Bash.Assignment                                                name='ash'¦
              [0] .identifier                                                   ｢name｣
              [1] .Bash.word                                                    ｢'ash'｣
                [0] .Bash.singleQuoted                                          ｢'ash'｣
  [4] .Bash.CompleteCommand                                                     greet ... orld\"¦
    [0] .Bash.List                                                              greet ... orld\"¦
      [0] .Bash.Command                                                         greet ... orld\"¦
        [0] .Bash.SimpleCommand                                                 greet ... orld\"¦
          [0] .Bash.CmdPrefix                                                   greet ... orld\"¦
            [0] .Bash.Assignment                                                greet ... orld\"¦
              [0] .identifier                                                   ｢greeting｣
              [1] .Bash.word                                                    ｢"hello, world"｣
                [0] .Bash.doubleQuoted                                          ｢"hello, world"｣
                  [0] .Bash.dqChunk                                             ｢hello, world｣
  [5] .Bash.CompleteCommand                                                     greet ... g\"<NEWLINE><DEDENT>}¦
    [0] .Bash.List                                                              greet ... g\"<NEWLINE><DEDENT>}¦
      [0] .Bash.Command                                                         greet ... g\"<NEWLINE><DEDENT>}¦
        [0] .Bash.FunctionDefinition                                            greet ... g\"<NEWLINE><DEDENT>}¦
          [0] .Bash.fname                                                       ｢greet｣
            [0] .identifier                                                     ｢greet｣
          [1] .Bash.CompoundCommand                                             {<NEWLINE><INDENT>pr ... g\"<NEWLINE><DEDENT>}¦
            [0] .Bash.BraceGroup                                                {<NEWLINE><INDENT>pr ... g\"<NEWLINE><DEDENT>}¦
              [0] .Bash.Term                                                    print ... ting\"¦
                [0] .Bash.Command                                               print ... ting\"¦
                  [0] .Bash.SimpleCommand                                       print ... ting\"¦
                    [0] .Bash.CmdName                                           printf ¦
                      [0] .Bash.Word                                            printf ¦
                        [0] .Bash.word                                          ｢printf｣
                    [1] .Bash.CmdSuffix                                         '%s\\n ... ting\"¦
                      [0] .Bash.Word                                            '%s\\n' ¦
                        [0] .Bash.word                                          ｢'%s\n'｣
                          [0] .Bash.singleQuoted                                ｢'%s\n'｣
                      [1] .Bash.Word                                            \"$gre ... ting\"¦
                        [0] .Bash.word                                          ｢"$greeting"｣
                          [0] .Bash.doubleQuoted                                ｢"$greeting"｣
                            [0] .Bash.dollarParam                               ｢$greeting｣
                              [0] .identifier                                   ｢greeting｣
  [6] .Bash.CompleteCommand                                                     count ... n\"<NEWLINE><DEDENT>}¦
    [0] .Bash.List                                                              count ... n\"<NEWLINE><DEDENT>}¦
      [0] .Bash.Command                                                         count ... n\"<NEWLINE><DEDENT>}¦
        [0] .Bash.FunctionDefinition                                            count ... n\"<NEWLINE><DEDENT>}¦
          [0] .Bash.fname                                                       ｢count_args｣
            [0] .identifier                                                     ｢count_args｣
          [1] .Bash.CompoundCommand                                             {<NEWLINE><INDENT>lo ... n\"<NEWLINE><DEDENT>}¦
            [0] .Bash.BraceGroup                                                {<NEWLINE><INDENT>lo ... n\"<NEWLINE><DEDENT>}¦
              [0] .Bash.Term                                                    local ... : $n\"¦
                [0] .Bash.Command                                               local n=$1¦
                  [0] .Bash.SimpleCommand                                       local n=$1¦
                    [0] .Bash.CmdName                                           local ¦
                      [0] .Bash.Word                                            local ¦
                        [0] .Bash.word                                          ｢local｣
                    [1] .Bash.CmdSuffix                                         n=$1¦
                      [0] .Bash.Word                                            n=$1¦
                        [0] .Bash.word                                          ｢n=$1｣
                          [0] .Bash.dollarParam                                 ｢$1｣
                [1] .Bash.Command                                               echo  ... : $n\"¦
                  [0] .Bash.SimpleCommand                                       echo  ... : $n\"¦
                    [0] .Bash.CmdName                                           echo ¦
                      [0] .Bash.Word                                            echo ¦
                        [0] .Bash.word                                          ｢echo｣
                    [1] .Bash.CmdSuffix                                         \"args: $n\"¦
                      [0] .Bash.Word                                            \"args: $n\"¦
                        [0] .Bash.word                                          ｢"args: $n"｣
                          [0] .Bash.doubleQuoted                                ｢"args: $n"｣
                            [0] .Bash.dqChunk                                   ｢args: ｣
                            [1] .Bash.dollarParam                               ｢$n｣
                              [0] .identifier                                   ｢n｣
  [7] .Bash.CompleteCommand                                                     if [  ... 2<NEWLINE><DEDENT>fi¦
    [0] .Bash.List                                                              if [  ... 2<NEWLINE><DEDENT>fi¦
      [0] .Bash.Command                                                         if [  ... 2<NEWLINE><DEDENT>fi¦
        [0] .Bash.CompoundCommand                                               if [  ... 2<NEWLINE><DEDENT>fi¦
          [0] .Bash.IfClause                                                    if [  ... 2<NEWLINE><DEDENT>fi¦
            [0] .Bash.Term                                                      [ -d  ... IR\" ]¦
              [0] .Bash.Command                                                 [ -d  ... IR\" ]¦
                [0] .Bash.SimpleCommand                                         [ -d  ... IR\" ]¦
                  [0] .Bash.CmdName                                             [ ¦
                    [0] .Bash.Word                                              [ ¦
                      [0] .Bash.word                                            ｢[｣
                  [1] .Bash.CmdSuffix                                           -d \"$ ... IR\" ]¦
                    [0] .Bash.Word                                              -d ¦
                      [0] .Bash.word                                            ｢-d｣
                    [1] .Bash.Word                                              \"$BIN ... DIR\" ¦
                      [0] .Bash.word                                            ｢"$BIN_DIR"｣
                        [0] .Bash.doubleQuoted                                  ｢"$BIN_DIR"｣
                          [0] .Bash.dollarParam                                 ｢$BIN_DIR｣
                            [0] .identifier                                     ｢BIN_DIR｣
                    [2] .Bash.Word                                              ]¦
                      [0] .Bash.word                                            ｢]｣
            [1] .Bash.separatorOp                                               ｢;｣
            [2] .Bash.Term                                                      echo  ... _DIR\"¦
              [0] .Bash.Command                                                 echo  ... _DIR\"¦
                [0] .Bash.SimpleCommand                                         echo  ... _DIR\"¦
                  [0] .Bash.CmdName                                             echo ¦
                    [0] .Bash.Word                                              echo ¦
                      [0] .Bash.word                                            ｢echo｣
                  [1] .Bash.CmdSuffix                                           \"foun ... _DIR\"¦
                    [0] .Bash.Word                                              \"foun ... _DIR\"¦
                      [0] .Bash.word                                            ｢"found $BIN_DIR"｣
                        [0] .Bash.doubleQuoted                                  ｢"found $BIN_DIR"｣
                          [0] .Bash.dqChunk                                     ｢found ｣
                          [1] .Bash.dollarParam                                 ｢$BIN_DIR｣
                            [0] .identifier                                     ｢BIN_DIR｣
            [3] .Bash.ElsePart                                                  elif  ... >&2<NEWLINE><DEDENT>¦
              [0] .Bash.Term                                                    [ -d  ... bin ]¦
                [0] .Bash.Command                                               [ -d  ... bin ]¦
                  [0] .Bash.SimpleCommand                                       [ -d  ... bin ]¦
                    [0] .Bash.CmdName                                           [ ¦
                      [0] .Bash.Word                                            [ ¦
                        [0] .Bash.word                                          ｢[｣
                    [1] .Bash.CmdSuffix                                         -d /u ... bin ]¦
                      [0] .Bash.Word                                            -d ¦
                        [0] .Bash.word                                          ｢-d｣
                      [1] .Bash.Word                                            /usr/bin ¦
                        [0] .Bash.word                                          ｢/usr/bin｣
                      [2] .Bash.Word                                            ]¦
                        [0] .Bash.word                                          ｢]｣
              [1] .Bash.separatorOp                                             ｢;｣
              [2] .Bash.Term                                                    echo  ... /bin\"¦
                [0] .Bash.Command                                               echo  ... /bin\"¦
                  [0] .Bash.SimpleCommand                                       echo  ... /bin\"¦
                    [0] .Bash.CmdName                                           echo ¦
                      [0] .Bash.Word                                            echo ¦
                        [0] .Bash.word                                          ｢echo｣
                    [1] .Bash.CmdSuffix                                         \"fall ... /bin\"¦
                      [0] .Bash.Word                                            \"fall ... /bin\"¦
                        [0] .Bash.word                                          ｢"falling back to /usr/bin"｣
                          [0] .Bash.doubleQuoted                                ｢"falling back to /usr/bin"｣
                            [0] .Bash.dqChunk                                   ｢falling back to /usr/bin｣
              [3] .Bash.ElsePart                                                else<NEWLINE> ... >&2<NEWLINE><DEDENT>¦
                [0] .Bash.Term                                                  echo  ...  1>&2¦
                  [0] .Bash.Command                                             echo  ...  1>&2¦
                    [0] .Bash.SimpleCommand                                     echo  ...  1>&2¦
                      [0] .Bash.CmdName                                         echo ¦
                        [0] .Bash.Word                                          echo ¦
                          [0] .Bash.word                                        ｢echo｣
                      [1] .Bash.CmdSuffix                                       \"no b ...  1>&2¦
                        [0] .Bash.Word                                          \"no b ... dir\" ¦
                          [0] .Bash.word                                        ｢"no bin dir"｣
                            [0] .Bash.doubleQuoted                              ｢"no bin dir"｣
                              [0] .Bash.dqChunk                                 ｢no bin dir｣
                        [1] .Bash.IoRedirect                                    1>&2¦
                          [0] .Bash.ioNumber                                    ｢1｣
                          [1] .Bash.ioOp                                        ｢>&｣
                          [2] .Bash.Word                                        2¦
                            [0] .Bash.word                                      ｢2｣
  [8] .Bash.CompleteCommand                                                     for f ... <DEDENT>done¦
    [0] .Bash.List                                                              for f ... <DEDENT>done¦
      [0] .Bash.Command                                                         for f ... <DEDENT>done¦
        [0] .Bash.CompoundCommand                                               for f ... <DEDENT>done¦
          [0] .Bash.ForClause                                                   for f ... <DEDENT>done¦
            [0] .Bash.varName                                                   ｢f｣
              [0] .identifier                                                   ｢f｣
            [1] .Bash.WordList                                                  a.txt ... c.txt¦
              [0] .Bash.Word                                                    a.txt ¦
                [0] .Bash.word                                                  ｢a.txt｣
              [1] .Bash.Word                                                    b.txt ¦
                [0] .Bash.word                                                  ｢b.txt｣
              [2] .Bash.Word                                                    c.txt¦
                [0] .Bash.word                                                  ｢c.txt｣
            [2] .Bash.semi                                                      ｢;｣
            [3] .Bash.DoGroup                                                   do<NEWLINE><INDENT>e ... <DEDENT>done¦
              [0] .Bash.Term                                                    echo  ... g $f\"¦
                [0] .Bash.Command                                               echo  ... g $f\"¦
                  [0] .Bash.SimpleCommand                                       echo  ... g $f\"¦
                    [0] .Bash.CmdName                                           echo ¦
                      [0] .Bash.Word                                            echo ¦
                        [0] .Bash.word                                          ｢echo｣
                    [1] .Bash.CmdSuffix                                         \"proc ... g $f\"¦
                      [0] .Bash.Word                                            \"proc ... g $f\"¦
                        [0] .Bash.word                                          ｢"processing $f"｣
                          [0] .Bash.doubleQuoted                                ｢"processing $f"｣
                            [0] .Bash.dqChunk                                   ｢processing ｣
                            [1] .Bash.dollarParam                               ｢$f｣
                              [0] .identifier                                   ｢f｣
  [9] .Bash.CompleteCommand                                                     i=0¦
    [0] .Bash.List                                                              i=0¦
      [0] .Bash.Command                                                         i=0¦
        [0] .Bash.SimpleCommand                                                 i=0¦
          [0] .Bash.CmdPrefix                                                   i=0¦
            [0] .Bash.Assignment                                                i=0¦
              [0] .identifier                                                   ｢i｣
              [1] .Bash.word                                                    ｢0｣
  [10] .Bash.CompleteCommand                                                    while ... <DEDENT>done¦
    [0] .Bash.List                                                              while ... <DEDENT>done¦
      [0] .Bash.Command                                                         while ... <DEDENT>done¦
        [0] .Bash.CompoundCommand                                               while ... <DEDENT>done¦
          [0] .Bash.WhileClause                                                 while ... <DEDENT>done¦
            [0] .Bash.Term                                                      [ $i  ... t 3 ]¦
              [0] .Bash.Command                                                 [ $i  ... t 3 ]¦
                [0] .Bash.SimpleCommand                                         [ $i  ... t 3 ]¦
                  [0] .Bash.CmdName                                             [ ¦
                    [0] .Bash.Word                                              [ ¦
                      [0] .Bash.word                                            ｢[｣
                  [1] .Bash.CmdSuffix                                           $i -lt 3 ]¦
                    [0] .Bash.Word                                              $i ¦
                      [0] .Bash.word                                            ｢$i｣
                        [0] .Bash.dollarParam                                   ｢$i｣
                          [0] .identifier                                       ｢i｣
                    [1] .Bash.Word                                              -lt ¦
                      [0] .Bash.word                                            ｢-lt｣
                    [2] .Bash.Word                                              3 ¦
                      [0] .Bash.word                                            ｢3｣
                    [3] .Bash.Word                                              ]¦
                      [0] .Bash.word                                            ｢]｣
            [1] .Bash.separatorOp                                               ｢;｣
            [2] .Bash.DoGroup                                                   do<NEWLINE><INDENT>i ... <DEDENT>done¦
              [0] .Bash.Term                                                    i=$(( ... i=$i\"¦
                [0] .Bash.Command                                               i=$(( ...  1 ))¦
                  [0] .Bash.SimpleCommand                                       i=$(( ...  1 ))¦
                    [0] .Bash.CmdPrefix                                         i=$(( ...  1 ))¦
                      [0] .Bash.Assignment                                      i=$(( ...  1 ))¦
                        [0] .identifier                                         ｢i｣
                        [1] .Bash.word                                          ｢$(( i + 1 ))｣
                          [0] .Bash.arithExpansion                              ｢$(( i + 1 ))｣
                [1] .Bash.Command                                               echo  ... i=$i\"¦
                  [0] .Bash.SimpleCommand                                       echo  ... i=$i\"¦
                    [0] .Bash.CmdName                                           echo ¦
                      [0] .Bash.Word                                            echo ¦
                        [0] .Bash.word                                          ｢echo｣
                    [1] .Bash.CmdSuffix                                         \"i=$i\"¦
                      [0] .Bash.Word                                            \"i=$i\"¦
                        [0] .Bash.word                                          ｢"i=$i"｣
                          [0] .Bash.doubleQuoted                                ｢"i=$i"｣
                            [0] .Bash.dqChunk                                   ｢i=｣
                            [1] .Bash.dollarParam                               ｢$i｣
                              [0] .identifier                                   ｢i｣
  [11] .Bash.CompleteCommand                                                    until ... <DEDENT>done¦
    [0] .Bash.List                                                              until ... <DEDENT>done¦
      [0] .Bash.Command                                                         until ... <DEDENT>done¦
        [0] .Bash.CompoundCommand                                               until ... <DEDENT>done¦
          [0] .Bash.UntilClause                                                 until ... <DEDENT>done¦
            [0] .Bash.Term                                                      [ $i  ... q 0 ]¦
              [0] .Bash.Command                                                 [ $i  ... q 0 ]¦
                [0] .Bash.SimpleCommand                                         [ $i  ... q 0 ]¦
                  [0] .Bash.CmdName                                             [ ¦
                    [0] .Bash.Word                                              [ ¦
                      [0] .Bash.word                                            ｢[｣
                  [1] .Bash.CmdSuffix                                           $i -eq 0 ]¦
                    [0] .Bash.Word                                              $i ¦
                      [0] .Bash.word                                            ｢$i｣
                        [0] .Bash.dollarParam                                   ｢$i｣
                          [0] .identifier                                       ｢i｣
                    [1] .Bash.Word                                              -eq ¦
                      [0] .Bash.word                                            ｢-eq｣
                    [2] .Bash.Word                                              0 ¦
                      [0] .Bash.word                                            ｢0｣
                    [3] .Bash.Word                                              ]¦
                      [0] .Bash.word                                            ｢]｣
            [1] .Bash.separatorOp                                               ｢;｣
            [2] .Bash.DoGroup                                                   do<NEWLINE><INDENT>i ... <DEDENT>done¦
              [0] .Bash.Term                                                    i=$(( ...  1 ))¦
                [0] .Bash.Command                                               i=$(( ...  1 ))¦
                  [0] .Bash.SimpleCommand                                       i=$(( ...  1 ))¦
                    [0] .Bash.CmdPrefix                                         i=$(( ...  1 ))¦
                      [0] .Bash.Assignment                                      i=$(( ...  1 ))¦
                        [0] .identifier                                         ｢i｣
                        [1] .Bash.word                                          ｢$(( i - 1 ))｣
                          [0] .Bash.arithExpansion                              ｢$(( i - 1 ))｣
  [12] .Bash.CompleteCommand                                                    case  ... <DEDENT>esac¦
    [0] .Bash.List                                                              case  ... <DEDENT>esac¦
      [0] .Bash.Command                                                         case  ... <DEDENT>esac¦
        [0] .Bash.CompoundCommand                                               case  ... <DEDENT>esac¦
          [0] .Bash.CaseClause                                                  case  ... <DEDENT>esac¦
            [0] .Bash.Word                                                      \"$name\" ¦
              [0] .Bash.word                                                    ｢"$name"｣
                [0] .Bash.doubleQuoted                                          ｢"$name"｣
                  [0] .Bash.dollarParam                                         ｢$name｣
                    [0] .identifier                                             ｢name｣
            [1] .Bash.CaseList                                                  (ash) ...  ;;<NEWLINE><DEDENT>¦
              [0] .Bash.CaseItem                                                (ash) ... \" ;;<NEWLINE>¦
                [0] .Bash.Pattern                                               ash¦
                  [0] .Bash.Word                                                ash¦
                    [0] .Bash.word                                              ｢ash｣
                [1] .Bash.Term                                                  echo  ... ash\" ¦
                  [0] .Bash.Command                                             echo  ... ash\" ¦
                    [0] .Bash.SimpleCommand                                     echo  ... ash\" ¦
                      [0] .Bash.CmdName                                         echo ¦
                        [0] .Bash.Word                                          echo ¦
                          [0] .Bash.word                                        ｢echo｣
                      [1] .Bash.CmdSuffix                                       \"this ... ash\" ¦
                        [0] .Bash.Word                                          \"this ... ash\" ¦
                          [0] .Bash.word                                        ｢"this is ash"｣
                            [0] .Bash.doubleQuoted                              ｢"this is ash"｣
                              [0] .Bash.dqChunk                                 ｢this is ash｣
                [2] .Bash.dsemi                                                 ｢;;｣
              [1] .Bash.CaseItem                                                (bash ... \" ;;<NEWLINE>¦
                [0] .Bash.Pattern                                               bash|sh¦
                  [0] .Bash.Word                                                bash¦
                    [0] .Bash.word                                              ｢bash｣
                  [1] .Bash.Word                                                sh¦
                    [0] .Bash.word                                              ｢sh｣
                [1] .Bash.Term                                                  echo  ... ugh\" ¦
                  [0] .Bash.Command                                             echo  ... ugh\" ¦
                    [0] .Bash.SimpleCommand                                     echo  ... ugh\" ¦
                      [0] .Bash.CmdName                                         echo ¦
                        [0] .Bash.Word                                          echo ¦
                          [0] .Bash.word                                        ｢echo｣
                      [1] .Bash.CmdSuffix                                       \"clos ... ugh\" ¦
                        [0] .Bash.Word                                          \"clos ... ugh\" ¦
                          [0] .Bash.word                                        ｢"close enough"｣
                            [0] .Bash.doubleQuoted                              ｢"close enough"｣
                              [0] .Bash.dqChunk                                 ｢close enough｣
                [2] .Bash.dsemi                                                 ｢;;｣
              [2] .Bash.CaseItem                                                (*) e ...  ;;<NEWLINE><DEDENT>¦
                [0] .Bash.Pattern                                               *¦
                  [0] .Bash.Word                                                *¦
                    [0] .Bash.word                                              ｢*｣
                [1] .Bash.Term                                                  echo  ... own\" ¦
                  [0] .Bash.Command                                             echo  ... own\" ¦
                    [0] .Bash.SimpleCommand                                     echo  ... own\" ¦
                      [0] .Bash.CmdName                                         echo ¦
                        [0] .Bash.Word                                          echo ¦
                          [0] .Bash.word                                        ｢echo｣
                      [1] .Bash.CmdSuffix                                       \"unknown\" ¦
                        [0] .Bash.Word                                          \"unknown\" ¦
                          [0] .Bash.word                                        ｢"unknown"｣
                            [0] .Bash.doubleQuoted                              ｢"unknown"｣
                              [0] .Bash.dqChunk                                 ｢unknown｣
                [2] .Bash.dsemi                                                 ｢;;｣
  [13] .Bash.CompleteCommand                                                    today ... m-%d)¦
    [0] .Bash.List                                                              today ... m-%d)¦
      [0] .Bash.Command                                                         today ... m-%d)¦
        [0] .Bash.SimpleCommand                                                 today ... m-%d)¦
          [0] .Bash.CmdPrefix                                                   today ... m-%d)¦
            [0] .Bash.Assignment                                                today ... m-%d)¦
              [0] .identifier                                                   ｢today｣
              [1] .Bash.word                                                    ｢$(date +%Y-%m-%d)｣
                [0] .Bash.CommandSubstitution                                   $(dat ... m-%d)¦
                  [0] .Bash.Term                                                date  ... %m-%d¦
                    [0] .Bash.Command                                           date  ... %m-%d¦
                      [0] .Bash.SimpleCommand                                   date  ... %m-%d¦
                        [0] .Bash.CmdName                                       date ¦
                          [0] .Bash.Word                                        date ¦
                            [0] .Bash.word                                      ｢date｣
                        [1] .Bash.CmdSuffix                                     +%Y-%m-%d¦
                          [0] .Bash.Word                                        +%Y-%m-%d¦
                            [0] .Bash.word                                      ｢+%Y-%m-%d｣
  [14] .Bash.CompleteCommand                                                    echo  ... day}\"¦
    [0] .Bash.List                                                              echo  ... day}\"¦
      [0] .Bash.Command                                                         echo  ... day}\"¦
        [0] .Bash.SimpleCommand                                                 echo  ... day}\"¦
          [0] .Bash.CmdName                                                     echo ¦
            [0] .Bash.Word                                                      echo ¦
              [0] .Bash.word                                                    ｢echo｣
          [1] .Bash.CmdSuffix                                                   \"toda ... day}\"¦
            [0] .Bash.Word                                                      \"toda ... day}\"¦
              [0] .Bash.word                                                    ｢"today is ${today}"｣
                [0] .Bash.doubleQuoted                                          ｢"today is ${today}"｣
                  [0] .Bash.dqChunk                                             ｢today is ｣
                  [1] .Bash.braceParam                                          ｢${today}｣
  [15] .Bash.CompleteCommand                                                    ls -l ... /null¦
    [0] .Bash.List                                                              ls -l ... /null¦
      [0] .Bash.AndOr.Pipe.|                                                    ls -l ... /null¦
        [0] .Bash.Command                                                       ls -l ... /tmp ¦
          [0] .Bash.SimpleCommand                                               ls -l ... /tmp ¦
            [0] .Bash.CmdName                                                   ls ¦
              [0] .Bash.Word                                                    ls ¦
                [0] .Bash.word                                                  ｢ls｣
            [1] .Bash.CmdSuffix                                                 -la /tmp ¦
              [0] .Bash.Word                                                    -la ¦
                [0] .Bash.word                                                  ｢-la｣
              [1] .Bash.Word                                                    /tmp ¦
                [0] .Bash.word                                                  ｢/tmp｣
        [1] .Bash.Command                                                       grep  ... tal' ¦
          [0] .Bash.SimpleCommand                                               grep  ... tal' ¦
            [0] .Bash.CmdName                                                   grep ¦
              [0] .Bash.Word                                                    grep ¦
                [0] .Bash.word                                                  ｢grep｣
            [1] .Bash.CmdSuffix                                                 -v '^ ... tal' ¦
              [0] .Bash.Word                                                    -v ¦
                [0] .Bash.word                                                  ｢-v｣
              [1] .Bash.Word                                                    '^total' ¦
                [0] .Bash.word                                                  ｢'^total'｣
                  [0] .Bash.singleQuoted                                        ｢'^total'｣
        [2] .Bash.Command                                                       wc -l ... /null¦
          [0] .Bash.SimpleCommand                                               wc -l ... /null¦
            [0] .Bash.CmdName                                                   wc ¦
              [0] .Bash.Word                                                    wc ¦
                [0] .Bash.word                                                  ｢wc｣
            [1] .Bash.CmdSuffix                                                 -l >  ... /null¦
              [0] .Bash.Word                                                    -l ¦
                [0] .Bash.word                                                  ｢-l｣
              [1] .Bash.IoRedirect                                              > /de ... /null¦
                [0] .Bash.ioOp                                                  ｢>｣
                [1] .Bash.Word                                                  /dev/null¦
                  [0] .Bash.word                                                ｢/dev/null｣
  [16] .Bash.CompleteCommand                                                    { ech ...  2>&1¦
    [0] .Bash.List                                                              { ech ...  2>&1¦
      [0] .Bash.Command                                                         { ech ...  2>&1¦
        [0] .Bash.CompoundCommand                                               { ech ... o; } ¦
          [0] .Bash.BraceGroup                                                  { ech ... o; } ¦
            [0] .Bash.Term                                                      echo  ... o two¦
              [0] .Bash.Command                                                 echo one¦
                [0] .Bash.SimpleCommand                                         echo one¦
                  [0] .Bash.CmdName                                             echo ¦
                    [0] .Bash.Word                                              echo ¦
                      [0] .Bash.word                                            ｢echo｣
                  [1] .Bash.CmdSuffix                                           one¦
                    [0] .Bash.Word                                              one¦
                      [0] .Bash.word                                            ｢one｣
              [1] .Bash.separatorOp                                             ｢;｣
              [2] .Bash.Command                                                 echo two¦
                [0] .Bash.SimpleCommand                                         echo two¦
                  [0] .Bash.CmdName                                             echo ¦
                    [0] .Bash.Word                                              echo ¦
                      [0] .Bash.word                                            ｢echo｣
                  [1] .Bash.CmdSuffix                                           two¦
                    [0] .Bash.Word                                              two¦
                      [0] .Bash.word                                            ｢two｣
            [1] .Bash.separatorOp                                               ｢;｣
        [1] .Bash.RedirectList                                                  > /de ...  2>&1¦
          [0] .Bash.IoRedirect                                                  > /de ... null ¦
            [0] .Bash.ioOp                                                      ｢>｣
            [1] .Bash.Word                                                      /dev/null ¦
              [0] .Bash.word                                                    ｢/dev/null｣
          [1] .Bash.IoRedirect                                                  2>&1¦
            [0] .Bash.ioNumber                                                  ｢2｣
            [1] .Bash.ioOp                                                      ｢>&｣
            [2] .Bash.Word                                                      1¦
              [0] .Bash.word                                                    ｢1｣
  [17] .Bash.CompleteCommand                                                    ( cd  ... /null¦
    [0] .Bash.List                                                              ( cd  ... /null¦
      [0] .Bash.Command                                                         ( cd  ... /null¦
        [0] .Bash.CompoundCommand                                               ( cd  ... ls ) ¦
          [0] .Bash.Subshell                                                    ( cd  ... ls ) ¦
            [0] .Bash.Term                                                      cd /t ... & ls ¦
              [0] .Bash.AndOr.Logic.&&                                          cd /t ... & ls ¦
                [0] .Bash.Command                                               cd /tmp ¦
                  [0] .Bash.SimpleCommand                                       cd /tmp ¦
                    [0] .Bash.CmdName                                           cd ¦
                      [0] .Bash.Word                                            cd ¦
                        [0] .Bash.word                                          ｢cd｣
                    [1] .Bash.CmdSuffix                                         /tmp ¦
                      [0] .Bash.Word                                            /tmp ¦
                        [0] .Bash.word                                          ｢/tmp｣
                [1] .Bash.Command                                               ls ¦
                  [0] .Bash.SimpleCommand                                       ls ¦
                    [0] .Bash.CmdName                                           ls ¦
                      [0] .Bash.Word                                            ls ¦
                        [0] .Bash.word                                          ｢ls｣
        [1] .Bash.RedirectList                                                  > /de ... /null¦
          [0] .Bash.IoRedirect                                                  > /de ... /null¦
            [0] .Bash.ioOp                                                      ｢>｣
            [1] .Bash.Word                                                      /dev/null¦
              [0] .Bash.word                                                    ｢/dev/null｣
  [18] .Bash.CompleteCommand                                                    greet ... iled\"¦
    [0] .Bash.List                                                              greet ... iled\"¦
      [0] .Bash.AndOr.Logic.||                                                  greet ... iled\"¦
        [0] .Bash.AndOr.Logic.&&                                                greet ... gs 3 ¦
          [0] .Bash.Command                                                     greet ¦
            [0] .Bash.SimpleCommand                                             greet ¦
              [0] .Bash.CmdName                                                 greet ¦
                [0] .Bash.Word                                                  greet ¦
                  [0] .Bash.word                                                ｢greet｣
          [1] .Bash.Command                                                     count ... gs 3 ¦
            [0] .Bash.SimpleCommand                                             count ... gs 3 ¦
              [0] .Bash.CmdName                                                 count ... args ¦
                [0] .Bash.Word                                                  count ... args ¦
                  [0] .Bash.word                                                ｢count_args｣
              [1] .Bash.CmdSuffix                                               3 ¦
                [0] .Bash.Word                                                  3 ¦
                  [0] .Bash.word                                                ｢3｣
        [1] .Bash.Command                                                       echo  ... iled\"¦
          [0] .Bash.SimpleCommand                                               echo  ... iled\"¦
            [0] .Bash.CmdName                                                   echo ¦
              [0] .Bash.Word                                                    echo ¦
                [0] .Bash.word                                                  ｢echo｣
            [1] .Bash.CmdSuffix                                                 \"failed\"¦
              [0] .Bash.Word                                                    \"failed\"¦
                [0] .Bash.word                                                  ｢"failed"｣
                  [0] .Bash.doubleQuoted                                        ｢"failed"｣
                    [0] .Bash.dqChunk                                           ｢failed｣
  [19] .Bash.CompleteCommand                                                    echo  ... /null¦
    [0] .Bash.List                                                              echo  ... /null¦
      [0] .Bash.Command                                                         echo  ... /null¦
        [0] .Bash.SimpleCommand                                                 echo  ... /null¦
          [0] .Bash.CmdName                                                     echo ¦
            [0] .Bash.Word                                                      echo ¦
              [0] .Bash.word                                                    ｢echo｣
          [1] .Bash.CmdSuffix                                                   \"${na ... /null¦
            [0] .Bash.Word                                                      \"${na ... ay}\" ¦
              [0] .Bash.word                                                    ｢"${name}-${today}"｣
                [0] .Bash.doubleQuoted                                          ｢"${name}-${today}"｣
                  [0] .Bash.braceParam                                          ｢${name}｣
                  [1] .Bash.dqChunk                                             ｢-｣
                  [2] .Bash.braceParam                                          ｢${today}｣
            [1] .Bash.IoRedirect                                                > /de ... /null¦
              [0] .Bash.ioOp                                                    ｢>｣
              [1] .Bash.Word                                                    /dev/null¦
                [0] .Bash.word                                                  ｢/dev/null｣
  [20] .Bash.CompleteCommand                                                    funct ... &2<NEWLINE><DEDENT>}¦
    [0] .Bash.List                                                              funct ... &2<NEWLINE><DEDENT>}¦
      [0] .Bash.Command                                                         funct ... &2<NEWLINE><DEDENT>}¦
        [0] .Bash.FunctionDefinition                                            funct ... &2<NEWLINE><DEDENT>}¦
          [0] .Bash.fname                                                       ｢usage｣
            [0] .identifier                                                     ｢usage｣
          [1] .Bash.CompoundCommand                                             {<NEWLINE><INDENT>ec ... &2<NEWLINE><DEDENT>}¦
            [0] .Bash.BraceGroup                                                {<NEWLINE><INDENT>ec ... &2<NEWLINE><DEDENT>}¦
              [0] .Bash.Term                                                    echo  ... \" >&2¦
                [0] .Bash.Command                                               echo  ... \" >&2¦
                  [0] .Bash.SimpleCommand                                       echo  ... \" >&2¦
                    [0] .Bash.CmdName                                           echo ¦
                      [0] .Bash.Word                                            echo ¦
                        [0] .Bash.word                                          ｢echo｣
                    [1] .Bash.CmdSuffix                                         \"usag ... \" >&2¦
                      [0] .Bash.Word                                            \"usag ... ns]\" ¦
                        [0] .Bash.word                                          ｢"usage: $0 [options]"｣
                          [0] .Bash.doubleQuoted                                ｢"usage: $0 [options]"｣
                            [0] .Bash.dqChunk                                   ｢usage: ｣
                            [1] .Bash.dollarParam                               ｢$0｣
                            [2] .Bash.dqChunk                                   ｢ [options]｣
                      [1] .Bash.IoRedirect                                      >&2¦
                        [0] .Bash.ioOp                                          ｢>&｣
                        [1] .Bash.Word                                          2¦
                          [0] .Bash.word                                        ｢2｣
  [21] .Bash.CompleteCommand                                                    show_ ... ne<NEWLINE><DEDENT>}¦
    [0] .Bash.List                                                              show_ ... ne<NEWLINE><DEDENT>}¦
      [0] .Bash.Command                                                         show_ ... ne<NEWLINE><DEDENT>}¦
        [0] .Bash.FunctionDefinition                                            show_ ... ne<NEWLINE><DEDENT>}¦
          [0] .Bash.fname                                                       ｢show_all｣
            [0] .identifier                                                     ｢show_all｣
          [1] .Bash.CompoundCommand                                             {<NEWLINE><INDENT>fo ... ne<NEWLINE><DEDENT>}¦
            [0] .Bash.BraceGroup                                                {<NEWLINE><INDENT>fo ... ne<NEWLINE><DEDENT>}¦
              [0] .Bash.Term                                                    for a ... <DEDENT>done¦
                [0] .Bash.Command                                               for a ... <DEDENT>done¦
                  [0] .Bash.CompoundCommand                                     for a ... <DEDENT>done¦
                    [0] .Bash.ForClause                                         for a ... <DEDENT>done¦
                      [0] .Bash.varName                                         ｢arg｣
                        [0] .identifier                                         ｢arg｣
                      [1] .Bash.semi                                            ｢;｣
                      [2] .Bash.DoGroup                                         do<NEWLINE><INDENT>p ... <DEDENT>done¦
                        [0] .Bash.Term                                          print ... $arg\"¦
                          [0] .Bash.Command                                     print ... $arg\"¦
                            [0] .Bash.SimpleCommand                             print ... $arg\"¦
                              [0] .Bash.CmdName                                 printf ¦
                                [0] .Bash.Word                                  printf ¦
                                  [0] .Bash.word                                ｢printf｣
                              [1] .Bash.CmdSuffix                               '%s\\n ... $arg\"¦
                                [0] .Bash.Word                                  '%s\\n' ¦
                                  [0] .Bash.word                                ｢'%s\n'｣
                                    [0] .Bash.singleQuoted                      ｢'%s\n'｣
                                [1] .Bash.Word                                  \"$arg\"¦
                                  [0] .Bash.word                                ｢"$arg"｣
                                    [0] .Bash.doubleQuoted                      ｢"$arg"｣
                                      [0] .Bash.dollarParam                     ｢$arg｣
                                        [0] .identifier                         ｢arg｣
  [22] .Bash.CompleteCommand                                                    targe ... share¦
    [0] .Bash.List                                                              targe ... share¦
      [0] .Bash.Command                                                         targe ... share¦
        [0] .Bash.SimpleCommand                                                 targe ... share¦
          [0] .Bash.CmdPrefix                                                   targe ... share¦
            [0] .Bash.Assignment                                                targe ... share¦
              [0] .identifier                                                   ｢target｣
              [1] .Bash.word                                                    ｢${DESTDIR:-/opt}/share｣
                [0] .Bash.braceParam                                            ｢${DESTDIR:-/opt}｣
  [23] .Bash.CompleteCommand                                                    echo  ... /null¦
    [0] .Bash.List                                                              echo  ... /null¦
      [0] .Bash.Command                                                         echo  ... /null¦
        [0] .Bash.SimpleCommand                                                 echo  ... /null¦
          [0] .Bash.CmdName                                                     echo ¦
            [0] .Bash.Word                                                      echo ¦
              [0] .Bash.word                                                    ｢echo｣
          [1] .Bash.CmdSuffix                                                   ${nam ... /null¦
            [0] .Bash.Word                                                      ${nam ... day} ¦
              [0] .Bash.word                                                    ｢${name}-${today}｣
                [0] .Bash.braceParam                                            ｢${name}｣
                [1] .Bash.braceParam                                            ｢${today}｣
            [1] .Bash.IoRedirect                                                > /de ... /null¦
              [0] .Bash.ioOp                                                    ｢>｣
              [1] .Bash.Word                                                    /dev/null¦
                [0] .Bash.word                                                  ｢/dev/null｣
  [24] .Bash.CompleteCommand                                                    echo  ... /null¦
    [0] .Bash.List                                                              echo  ... /null¦
      [0] .Bash.Command                                                         echo  ... /null¦
        [0] .Bash.SimpleCommand                                                 echo  ... /null¦
          [0] .Bash.CmdName                                                     echo ¦
            [0] .Bash.Word                                                      echo ¦
              [0] .Bash.word                                                    ｢echo｣
          [1] .Bash.CmdSuffix                                                   \"$tar ... /null¦
            [0] .Bash.Word                                                      \"$target\" ¦
              [0] .Bash.word                                                    ｢"$target"｣
                [0] .Bash.doubleQuoted                                          ｢"$target"｣
                  [0] .Bash.dollarParam                                         ｢$target｣
                    [0] .identifier                                             ｢target｣
            [1] .Bash.IoRedirect                                                >> /d ... /null¦
              [0] .Bash.ioOp                                                    ｢>>｣
              [1] .Bash.Word                                                    /dev/null¦
                [0] .Bash.word                                                  ｢/dev/null｣
  [25] .Bash.CompleteCommand                                                    echo  ... /null¦
    [0] .Bash.List                                                              echo  ... /null¦
      [0] .Bash.Command                                                         echo  ... /null¦
        [0] .Bash.SimpleCommand                                                 echo  ... /null¦
          [0] .Bash.CmdName                                                     echo ¦
            [0] .Bash.Word                                                      echo ¦
              [0] .Bash.word                                                    ｢echo｣
          [1] .Bash.CmdSuffix                                                   $? >  ... /null¦
            [0] .Bash.Word                                                      $? ¦
              [0] .Bash.word                                                    ｢$?｣
                [0] .Bash.dollarParam                                           ｢$?｣
                  [0] .Bash.specialParam                                        ｢?｣
            [1] .Bash.IoRedirect                                                > /de ... /null¦
              [0] .Bash.ioOp                                                    ｢>｣
              [1] .Bash.Word                                                    /dev/null¦
                [0] .Bash.word                                                  ｢/dev/null｣
  [26] .Bash.CompleteCommand                                                    wc -l ... /null¦
    [0] .Bash.List                                                              wc -l ... /null¦
      [0] .Bash.Command                                                         wc -l ... /null¦
        [0] .Bash.SimpleCommand                                                 wc -l ... /null¦
          [0] .Bash.CmdName                                                     wc ¦
            [0] .Bash.Word                                                      wc ¦
              [0] .Bash.word                                                    ｢wc｣
          [1] .Bash.CmdSuffix                                                   -l <  ... /null¦
            [0] .Bash.Word                                                      -l ¦
              [0] .Bash.word                                                    ｢-l｣
            [1] .Bash.IoRedirect                                                < /et ... name ¦
              [0] .Bash.ioOp                                                    ｢<｣
              [1] .Bash.Word                                                    /etc/ ... name ¦
                [0] .Bash.word                                                  ｢/etc/hostname｣
            [2] .Bash.IoRedirect                                                > /de ... /null¦
              [0] .Bash.ioOp                                                    ｢>｣
              [1] .Bash.Word                                                    /dev/null¦
                [0] .Bash.word                                                  ｢/dev/null｣
  [27] .Bash.CompleteCommand                                                    ! fal ... ho ok¦
    [0] .Bash.List                                                              ! fal ... ho ok¦
      [0] .Bash.AndOr.Logic.&&                                                  ! fal ... ho ok¦
        [0] .Bash.AndOr.Bang.!                                                  ! false ¦
          [0] .Bash.Command                                                     false ¦
            [0] .Bash.SimpleCommand                                             false ¦
              [0] .Bash.CmdName                                                 false ¦
                [0] .Bash.Word                                                  false ¦
                  [0] .Bash.word                                                ｢false｣
        [1] .Bash.Command                                                       echo ok¦
          [0] .Bash.SimpleCommand                                               echo ok¦
            [0] .Bash.CmdName                                                   echo ¦
              [0] .Bash.Word                                                    echo ¦
                [0] .Bash.word                                                  ｢echo｣
            [1] .Bash.CmdSuffix                                                 ok¦
              [0] .Bash.Word                                                    ok¦
                [0] .Bash.word                                                  ｢ok｣
  [28] .Bash.CompleteCommand                                                    sleep 0 &¦
    [0] .Bash.List                                                              sleep 0 ¦
      [0] .Bash.Command                                                         sleep 0 ¦
        [0] .Bash.SimpleCommand                                                 sleep 0 ¦
          [0] .Bash.CmdName                                                     sleep ¦
            [0] .Bash.Word                                                      sleep ¦
              [0] .Bash.word                                                    ｢sleep｣
          [1] .Bash.CmdSuffix                                                   0 ¦
            [0] .Bash.Word                                                      0 ¦
              [0] .Bash.word                                                    ｢0｣
    [1] .Bash.separatorOp                                                       ｢&｣
  [29] .Bash.CompleteCommand                                                    exit 0¦
    [0] .Bash.List                                                              exit 0¦
      [0] .Bash.Command                                                         exit 0¦
        [0] .Bash.SimpleCommand                                                 exit 0¦
          [0] .Bash.CmdName                                                     exit ¦
            [0] .Bash.Word                                                      exit ¦
              [0] .Bash.word                                                    ｢exit｣
          [1] .Bash.CmdSuffix                                                   0¦
            [0] .Bash.Word                                                      0¦
              [0] .Bash.word                                                    ｢0｣

[0] .Rust                                                                       #![al ... ;<NEWLINE><DEDENT>}<NEWLINE>¦
  [0] .Rust.InnerAttr                                                           #![al ... s)]<NEWLINE><NEWLINE>¦
    [0] .Rust.Attr                                                              allow ... bles)¦
      [0] .Rust.SimplePath                                                      allow¦
        [0] .Rust.simplePathSegment                                             ｢allow｣
          [0] .Rust.identifier                                                  ｢allow｣
      [1] .Rust.AttrInput                                                       (dead ... bles)¦
        [0] .Rust.DelimTokenTree                                                (dead ... bles)¦
          [0] .Rust.TokenTree                                                   dead_code¦
            [0] .Rust.token                                                     ｢dead_code｣
          [1] .Rust.TokenTree                                                   , ¦
            [0] .Rust.token                                                     ｢,｣
          [2] .Rust.TokenTree                                                   unuse ... ables¦
            [0] .Rust.token                                                     ｢unused_variables｣
  [1] .Rust.Item                                                                exter ... loc;<NEWLINE>¦
    [0] .Rust.ExternCrate                                                       exter ... loc;<NEWLINE>¦
      [0] .Rust.identifier                                                      ｢alloc｣
  [2] .Rust.Item                                                                exter ... re;<NEWLINE><NEWLINE>¦
    [0] .Rust.ExternCrate                                                       exter ... re;<NEWLINE><NEWLINE>¦
      [0] .Rust.identifier                                                      ｢core｣
      [1] .Rust.identifier                                                      ｢rust_core｣
  [3] .Rust.Item                                                                use s ... Map;<NEWLINE>¦
    [0] .Rust.Use                                                               use s ... Map;<NEWLINE>¦
      [0] .Rust.Use.Tree                                                        std:: ... shMap¦
        [0] .Rust.SimplePath                                                    std:: ... shMap¦
          [0] .Rust.simplePathSegment                                           ｢std｣
            [0] .Rust.identifier                                                ｢std｣
          [1] .Rust.simplePathSegment                                           ｢collections｣
            [0] .Rust.identifier                                                ｢collections｣
          [2] .Rust.simplePathSegment                                           ｢HashMap｣
            [0] .Rust.identifier                                                ｢HashMap｣
  [4] .Rust.Item                                                                use s ... er};<NEWLINE>¦
    [0] .Rust.Use                                                               use s ... er};<NEWLINE>¦
      [0] .Rust.Use.Tree                                                        std:: ... tter}¦
        [0] .Rust.SimplePath                                                    std::fmt¦
          [0] .Rust.simplePathSegment                                           ｢std｣
            [0] .Rust.identifier                                                ｢std｣
          [1] .Rust.simplePathSegment                                           ｢fmt｣
            [0] .Rust.identifier                                                ｢fmt｣
        [1] .Rust.Use.Tree                                                      self¦
          [0] .Rust.SimplePath                                                  self¦
            [0] .Rust.simplePathSegment                                         ｢self｣
              [0] .Rust.pathKeyword                                             ｢self｣
        [2] .Rust.Use.Tree                                                      Display¦
          [0] .Rust.SimplePath                                                  Display¦
            [0] .Rust.simplePathSegment                                         ｢Display｣
              [0] .Rust.identifier                                              ｢Display｣
        [3] .Rust.Use.Tree                                                      Formatter¦
          [0] .Rust.SimplePath                                                  Formatter¦
            [0] .Rust.simplePathSegment                                         ｢Formatter｣
              [0] .Rust.identifier                                              ｢Formatter｣
  [5] .Rust.Item                                                                use s ... ::*;<NEWLINE>¦
    [0] .Rust.Use                                                               use s ... ::*;<NEWLINE>¦
      [0] .Rust.Use.Tree                                                        std::io::*¦
        [0] .Rust.SimplePath                                                    std::io¦
          [0] .Rust.simplePathSegment                                           ｢std｣
            [0] .Rust.identifier                                                ｢std｣
          [1] .Rust.simplePathSegment                                           ｢io｣
            [0] .Rust.identifier                                                ｢io｣
        [1] .Rust.Use.glob                                                      ｢*｣
  [6] .Rust.Item                                                                use s ... ul};<NEWLINE>¦
    [0] .Rust.Use                                                               use s ... ul};<NEWLINE>¦
      [0] .Rust.Use.Tree                                                        std:: ...  Mul}¦
        [0] .Rust.SimplePath                                                    std::ops¦
          [0] .Rust.simplePathSegment                                           ｢std｣
            [0] .Rust.identifier                                                ｢std｣
          [1] .Rust.simplePathSegment                                           ｢ops｣
            [0] .Rust.identifier                                                ｢ops｣
        [1] .Rust.Use.Tree                                                      Add¦
          [0] .Rust.SimplePath                                                  Add¦
            [0] .Rust.simplePathSegment                                         ｢Add｣
              [0] .Rust.identifier                                              ｢Add｣
        [2] .Rust.Use.Tree                                                      Index ... s Idx¦
          [0] .Rust.SimplePath                                                  Index ¦
            [0] .Rust.simplePathSegment                                         ｢Index｣
              [0] .Rust.identifier                                              ｢Index｣
          [1] .Rust.identifier                                                  ｢Idx｣
        [3] .Rust.Use.Tree                                                      Mul¦
          [0] .Rust.SimplePath                                                  Mul¦
            [0] .Rust.simplePathSegment                                         ｢Mul｣
              [0] .Rust.identifier                                              ｢Mul｣
  [7] .Rust.Item                                                                use s ... */<NEWLINE><NEWLINE><DEDENT>¦
    [0] .Rust.Use                                                               use s ... */<NEWLINE><NEWLINE><DEDENT>¦
      [0] .Rust.Use.Tree                                                        super ... }, *}¦
        [0] .Rust.SimplePath                                                    super ... bling¦
          [0] .Rust.simplePathSegment                                           ｢super｣
            [0] .Rust.pathKeyword                                               ｢super｣
          [1] .Rust.simplePathSegment                                           ｢sibling｣
            [0] .Rust.identifier                                                ｢sibling｣
        [1] .Rust.Use.Tree                                                      neste ... as _}¦
          [0] .Rust.SimplePath                                                  nested¦
            [0] .Rust.simplePathSegment                                         ｢nested｣
              [0] .Rust.identifier                                              ｢nested｣
          [1] .Rust.Use.Tree                                                    Thing¦
            [0] .Rust.SimplePath                                                Thing¦
              [0] .Rust.simplePathSegment                                       ｢Thing｣
                [0] .Rust.identifier                                            ｢Thing｣
          [2] .Rust.Use.Tree                                                    Other as _¦
            [0] .Rust.SimplePath                                                Other ¦
              [0] .Rust.simplePathSegment                                       ｢Other｣
                [0] .Rust.identifier                                            ｢Other｣
            [1] .Rust.underscore                                                ｢_｣
        [2] .Rust.Use.Tree                                                      *¦
          [0] .Rust.Use.glob                                                    ｢*｣
  [8] .Rust.Item                                                                pub m ... <NEWLINE><DEDENT>}<NEWLINE><NEWLINE>¦
    [0] .Rust.Visibility                                                        pub ¦
    [1] .Rust.Module                                                            mod g ... <NEWLINE><DEDENT>}<NEWLINE><NEWLINE>¦
      [0] .Rust.identifier                                                      ｢geometry｣
      [1] .Rust.Item                                                            pub(c ... .0);<NEWLINE>¦
        [0] .Rust.Visibility                                                    pub(c ... ate) ¦
          [0] .Rust.pathKeyword                                                 ｢crate｣
        [1] .Rust.Const                                                         const ... .0);<NEWLINE>¦
          [0] .Rust.identifier                                                  ｢ORIGIN｣
          [1] .Rust.Type.Tuple                                                  (f64, ... f64) ¦
            [0] .Rust.TypePath                                                  f64¦
              [0] .Rust.TypePathSegment                                         f64¦
                [0] .Rust.identifier                                            ｢f64｣
            [1] .Rust.TypePath                                                  f64¦
              [0] .Rust.TypePathSegment                                         f64¦
                [0] .Rust.identifier                                            ｢f64｣
          [2] .Rust.Expr                                                        (0.0, 0.0)¦
            [0] .Rust.Expr.Tuple                                                (0.0, 0.0)¦
              [0] .Rust.Expr                                                    0.0¦
                [0] .Rust.number                                                ｢0.0｣
                  [0] .Rust.number.float                                        ｢0.0｣
                    [0] .Rust.number.decimal                                    ｢0｣
                    [1] .Rust.number.decimal                                    ｢0｣
              [1] .Rust.Expr                                                    0.0¦
                [0] .Rust.number                                                ｢0.0｣
                  [0] .Rust.number.float                                        ｢0.0｣
                    [0] .Rust.number.decimal                                    ｢0｣
                    [1] .Rust.number.decimal                                    ｢0｣
      [2] .Rust.Item                                                            pub(s ... = 0;<NEWLINE>¦
        [0] .Rust.Visibility                                                    pub(s ... per) ¦
          [0] .Rust.pathKeyword                                                 ｢super｣
        [1] .Rust.Static                                                        stati ... = 0;<NEWLINE>¦
          [0] .Rust.mut                                                         ｢mut｣
          [1] .Rust.identifier                                                  ｢COUNTER｣
          [2] .Rust.TypePath                                                    u32 ¦
            [0] .Rust.TypePathSegment                                           u32 ¦
              [0] .Rust.identifier                                              ｢u32｣
          [3] .Rust.Expr                                                        0¦
            [0] .Rust.number                                                    ｢0｣
              [0] .Rust.number.decimal                                          ｢0｣
      [3] .Rust.Item                                                            pub(i ... 64;<NEWLINE><DEDENT>¦
        [0] .Rust.Visibility                                                    pub(i ... try) ¦
          [0] .Rust.SimplePath                                                  crate ... metry¦
            [0] .Rust.simplePathSegment                                         ｢crate｣
              [0] .Rust.pathKeyword                                             ｢crate｣
            [1] .Rust.simplePathSegment                                         ｢geometry｣
              [0] .Rust.identifier                                              ｢geometry｣
        [1] .Rust.TypeAlias                                                     type  ... 64;<NEWLINE><DEDENT>¦
          [0] .Rust.identifier                                                  ｢Coord｣
          [1] .Rust.TypePath                                                    f64¦
            [0] .Rust.TypePathSegment                                           f64¦
              [0] .Rust.identifier                                              ｢f64｣
  [9] .Rust.Item                                                                mod e ... al;<NEWLINE><NEWLINE>¦
    [0] .Rust.Module                                                            mod e ... al;<NEWLINE><NEWLINE>¦
      [0] .Rust.identifier                                                      ｢external｣
  [10] .Rust.Item                                                               const ... 64];<NEWLINE>¦
    [0] .Rust.Const                                                             const ... 64];<NEWLINE>¦
      [0] .Rust.identifier                                                      ｢NUMBERS｣
      [1] .Rust.Type.Array                                                      [u64; 9] ¦
        [0] .Rust.TypePath                                                      u64¦
          [0] .Rust.TypePathSegment                                             u64¦
            [0] .Rust.identifier                                                ｢u64｣
        [1] .Rust.Expr                                                          9¦
          [0] .Rust.number                                                      ｢9｣
            [0] .Rust.number.decimal                                            ｢9｣
      [2] .Rust.Expr                                                            [0, 1 ...  u64]¦
        [0] .Rust.Expr.Array                                                    [0, 1 ...  u64]¦
          [0] .Rust.Expr                                                        0¦
            [0] .Rust.number                                                    ｢0｣
              [0] .Rust.number.decimal                                          ｢0｣
          [1] .Rust.Expr                                                        1_000¦
            [0] .Rust.number                                                    ｢1_000｣
              [0] .Rust.number.decimal                                          ｢1_000｣
          [2] .Rust.Expr                                                        0b1010¦
            [0] .Rust.number                                                    ｢0b1010｣
              [0] .Rust.number.binary                                           ｢0b1010｣
          [3] .Rust.Expr                                                        0o755¦
            [0] .Rust.number                                                    ｢0o755｣
              [0] .Rust.number.octal                                            ｢0o755｣
          [4] .Rust.Expr                                                        0xdea ... _BEEF¦
            [0] .Rust.number                                                    ｢0xdead_BEEF｣
              [0] .Rust.number.hexadecimal                                      ｢0xdead_BEEF｣
          [5] .Rust.Expr                                                        42u8  ... s u64¦
            [0] .Rust.Expr.Cast.as                                              42u8  ... s u64¦
              [0] .Rust.number                                                  ｢42u8｣
                [0] .Rust.number.decimal                                        ｢42｣
                [1] .Rust.number.suffix                                         ｢u8｣
              [1] .Rust.TypePath                                                u64¦
                [0] .Rust.TypePathSegment                                       u64¦
                  [0] .Rust.identifier                                          ｢u64｣
          [6] .Rust.Expr                                                        7usiz ... s u64¦
            [0] .Rust.Expr.Cast.as                                              7usiz ... s u64¦
              [0] .Rust.number                                                  ｢7usize｣
                [0] .Rust.number.decimal                                        ｢7｣
                [1] .Rust.number.suffix                                         ｢usize｣
              [1] .Rust.TypePath                                                u64¦
                [0] .Rust.TypePathSegment                                       u64¦
                  [0] .Rust.identifier                                          ｢u64｣
          [7] .Rust.Expr                                                        1e3 as u64¦
            [0] .Rust.Expr.Cast.as                                              1e3 as u64¦
              [0] .Rust.number                                                  ｢1e3｣
                [0] .Rust.number.float                                          ｢1e3｣
                  [0] .Rust.number.decimal                                      ｢1｣
                  [1] .Rust.number.exponent                                     ｢e3｣
                    [0] .Rust.number.decimal                                    ｢3｣
              [1] .Rust.TypePath                                                u64¦
                [0] .Rust.TypePathSegment                                       u64¦
                  [0] .Rust.identifier                                          ｢u64｣
          [8] .Rust.Expr                                                        2.5e- ... s u64¦
            [0] .Rust.Expr.Cast.as                                              2.5e- ... s u64¦
              [0] .Rust.number                                                  ｢2.5e-3f64｣
                [0] .Rust.number.float                                          ｢2.5e-3｣
                  [0] .Rust.number.decimal                                      ｢2｣
                  [1] .Rust.number.decimal                                      ｢5｣
                  [2] .Rust.number.exponent                                     ｢e-3｣
                    [0] .Rust.number.decimal                                    ｢3｣
                [1] .Rust.number.suffix                                         ｢f64｣
              [1] .Rust.TypePath                                                u64¦
                [0] .Rust.TypePathSegment                                       u64¦
                  [0] .Rust.identifier                                          ｢u64｣
  [11] .Rust.Item                                                               const ...  ();<NEWLINE>¦
    [0] .Rust.Const                                                             const ...  ();<NEWLINE>¦
      [0] .Rust.underscore                                                      ｢_｣
      [1] .Rust.Type.Tuple                                                      () ¦
      [2] .Rust.Expr                                                            ()¦
        [0] .Rust.Expr.Tuple                                                    ()¦
  [12] .Rust.Item                                                               stati ... \\n\";<NEWLINE>¦
    [0] .Rust.Static                                                            stati ... \\n\";<NEWLINE>¦
      [0] .Rust.identifier                                                      ｢GREETING｣
      [1] .Rust.Type.Ref                                                        &'sta ...  str ¦
        [0] .Rust.lifetime                                                      ｢'static｣
        [1] .Rust.TypePath                                                      str ¦
          [0] .Rust.TypePathSegment                                             str ¦
            [0] .Rust.identifier                                                ｢str｣
      [2] .Rust.Expr                                                            \"hell ... \\\"\\n\"¦
        [0] .Rust.string.plain                                                  ｢"hello \"world\"\n"｣
  [13] .Rust.Item                                                               stati ... 00\";<NEWLINE>¦
    [0] .Rust.Static                                                            stati ... 00\";<NEWLINE>¦
      [0] .Rust.identifier                                                      ｢BYTES｣
      [1] .Rust.Type.Ref                                                        &[u8] ¦
        [0] .Rust.Type.Slice                                                    [u8] ¦
          [0] .Rust.TypePath                                                    u8¦
            [0] .Rust.TypePathSegment                                           u8¦
              [0] .Rust.identifier                                              ｢u8｣
      [2] .Rust.Expr                                                            b\"byt ... \\x00\"¦
        [0] .Rust.string.byte                                                   ｢b"bytes\x00"｣
  [14] .Rust.Item                                                               stati ... g\"#;<NEWLINE>¦
    [0] .Rust.Static                                                            stati ... g\"#;<NEWLINE>¦
      [0] .Rust.identifier                                                      ｢RAW｣
      [1] .Rust.Type.Ref                                                        &str ¦
        [0] .Rust.TypePath                                                      str ¦
          [0] .Rust.TypePathSegment                                             str ¦
            [0] .Rust.identifier                                                ｢str｣
      [2] .Rust.Expr                                                            r#\"ra ... ing\"#¦
        [0] .Rust.string.raw                                                    ｢r#"raw "quoted" string"#｣
  [15] .Rust.Item                                                               stati ... \"##;<NEWLINE>¦
    [0] .Rust.Static                                                            stati ... \"##;<NEWLINE>¦
      [0] .Rust.identifier                                                      ｢RAW2｣
      [1] .Rust.Type.Ref                                                        &str ¦
        [0] .Rust.TypePath                                                      str ¦
          [0] .Rust.TypePathSegment                                             str ¦
            [0] .Rust.identifier                                                ｢str｣
      [2] .Rust.Expr                                                            r##\"e ... re\"##¦
        [0] .Rust.string.raw                                                    ｢r##"even "# more"##｣
  [16] .Rust.Item                                                               stati ... }'];<NEWLINE>¦
    [0] .Rust.Static                                                            stati ... }'];<NEWLINE>¦
      [0] .Rust.identifier                                                      ｢CHARS｣
      [1] .Rust.Type.Array                                                      [char; 4] ¦
        [0] .Rust.TypePath                                                      char¦
          [0] .Rust.TypePathSegment                                             char¦
            [0] .Rust.identifier                                                ｢char｣
        [1] .Rust.Expr                                                          4¦
          [0] .Rust.number                                                      ｢4｣
            [0] .Rust.number.decimal                                            ｢4｣
      [2] .Rust.Expr                                                            ['a', ... 00}']¦
        [0] .Rust.Expr.Array                                                    ['a', ... 00}']¦
          [0] .Rust.Expr                                                        'a'¦
            [0] .Rust.char.plain                                                ｢'a'｣
          [1] .Rust.Expr                                                        '\\n'¦
            [0] .Rust.char.plain                                                ｢'\n'｣
          [2] .Rust.Expr                                                        '\\''¦
            [0] .Rust.char.plain                                                ｢'\''｣
          [3] .Rust.Expr                                                        '\\u{1 ... 600}'¦
            [0] .Rust.char.plain                                                ｢'\u{1F600}'｣
  [17] .Rust.Item                                                               stati ... ane.<NEWLINE>¦
    [0] .Rust.Static                                                            stati ... ane.<NEWLINE>¦
      [0] .Rust.identifier                                                      ｢BYTE｣
      [1] .Rust.TypePath                                                        u8 ¦
        [0] .Rust.TypePathSegment                                               u8 ¦
          [0] .Rust.identifier                                                  ｢u8｣
      [2] .Rust.Expr                                                            b'x'¦
        [0] .Rust.char.byte                                                     ｢b'x'｣
  [18] .Rust.Item                                                               #[der ... <NEWLINE><DEDENT>}<NEWLINE><NEWLINE>¦
    [0] .Rust.OuterAttr                                                         #[der ... lt)]<NEWLINE>¦
      [0] .Rust.Attr                                                            deriv ... ault)¦
        [0] .Rust.SimplePath                                                    derive¦
          [0] .Rust.simplePathSegment                                           ｢derive｣
            [0] .Rust.identifier                                                ｢derive｣
        [1] .Rust.AttrInput                                                     (Debu ... ault)¦
          [0] .Rust.DelimTokenTree                                              (Debu ... ault)¦
            [0] .Rust.TokenTree                                                 Debug¦
              [0] .Rust.token                                                   ｢Debug｣
            [1] .Rust.TokenTree                                                 , ¦
              [0] .Rust.token                                                   ｢,｣
            [2] .Rust.TokenTree                                                 Clone¦
              [0] .Rust.token                                                   ｢Clone｣
            [3] .Rust.TokenTree                                                 , ¦
              [0] .Rust.token                                                   ｢,｣
            [4] .Rust.TokenTree                                                 Copy¦
              [0] .Rust.token                                                   ｢Copy｣
            [5] .Rust.TokenTree                                                 , ¦
              [0] .Rust.token                                                   ｢,｣
            [6] .Rust.TokenTree                                                 PartialEq¦
              [0] .Rust.token                                                   ｢PartialEq｣
            [7] .Rust.TokenTree                                                 , ¦
              [0] .Rust.token                                                   ｢,｣
            [8] .Rust.TokenTree                                                 Default¦
              [0] .Rust.token                                                   ｢Default｣
    [1] .Rust.Visibility                                                        pub ¦
    [2] .Rust.Struct                                                            struc ... <NEWLINE><DEDENT>}<NEWLINE><NEWLINE>¦
      [0] .Rust.identifier                                                      ｢Point｣
      [1] .Rust.GenericParams                                                   <T = f64> ¦
        [0] .Rust.GenericParams.Param                                           T = f64¦
          [0] .Rust.GenericParams.TypeParam                                     T = f64¦
            [0] .Rust.identifier                                                ｢T｣
            [1] .Rust.TypePath                                                  f64¦
              [0] .Rust.TypePathSegment                                         f64¦
                [0] .Rust.identifier                                            ｢f64｣
      [2] .Rust.Struct.Fields                                                   {<NEWLINE><INDENT>pu ... <NEWLINE><DEDENT>}<NEWLINE><NEWLINE>¦
        [0] .Rust.Struct.Field                                                  pub x: T¦
          [0] .Rust.Visibility                                                  pub ¦
          [1] .Rust.identifier                                                  ｢x｣
          [2] .Rust.TypePath                                                    T¦
            [0] .Rust.TypePathSegment                                           T¦
              [0] .Rust.identifier                                              ｢T｣
        [1] .Rust.Struct.Field                                                  pub(c ...  y: T¦
          [0] .Rust.Visibility                                                  pub(c ... ate) ¦
            [0] .Rust.pathKeyword                                               ｢crate｣
          [1] .Rust.identifier                                                  ｢y｣
          [2] .Rust.TypePath                                                    T¦
            [0] .Rust.TypePathSegment                                           T¦
              [0] .Rust.identifier                                              ｢T｣
  [19] .Rust.Item                                                               #[rep ... 4);<NEWLINE><NEWLINE>¦
    [0] .Rust.OuterAttr                                                         #[rep ... nt)]<NEWLINE>¦
      [0] .Rust.Attr                                                            repr( ... rent)¦
        [0] .Rust.SimplePath                                                    repr¦
          [0] .Rust.simplePathSegment                                           ｢repr｣
            [0] .Rust.identifier                                                ｢repr｣
        [1] .Rust.AttrInput                                                     (tran ... rent)¦
          [0] .Rust.DelimTokenTree                                              (tran ... rent)¦
            [0] .Rust.TokenTree                                                 trans ... arent¦
              [0] .Rust.token                                                   ｢transparent｣
    [1] .Rust.Struct                                                            struc ... 4);<NEWLINE><NEWLINE>¦
      [0] .Rust.identifier                                                      ｢Meters｣
      [1] .Rust.Struct.TupleFields                                              (pub f64)¦
        [0] .Rust.Struct.TupleField                                             pub f64¦
          [0] .Rust.Visibility                                                  pub ¦
          [1] .Rust.TypePath                                                    f64¦
            [0] .Rust.TypePathSegment                                           f64¦
              [0] .Rust.identifier                                              ｢f64｣
  [20] .Rust.Item                                                               struc ... it;<NEWLINE><NEWLINE>¦
    [0] .Rust.Struct                                                            struc ... it;<NEWLINE><NEWLINE>¦
      [0] .Rust.identifier                                                      ｢Unit｣
  [21] .Rust.Item                                                               struc ... y;<NEWLINE><NEWLINE><DEDENT>¦
    [0] .Rust.Struct                                                            struc ... y;<NEWLINE><NEWLINE><DEDENT>¦
      [0] .Rust.identifier                                                      ｢Wrapper｣
      [1] .Rust.GenericParams                                                   <'a,  ...  = 3>¦
        [0] .Rust.GenericParams.Param                                           'a¦
          [0] .Rust.GenericParams.LifetimeParam                                 'a¦
            [0] .Rust.lifetime                                                  ｢'a｣
        [1] .Rust.GenericParams.Param                                           T: 'a ... Sized¦
          [0] .Rust.GenericParams.TypeParam                                     T: 'a ... Sized¦
            [0] .Rust.identifier                                                ｢T｣
            [1] .Rust.Bounds                                                    'a +  ... Sized¦
              [0] .Rust.Bound                                                   'a ¦
                [0] .Rust.lifetime                                              ｢'a｣
              [1] .Rust.Bound                                                   ?Sized¦
                [0] .Rust.TraitBound                                            ?Sized¦
                  [0] .Rust.maybe                                               ｢?｣
                  [1] .Rust.TypePath                                            Sized¦
                    [0] .Rust.TypePathSegment                                   Sized¦
                      [0] .Rust.identifier                                      ｢Sized｣
        [2] .Rust.GenericParams.Param                                           const ... e = 3¦
          [0] .Rust.GenericParams.ConstParam                                    const ... e = 3¦
            [0] .Rust.identifier                                                ｢N｣
            [1] .Rust.TypePath                                                  usize ¦
              [0] .Rust.TypePathSegment                                         usize ¦
                [0] .Rust.identifier                                            ｢usize｣
            [2] .Rust.GenericArgs.Const                                         3¦
              [0] .Rust.number                                                  ｢3｣
                [0] .Rust.number.decimal                                        ｢3｣
      [2] .Rust.Struct.TupleFields                                              (&'a  ...  N])<NEWLINE>¦
        [0] .Rust.Struct.TupleField                                             &'a T¦
          [0] .Rust.Type.Ref                                                    &'a T¦
            [0] .Rust.lifetime                                                  ｢'a｣
            [1] .Rust.TypePath                                                  T¦
              [0] .Rust.TypePathSegment                                         T¦
                [0] .Rust.identifier                                            ｢T｣
        [1] .Rust.Struct.TupleField                                             [u8; N]¦
          [0] .Rust.Type.Array                                                  [u8; N]¦
            [0] .Rust.TypePath                                                  u8¦
              [0] .Rust.TypePathSegment                                         u8¦
                [0] .Rust.identifier                                            ｢u8｣
            [1] .Rust.Expr                                                      N¦
              [0] .Rust.PathInExpr                                              N¦
                [0] .Rust.PathExprSegment                                       N¦
                  [0] .Rust.identifier                                          ｢N｣
      [3] .Rust.Where                                                           where ... splay¦
        [0] .Rust.Where.Predicate                                               T: Display¦
          [0] .Rust.TypePath                                                    T¦
            [0] .Rust.TypePathSegment                                           T¦
              [0] .Rust.identifier                                              ｢T｣
          [1] .Rust.Bounds                                                      Display¦
            [0] .Rust.Bound                                                     Display¦
              [0] .Rust.TraitBound                                              Display¦
                [0] .Rust.TypePath                                              Display¦
                  [0] .Rust.TypePathSegment                                     Display¦
                    [0] .Rust.identifier                                        ｢Display｣
  [22] .Rust.Item                                                               #[der ... <NEWLINE><DEDENT>}<NEWLINE><NEWLINE>¦
    [0] .Rust.OuterAttr                                                         #[der ... ug)]<NEWLINE>¦
      [0] .Rust.Attr                                                            deriv ... ebug)¦
        [0] .Rust.SimplePath                                                    derive¦
          [0] .Rust.simplePathSegment                                           ｢derive｣
            [0] .Rust.identifier                                                ｢derive｣
        [1] .Rust.AttrInput                                                     (Debug)¦
          [0] .Rust.DelimTokenTree                                              (Debug)¦
            [0] .Rust.TokenTree                                                 Debug¦
              [0] .Rust.token                                                   ｢Debug｣
    [1] .Rust.Enum                                                              enum  ... <NEWLINE><DEDENT>}<NEWLINE><NEWLINE>¦
      [0] .Rust.identifier                                                      ｢Shape｣
      [1] .Rust.Enum.Variant                                                    Circl ... f64 }¦
        [0] .Rust.identifier                                                    ｢Circle｣
        [1] .Rust.Struct.Fields                                                 { cen ... f64 }¦
          [0] .Rust.Struct.Field                                                cente ... Point¦
            [0] .Rust.identifier                                                ｢center｣
            [1] .Rust.TypePath                                                  Point¦
              [0] .Rust.TypePathSegment                                         Point¦
                [0] .Rust.identifier                                            ｢Point｣
          [1] .Rust.Struct.Field                                                radiu ...  f64 ¦
            [0] .Rust.identifier                                                ｢radius｣
            [1] .Rust.TypePath                                                  f64 ¦
              [0] .Rust.TypePathSegment                                         f64 ¦
                [0] .Rust.identifier                                            ｢f64｣
      [2] .Rust.Enum.Variant                                                    Rect( ... oint)¦
        [0] .Rust.identifier                                                    ｢Rect｣
        [1] .Rust.Struct.TupleFields                                            (Poin ... oint)¦
          [0] .Rust.Struct.TupleField                                           Point¦
            [0] .Rust.TypePath                                                  Point¦
              [0] .Rust.TypePathSegment                                         Point¦
                [0] .Rust.identifier                                            ｢Point｣
          [1] .Rust.Struct.TupleField                                           Point¦
            [0] .Rust.TypePath                                                  Point¦
              [0] .Rust.TypePathSegment                                         Point¦
                [0] .Rust.identifier                                            ｢Point｣
      [3] .Rust.Enum.Variant                                                    Empty¦
        [0] .Rust.identifier                                                    ｢Empty｣
  [23] .Rust.Item                                                               #[rep ... <NEWLINE><DEDENT>}<NEWLINE><NEWLINE>¦
    [0] .Rust.OuterAttr                                                         #[rep ... u8)]<NEWLINE>¦
      [0] .Rust.Attr                                                            repr(u8)¦
        [0] .Rust.SimplePath                                                    repr¦
          [0] .Rust.simplePathSegment                                           ｢repr｣
            [0] .Rust.identifier                                                ｢repr｣
        [1] .Rust.AttrInput                                                     (u8)¦
          [0] .Rust.DelimTokenTree                                              (u8)¦
            [0] .Rust.TokenTree                                                 u8¦
              [0] .Rust.token                                                   ｢u8｣
    [1] .Rust.Enum                                                              enum  ... <NEWLINE><DEDENT>}<NEWLINE><NEWLINE>¦
      [0] .Rust.identifier                                                      ｢Level｣
      [1] .Rust.Enum.Variant                                                    Low = 1¦
        [0] .Rust.identifier                                                    ｢Low｣
        [1] .Rust.Expr                                                          1¦
          [0] .Rust.number                                                      ｢1｣
            [0] .Rust.number.decimal                                            ｢1｣
      [2] .Rust.Enum.Variant                                                    High  ...  << 4¦
        [0] .Rust.identifier                                                    ｢High｣
        [1] .Rust.Expr                                                          1 << 4¦
          [0] .Rust.Expr.Shift.<<                                               1 << 4¦
            [0] .Rust.number                                                    ｢1｣
              [0] .Rust.number.decimal                                          ｢1｣
            [1] .Rust.number                                                    ｢4｣
              [0] .Rust.number.decimal                                          ｢4｣
  [24] .Rust.Item                                                               #[rep ... <NEWLINE><DEDENT>}<NEWLINE><NEWLINE>¦
    [0] .Rust.OuterAttr                                                         #[rep ... (C)]<NEWLINE>¦
      [0] .Rust.Attr                                                            repr(C)¦
        [0] .Rust.SimplePath                                                    repr¦
          [0] .Rust.simplePathSegment                                           ｢repr｣
            [0] .Rust.identifier                                                ｢repr｣
        [1] .Rust.AttrInput                                                     (C)¦
          [0] .Rust.DelimTokenTree                                              (C)¦
            [0] .Rust.TokenTree                                                 C¦
              [0] .Rust.token                                                   ｢C｣
    [1] .Rust.Union                                                             union ... <NEWLINE><DEDENT>}<NEWLINE><NEWLINE>¦
      [0] .Rust.identifier                                                      ｢IntOrFloat｣
      [1] .Rust.Struct.Fields                                                   {<NEWLINE><INDENT>i: ... <NEWLINE><DEDENT>}<NEWLINE><NEWLINE>¦
        [0] .Rust.Struct.Field                                                  i: u32¦
          [0] .Rust.identifier                                                  ｢i｣
          [1] .Rust.TypePath                                                    u32¦
            [0] .Rust.TypePathSegment                                           u32¦
              [0] .Rust.identifier                                              ｢u32｣
        [1] .Rust.Struct.Field                                                  f: f32¦
          [0] .Rust.identifier                                                  ｢f｣
          [1] .Rust.TypePath                                                    f32¦
            [0] .Rust.TypePathSegment                                           f32¦
              [0] .Rust.identifier                                              ｢f32｣
  [25] .Rust.Item                                                               pub t ... <NEWLINE><DEDENT>}<NEWLINE><NEWLINE>¦
    [0] .Rust.Visibility                                                        pub ¦
    [1] .Rust.Trait                                                             trait ... <NEWLINE><DEDENT>}<NEWLINE><NEWLINE>¦
      [0] .Rust.identifier                                                      ｢Area｣
      [1] .Rust.Bounds                                                          Displ ... ized ¦
        [0] .Rust.Bound                                                         Display ¦
          [0] .Rust.TraitBound                                                  Display ¦
            [0] .Rust.TypePath                                                  Display ¦
              [0] .Rust.TypePathSegment                                         Display ¦
                [0] .Rust.identifier                                            ｢Display｣
        [1] .Rust.Bound                                                         Sized ¦
          [0] .Rust.TraitBound                                                  Sized ¦
            [0] .Rust.TypePath                                                  Sized ¦
              [0] .Rust.TypePathSegment                                         Sized ¦
                [0] .Rust.identifier                                            ｢Sized｣
      [2] .Rust.AssocItem                                                       const ... ize;<NEWLINE>¦
        [0] .Rust.Const                                                         const ... ize;<NEWLINE>¦
          [0] .Rust.identifier                                                  ｢SIDES｣
          [1] .Rust.TypePath                                                    usize¦
            [0] .Rust.TypePathSegment                                           usize¦
              [0] .Rust.identifier                                              ｢usize｣
      [3] .Rust.AssocItem                                                       type  ... py;<NEWLINE><NEWLINE>¦
        [0] .Rust.TypeAlias                                                     type  ... py;<NEWLINE><NEWLINE>¦
          [0] .Rust.identifier                                                  ｢Output｣
          [1] .Rust.Bounds                                                      Into< ...  Copy¦
            [0] .Rust.Bound                                                     Into<f64> ¦
              [0] .Rust.TraitBound                                              Into<f64> ¦
                [0] .Rust.TypePath                                              Into<f64> ¦
                  [0] .Rust.TypePathSegment                                     Into<f64> ¦
                    [0] .Rust.identifier                                        ｢Into｣
                    [1] .Rust.GenericArgs                                       <f64> ¦
                      [0] .Rust.GenericArgs.Arg                                 f64¦
                        [0] .Rust.TypePath                                      f64¦
                          [0] .Rust.TypePathSegment                             f64¦
                            [0] .Rust.identifier                                ｢f64｣
            [1] .Rust.Bound                                                     Copy¦
              [0] .Rust.TraitBound                                              Copy¦
                [0] .Rust.TypePath                                              Copy¦
                  [0] .Rust.TypePathSegment                                     Copy¦
                    [0] .Rust.identifier                                        ｢Copy｣
      [4] .Rust.AssocItem                                                       fn ar ... ut;<NEWLINE><NEWLINE>¦
        [0] .Rust.Function                                                      fn ar ... ut;<NEWLINE><NEWLINE>¦
          [0] .Rust.identifier                                                  ｢area｣
          [1] .Rust.Function.Params                                             &self¦
            [0] .Rust.Function.SelfParam                                        &self¦
              [0] .Rust.Function.ShorthandSelf                                  &self¦
                [0] .Rust.selfValue                                             ｢self｣
          [2] .Rust.TypePath                                                    Self: ... utput¦
            [0] .Rust.TypePathSegment                                           Self¦
              [0] .Rust.pathKeyword                                             ｢Self｣
            [1] .Rust.TypePathSegment                                           Output¦
              [0] .Rust.identifier                                              ｢Output｣
      [5] .Rust.AssocItem                                                       fn de ... <NEWLINE><DEDENT>}<NEWLINE><DEDENT>¦
        [0] .Rust.Function                                                      fn de ... <NEWLINE><DEDENT>}<NEWLINE><DEDENT>¦
          [0] .Rust.identifier                                                  ｢describe｣
          [1] .Rust.Function.Params                                             &self¦
            [0] .Rust.Function.SelfParam                                        &self¦
              [0] .Rust.Function.ShorthandSelf                                  &self¦
                [0] .Rust.selfValue                                             ｢self｣
          [2] .Rust.TypePath                                                    String ¦
            [0] .Rust.TypePathSegment                                           String ¦
              [0] .Rust.identifier                                              ｢String｣
          [3] .Rust.Block                                                       {<NEWLINE><INDENT>fo ... <NEWLINE><DEDENT>}<NEWLINE><DEDENT>¦
            [0] .Rust.Expr                                                      forma ... ())<NEWLINE><DEDENT>¦
              [0] .Rust.Expr.Macro                                              forma ... ())<NEWLINE><DEDENT>¦
                [0] .Rust.PathInExpr                                            format¦
                  [0] .Rust.PathExprSegment                                     format¦
                    [0] .Rust.identifier                                        ｢format｣
                [1] .Rust.DelimTokenTree                                        (\"are ... ())<NEWLINE><DEDENT>¦
                  [0] .Rust.TokenTree                                           \"area ... = {}\"¦
                    [0] .Rust.token                                             ｢"area = {}"｣
                      [0] .Rust.string.plain                                    ｢"area = {}"｣
                  [1] .Rust.TokenTree                                           , ¦
                    [0] .Rust.token                                             ｢,｣
                  [2] .Rust.TokenTree                                           self¦
                    [0] .Rust.token                                             ｢self｣
                  [3] .Rust.TokenTree                                           .¦
                    [0] .Rust.token                                             ｢.｣
                  [4] .Rust.TokenTree                                           area¦
                    [0] .Rust.token                                             ｢area｣
                  [5] .Rust.TokenTree                                           ()¦
                    [0] .Rust.DelimTokenTree                                    ()¦
                  [6] .Rust.TokenTree                                           .¦
                    [0] .Rust.token                                             ｢.｣
                  [7] .Rust.TokenTree                                           into¦
                    [0] .Rust.token                                             ｢into｣
                  [8] .Rust.TokenTree                                           ()¦
                    [0] .Rust.DelimTokenTree                                    ()¦
  [26] .Rust.Item                                                               unsaf ...  {}<NEWLINE><NEWLINE>¦
    [0] .Rust.Trait                                                             unsaf ...  {}<NEWLINE><NEWLINE>¦
      [0] .Rust.identifier                                                      ｢Zeroable｣
  [27] .Rust.Item                                                               unsaf ...  {}<NEWLINE><NEWLINE>¦
    [0] .Rust.Impl                                                              unsaf ...  {}<NEWLINE><NEWLINE>¦
      [0] .Rust.TypePath                                                        Zeroable ¦
        [0] .Rust.TypePathSegment                                               Zeroable ¦
          [0] .Rust.identifier                                                  ｢Zeroable｣
      [1] .Rust.TypePath                                                        u32 ¦
        [0] .Rust.TypePathSegment                                               u32 ¦
          [0] .Rust.identifier                                                  ｢u32｣
  [28] .Rust.Item                                                               impl< ... <NEWLINE><DEDENT>}<NEWLINE><NEWLINE>¦
    [0] .Rust.Impl                                                              impl< ... <NEWLINE><DEDENT>}<NEWLINE><NEWLINE>¦
      [0] .Rust.GenericParams                                                   <T: A ... opy> ¦
        [0] .Rust.GenericParams.Param                                           T: Ad ...  Copy¦
          [0] .Rust.GenericParams.TypeParam                                     T: Ad ...  Copy¦
            [0] .Rust.identifier                                                ｢T｣
            [1] .Rust.Bounds                                                    Add<O ...  Copy¦
              [0] .Rust.Bound                                                   Add<O ... = T> ¦
                [0] .Rust.TraitBound                                            Add<O ... = T> ¦
                  [0] .Rust.TypePath                                            Add<O ... = T> ¦
                    [0] .Rust.TypePathSegment                                   Add<O ... = T> ¦
                      [0] .Rust.identifier                                      ｢Add｣
                      [1] .Rust.GenericArgs                                     <Outp ... = T> ¦
                        [0] .Rust.GenericArgs.Arg                               Output = T¦
                          [0] .Rust.GenericArgs.Constraint                      Output = T¦
                            [0] .Rust.identifier                                ｢Output｣
                            [1] .Rust.TypePath                                  T¦
                              [0] .Rust.TypePathSegment                         T¦
                                [0] .Rust.identifier                            ｢T｣
              [1] .Rust.Bound                                                   Copy¦
                [0] .Rust.TraitBound                                            Copy¦
                  [0] .Rust.TypePath                                            Copy¦
                    [0] .Rust.TypePathSegment                                   Copy¦
                      [0] .Rust.identifier                                      ｢Copy｣
      [1] .Rust.TypePath                                                        Add ¦
        [0] .Rust.TypePathSegment                                               Add ¦
          [0] .Rust.identifier                                                  ｢Add｣
      [2] .Rust.TypePath                                                        Point<T> ¦
        [0] .Rust.TypePathSegment                                               Point<T> ¦
          [0] .Rust.identifier                                                  ｢Point｣
          [1] .Rust.GenericArgs                                                 <T> ¦
            [0] .Rust.GenericArgs.Arg                                           T¦
              [0] .Rust.TypePath                                                T¦
                [0] .Rust.TypePathSegment                                       T¦
                  [0] .Rust.identifier                                          ｢T｣
      [3] .Rust.AssocItem                                                       type  ... lf;<NEWLINE><NEWLINE>¦
        [0] .Rust.TypeAlias                                                     type  ... lf;<NEWLINE><NEWLINE>¦
          [0] .Rust.identifier                                                  ｢Output｣
          [1] .Rust.TypePath                                                    Self¦
            [0] .Rust.TypePathSegment                                           Self¦
              [0] .Rust.pathKeyword                                             ｢Self｣
      [4] .Rust.AssocItem                                                       fn ad ... <NEWLINE><DEDENT>}<NEWLINE><DEDENT>¦
        [0] .Rust.Function                                                      fn ad ... <NEWLINE><DEDENT>}<NEWLINE><DEDENT>¦
          [0] .Rust.identifier                                                  ｢add｣
          [1] .Rust.Function.Params                                             self, ...  Self¦
            [0] .Rust.Function.SelfParam                                        self¦
              [0] .Rust.Function.ShorthandSelf                                  self¦
                [0] .Rust.selfValue                                             ｢self｣
            [1] .Rust.Function.Param                                            other ...  Self¦
              [0] .Rust.Pattern                                                 other¦
                [0] .Rust.Pattern.Ident                                         other¦
                  [0] .Rust.identifier                                          ｢other｣
              [1] .Rust.TypePath                                                Self¦
                [0] .Rust.TypePathSegment                                       Self¦
                  [0] .Rust.pathKeyword                                         ｢Self｣
          [2] .Rust.TypePath                                                    Self: ... tput ¦
            [0] .Rust.TypePathSegment                                           Self¦
              [0] .Rust.pathKeyword                                             ｢Self｣
            [1] .Rust.TypePathSegment                                           Output ¦
              [0] .Rust.identifier                                              ｢Output｣
          [3] .Rust.Block                                                       {<NEWLINE><INDENT>Po ... <NEWLINE><DEDENT>}<NEWLINE><DEDENT>¦
            [0] .Rust.Expr                                                      Point ... y }<NEWLINE><DEDENT>¦
              [0] .Rust.Expr.Struct                                             Point ... y }<NEWLINE><DEDENT>¦
                [0] .Rust.PathInExpr                                            Point ¦
                  [0] .Rust.PathExprSegment                                     Point ¦
                    [0] .Rust.identifier                                        ｢Point｣
                [1] .Rust.Expr.Field                                            x: se ... her.x¦
                  [0] .Rust.identifier                                          ｢x｣
                  [1] .Rust.Expr                                                self. ... her.x¦
                    [0] .Rust.Expr.Sum.+                                        self. ... her.x¦
                      [0] .Rust.Expr.Member..                                   self.x ¦
                        [0] .Rust.PathInExpr                                    self¦
                          [0] .Rust.PathExprSegment                             self¦
                            [0] .Rust.pathKeyword                               ｢self｣
                        [1] .Rust.Expr.FieldName                                x ¦
                          [0] .Rust.PathExprSegment                             x ¦
                            [0] .Rust.identifier                                ｢x｣
                      [1] .Rust.Expr.Member..                                   other.x¦
                        [0] .Rust.PathInExpr                                    other¦
                          [0] .Rust.PathExprSegment                             other¦
                            [0] .Rust.identifier                                ｢other｣
                        [1] .Rust.Expr.FieldName                                x¦
                          [0] .Rust.PathExprSegment                             x¦
                            [0] .Rust.identifier                                ｢x｣
                [2] .Rust.Expr.Field                                            y: se ... er.y ¦
                  [0] .Rust.identifier                                          ｢y｣
                  [1] .Rust.Expr                                                self. ... er.y ¦
                    [0] .Rust.Expr.Sum.+                                        self. ... er.y ¦
                      [0] .Rust.Expr.Member..                                   self.y ¦
                        [0] .Rust.PathInExpr                                    self¦
                          [0] .Rust.PathExprSegment                             self¦
                            [0] .Rust.pathKeyword                               ｢self｣
                        [1] .Rust.Expr.FieldName                                y ¦
                          [0] .Rust.PathExprSegment                             y ¦
                            [0] .Rust.identifier                                ｢y｣
                      [1] .Rust.Expr.Member..                                   other.y ¦
                        [0] .Rust.PathInExpr                                    other¦
                          [0] .Rust.PathExprSegment                             other¦
                            [0] .Rust.identifier                                ｢other｣
                        [1] .Rust.Expr.FieldName                                y ¦
                          [0] .Rust.PathExprSegment                             y ¦
                            [0] .Rust.identifier                                ｢y｣
  [29] .Rust.Item                                                               impl  ... <NEWLINE><DEDENT>}<NEWLINE><NEWLINE>¦
    [0] .Rust.Impl                                                              impl  ... <NEWLINE><DEDENT>}<NEWLINE><NEWLINE>¦
      [0] .Rust.TypePath                                                        Display ¦
        [0] .Rust.TypePathSegment                                               Display ¦
          [0] .Rust.identifier                                                  ｢Display｣
      [1] .Rust.TypePath                                                        Shape ¦
        [0] .Rust.TypePathSegment                                               Shape ¦
          [0] .Rust.identifier                                                  ｢Shape｣
      [2] .Rust.AssocItem                                                       fn fm ... <NEWLINE><DEDENT>}<NEWLINE><DEDENT>¦
        [0] .Rust.Function                                                      fn fm ... <NEWLINE><DEDENT>}<NEWLINE><DEDENT>¦
          [0] .Rust.identifier                                                  ｢fmt｣
          [1] .Rust.Function.Params                                             &self ... r<'_>¦
            [0] .Rust.Function.SelfParam                                        &self¦
              [0] .Rust.Function.ShorthandSelf                                  &self¦
                [0] .Rust.selfValue                                             ｢self｣
            [1] .Rust.Function.Param                                            f: &m ... r<'_>¦
              [0] .Rust.Pattern                                                 f¦
                [0] .Rust.Pattern.Ident                                         f¦
                  [0] .Rust.identifier                                          ｢f｣
              [1] .Rust.Type.Ref                                                &mut  ... r<'_>¦
                [0] .Rust.mut                                                   ｢mut｣
                [1] .Rust.TypePath                                              Forma ... r<'_>¦
                  [0] .Rust.TypePathSegment                                     Forma ... r<'_>¦
                    [0] .Rust.identifier                                        ｢Formatter｣
                    [1] .Rust.GenericArgs                                       <'_>¦
                      [0] .Rust.GenericArgs.Arg                                 '_¦
                        [0] .Rust.lifetime                                      ｢'_｣
          [2] .Rust.TypePath                                                    fmt:: ... sult ¦
            [0] .Rust.TypePathSegment                                           fmt¦
              [0] .Rust.identifier                                              ｢fmt｣
            [1] .Rust.TypePathSegment                                           Result ¦
              [0] .Rust.identifier                                              ｢Result｣
          [3] .Rust.Block                                                       {<NEWLINE><INDENT>ma ... <NEWLINE><DEDENT>}<NEWLINE><DEDENT>¦
            [0] .Rust.Stmt                                                      match ... <NEWLINE><DEDENT>}<NEWLINE><DEDENT>¦
              [0] .Rust.Stmt.ExprStmt                                           match ... <NEWLINE><DEDENT>}<NEWLINE><DEDENT>¦
                [0] .Rust.Expr.Match                                            match ... <NEWLINE><DEDENT>}<NEWLINE><DEDENT>¦
                  [0] .Rust.Expr                                                *self ¦
                    [0] .Rust.Expr.Unary.*                                      *self ¦
                      [0] .Rust.PathInExpr                                      self ¦
                        [0] .Rust.PathExprSegment                               self ¦
                          [0] .Rust.pathKeyword                                 ｢self｣
                  [1] .Rust.Expr.Arm                                            Shape ... us),<NEWLINE>¦
                    [0] .Rust.Pattern                                           Shape ... .. } ¦
                      [0] .Rust.Pattern.Struct                                  Shape ... .. } ¦
                        [0] .Rust.PathInExpr                                    Shape ... rcle ¦
                          [0] .Rust.PathExprSegment                             Shape¦
                            [0] .Rust.identifier                                ｢Shape｣
                          [1] .Rust.PathExprSegment                             Circle ¦
                            [0] .Rust.identifier                                ｢Circle｣
                        [1] .Rust.Pattern.Field                                 radius¦
                          [0] .Rust.identifier                                  ｢radius｣
                        [2] .Rust.Pattern.rest                                  ｢..｣
                    [1] .Rust.Expr                                              write ... dius)¦
                      [0] .Rust.Expr.Macro                                      write ... dius)¦
                        [0] .Rust.PathInExpr                                    write¦
                          [0] .Rust.PathExprSegment                             write¦
                            [0] .Rust.identifier                                ｢write｣
                        [1] .Rust.DelimTokenTree                                (f, \" ... dius)¦
                          [0] .Rust.TokenTree                                   f¦
                            [0] .Rust.token                                     ｢f｣
                          [1] .Rust.TokenTree                                   , ¦
                            [0] .Rust.token                                     ｢,｣
                          [2] .Rust.TokenTree                                   \"circ ... ({})\"¦
                            [0] .Rust.token                                     ｢"circle({})"｣
                              [0] .Rust.string.plain                            ｢"circle({})"｣
                          [3] .Rust.TokenTree                                   , ¦
                            [0] .Rust.token                                     ｢,｣
                          [4] .Rust.TokenTree                                   radius¦
                            [0] .Rust.token                                     ｢radius｣
                  [2] .Rust.Expr.Arm                                            Shape ...  b),<NEWLINE>¦
                    [0] .Rust.Pattern                                           Shape ... f b) ¦
                      [0] .Rust.Pattern.TupleStruct                             Shape ... f b) ¦
                        [0] .Rust.PathInExpr                                    Shape ... :Rect¦
                          [0] .Rust.PathExprSegment                             Shape¦
                            [0] .Rust.identifier                                ｢Shape｣
                          [1] .Rust.PathExprSegment                             Rect¦
                            [0] .Rust.identifier                                ｢Rect｣
                        [1] .Rust.Pattern                                       ref a¦
                          [0] .Rust.Pattern.Ident                               ref a¦
                            [0] .Rust.ref                                       ｢ref｣
                            [1] .Rust.identifier                                ｢a｣
                        [2] .Rust.Pattern                                       ref b¦
                          [0] .Rust.Pattern.Ident                               ref b¦
                            [0] .Rust.ref                                       ｢ref｣
                            [1] .Rust.identifier                                ｢b｣
                    [1] .Rust.Expr                                              write ... a, b)¦
                      [0] .Rust.Expr.Macro                                      write ... a, b)¦
                        [0] .Rust.PathInExpr                                    write¦
                          [0] .Rust.PathExprSegment                             write¦
                            [0] .Rust.identifier                                ｢write｣
                        [1] .Rust.DelimTokenTree                                (f, \" ... a, b)¦
                          [0] .Rust.TokenTree                                   f¦
                            [0] .Rust.token                                     ｢f｣
                          [1] .Rust.TokenTree                                   , ¦
                            [0] .Rust.token                                     ｢,｣
                          [2] .Rust.TokenTree                                   \"rect ... :?})\"¦
                            [0] .Rust.token                                     ｢"rect({:?}, {:?})"｣
                              [0] .Rust.string.plain                            ｢"rect({:?}, {:?})"｣
                          [3] .Rust.TokenTree                                   , ¦
                            [0] .Rust.token                                     ｢,｣
                          [4] .Rust.TokenTree                                   a¦
                            [0] .Rust.token                                     ｢a｣
                          [5] .Rust.TokenTree                                   , ¦
                            [0] .Rust.token                                     ｢,｣
                          [6] .Rust.TokenTree                                   b¦
                            [0] .Rust.token                                     ｢b｣
                  [3] .Rust.Expr.Arm                                            Shape ... \"),<NEWLINE><DEDENT>¦
                    [0] .Rust.Pattern                                           Shape ... mpty ¦
                      [0] .Rust.PathInExpr                                      Shape ... mpty ¦
                        [0] .Rust.PathExprSegment                               Shape¦
                          [0] .Rust.identifier                                  ｢Shape｣
                        [1] .Rust.PathExprSegment                               Empty ¦
                          [0] .Rust.identifier                                  ｢Empty｣
                    [1] .Rust.Expr                                              f.wri ... pty\")¦
                      [0] .Rust.Expr.Member.(                                   f.wri ... pty\")¦
                        [0] .Rust.Expr.Member..                                 f.wri ... e_str¦
                          [0] .Rust.PathInExpr                                  f¦
                            [0] .Rust.PathExprSegment                           f¦
                              [0] .Rust.identifier                              ｢f｣
                          [1] .Rust.Expr.FieldName                              write_str¦
                            [0] .Rust.PathExprSegment                           write_str¦
                              [0] .Rust.identifier                              ｢write_str｣
                        [1] .Rust.Expr.CallArgs                                 \"empty\"¦
                          [0] .Rust.Expr                                        \"empty\"¦
                            [0] .Rust.string.plain                              ｢"empty"｣
  [30] .Rust.Item                                                               impl  ... <NEWLINE><DEDENT>}<NEWLINE><NEWLINE>¦
    [0] .Rust.Impl                                                              impl  ... <NEWLINE><DEDENT>}<NEWLINE><NEWLINE>¦
      [0] .Rust.TypePath                                                        Area ¦
        [0] .Rust.TypePathSegment                                               Area ¦
          [0] .Rust.identifier                                                  ｢Area｣
      [1] .Rust.TypePath                                                        Shape ¦
        [0] .Rust.TypePathSegment                                               Shape ¦
          [0] .Rust.identifier                                                  ｢Shape｣
      [2] .Rust.AssocItem                                                       const ... = 0;<NEWLINE>¦
        [0] .Rust.Const                                                         const ... = 0;<NEWLINE>¦
          [0] .Rust.identifier                                                  ｢SIDES｣
          [1] .Rust.TypePath                                                    usize ¦
            [0] .Rust.TypePathSegment                                           usize ¦
              [0] .Rust.identifier                                              ｢usize｣
          [2] .Rust.Expr                                                        0¦
            [0] .Rust.number                                                    ｢0｣
              [0] .Rust.number.decimal                                          ｢0｣
      [3] .Rust.AssocItem                                                       type  ... 64;<NEWLINE><NEWLINE>¦
        [0] .Rust.TypeAlias                                                     type  ... 64;<NEWLINE><NEWLINE>¦
          [0] .Rust.identifier                                                  ｢Output｣
          [1] .Rust.TypePath                                                    f64¦
            [0] .Rust.TypePathSegment                                           f64¦
              [0] .Rust.identifier                                              ｢f64｣
      [4] .Rust.AssocItem                                                       fn ar ... <NEWLINE><DEDENT>}<NEWLINE><DEDENT>¦
        [0] .Rust.Function                                                      fn ar ... <NEWLINE><DEDENT>}<NEWLINE><DEDENT>¦
          [0] .Rust.identifier                                                  ｢area｣
          [1] .Rust.Function.Params                                             &self¦
            [0] .Rust.Function.SelfParam                                        &self¦
              [0] .Rust.Function.ShorthandSelf                                  &self¦
                [0] .Rust.selfValue                                             ｢self｣
          [2] .Rust.TypePath                                                    f64 ¦
            [0] .Rust.TypePathSegment                                           f64 ¦
              [0] .Rust.identifier                                              ｢f64｣
          [3] .Rust.Block                                                       {<NEWLINE><INDENT>ma ... <NEWLINE><DEDENT>}<NEWLINE><DEDENT>¦
            [0] .Rust.Stmt                                                      match ... <NEWLINE><DEDENT>}<NEWLINE><DEDENT>¦
              [0] .Rust.Stmt.ExprStmt                                           match ... <NEWLINE><DEDENT>}<NEWLINE><DEDENT>¦
                [0] .Rust.Expr.Match                                            match ... <NEWLINE><DEDENT>}<NEWLINE><DEDENT>¦
                  [0] .Rust.Expr                                                self ¦
                    [0] .Rust.PathInExpr                                        self ¦
                      [0] .Rust.PathExprSegment                                 self ¦
                        [0] .Rust.pathKeyword                                   ｢self｣
                  [1] .Rust.Expr.Arm                                            Shape ... * r,<NEWLINE>¦
                    [0] .Rust.Pattern                                           Shape ...  _ } ¦
                      [0] .Rust.Pattern.Struct                                  Shape ...  _ } ¦
                        [0] .Rust.PathInExpr                                    Shape ... rcle ¦
                          [0] .Rust.PathExprSegment                             Shape¦
                            [0] .Rust.identifier                                ｢Shape｣
                          [1] .Rust.PathExprSegment                             Circle ¦
                            [0] .Rust.identifier                                ｢Circle｣
                        [1] .Rust.Pattern.Field                                 radius: r¦
                          [0] .Rust.identifier                                  ｢radius｣
                          [1] .Rust.Pattern                                     r¦
                            [0] .Rust.Pattern.Ident                             r¦
                              [0] .Rust.identifier                              ｢r｣
                        [2] .Rust.Pattern.Field                                 center: _ ¦
                          [0] .Rust.identifier                                  ｢center｣
                          [1] .Rust.Pattern                                     _ ¦
                            [0] .Rust.underscore                                ｢_｣
                    [1] .Rust.Expr                                              std:: ... r * r¦
                      [0] .Rust.Expr.Product.*                                  std:: ... r * r¦
                        [0] .Rust.Expr.Product.*                                std:: ...  * r ¦
                          [0] .Rust.PathInExpr                                  std:: ... ::PI ¦
                            [0] .Rust.PathExprSegment                           std¦
                              [0] .Rust.identifier                              ｢std｣
                            [1] .Rust.PathExprSegment                           f64¦
                              [0] .Rust.identifier                              ｢f64｣
                            [2] .Rust.PathExprSegment                           consts¦
                              [0] .Rust.identifier                              ｢consts｣
                            [3] .Rust.PathExprSegment                           PI ¦
                              [0] .Rust.identifier                              ｢PI｣
                          [1] .Rust.PathInExpr                                  r ¦
                            [0] .Rust.PathExprSegment                           r ¦
                              [0] .Rust.identifier                              ｢r｣
                        [1] .Rust.PathInExpr                                    r¦
                          [0] .Rust.PathExprSegment                             r¦
                            [0] .Rust.identifier                                ｢r｣
                  [2] .Rust.Expr.Arm                                            &Shap ... s(),<NEWLINE>¦
                    [0] .Rust.Pattern                                           &Shap ... , b) ¦
                      [0] .Rust.Pattern.Ref.&                                   &Shap ... , b) ¦
                        [0] .Rust.Pattern.RefKind                               ¦
                        [1] .Rust.Pattern.TupleStruct                           Shape ... , b) ¦
                          [0] .Rust.PathInExpr                                  Shape ... :Rect¦
                            [0] .Rust.PathExprSegment                           Shape¦
                              [0] .Rust.identifier                              ｢Shape｣
                            [1] .Rust.PathExprSegment                           Rect¦
                              [0] .Rust.identifier                              ｢Rect｣
                          [1] .Rust.Pattern                                     a¦
                            [0] .Rust.Pattern.Ident                             a¦
                              [0] .Rust.identifier                              ｢a｣
                          [2] .Rust.Pattern                                     b¦
                            [0] .Rust.Pattern.Ident                             b¦
                              [0] .Rust.identifier                              ｢b｣
                    [1] .Rust.Expr                                              ((b.x ... abs()¦
                      [0] .Rust.Expr.Member.(                                   ((b.x ... abs()¦
                        [0] .Rust.Expr.Member..                                 ((b.x ... ).abs¦
                          [0] .Rust.Expr.Paren                                  ((b.x ... a.y))¦
                            [0] .Rust.Expr                                      (b.x  ...  a.y)¦
                              [0] .Rust.Expr.Product.*                          (b.x  ...  a.y)¦
                                [0] .Rust.Expr.Paren                            (b.x  ... a.x) ¦
                                  [0] .Rust.Expr                                b.x - a.x¦
                                    [0] .Rust.Expr.Sum.-                        b.x - a.x¦
                                      [0] .Rust.Expr.Member..                   b.x ¦
                                        [0] .Rust.PathInExpr                    b¦
                                          [0] .Rust.PathExprSegment             b¦
                                            [0] .Rust.identifier                ｢b｣
                                        [1] .Rust.Expr.FieldName                x ¦
                                          [0] .Rust.PathExprSegment             x ¦
                                            [0] .Rust.identifier                ｢x｣
                                      [1] .Rust.Expr.Member..                   a.x¦
                                        [0] .Rust.PathInExpr                    a¦
                                          [0] .Rust.PathExprSegment             a¦
                                            [0] .Rust.identifier                ｢a｣
                                        [1] .Rust.Expr.FieldName                x¦
                                          [0] .Rust.PathExprSegment             x¦
                                            [0] .Rust.identifier                ｢x｣
                                [1] .Rust.Expr.Paren                            (b.y  ...  a.y)¦
                                  [0] .Rust.Expr                                b.y - a.y¦
                                    [0] .Rust.Expr.Sum.-                        b.y - a.y¦
                                      [0] .Rust.Expr.Member..                   b.y ¦
                                        [0] .Rust.PathInExpr                    b¦
                                          [0] .Rust.PathExprSegment             b¦
                                            [0] .Rust.identifier                ｢b｣
                                        [1] .Rust.Expr.FieldName                y ¦
                                          [0] .Rust.PathExprSegment             y ¦
                                            [0] .Rust.identifier                ｢y｣
                                      [1] .Rust.Expr.Member..                   a.y¦
                                        [0] .Rust.PathInExpr                    a¦
                                          [0] .Rust.PathExprSegment             a¦
                                            [0] .Rust.identifier                ｢a｣
                                        [1] .Rust.Expr.FieldName                y¦
                                          [0] .Rust.PathExprSegment             y¦
                                            [0] .Rust.identifier                ｢y｣
                          [1] .Rust.Expr.FieldName                              abs¦
                            [0] .Rust.PathExprSegment                           abs¦
                              [0] .Rust.identifier                              ｢abs｣
                        [1] .Rust.Expr.CallArgs                                 ¦
                  [3] .Rust.Expr.Arm                                            _ =>  ... .0,<NEWLINE><DEDENT>¦
                    [0] .Rust.Pattern                                           _ ¦
                      [0] .Rust.underscore                                      ｢_｣
                    [1] .Rust.Expr                                              0.0¦
                      [0] .Rust.number                                          ｢0.0｣
                        [0] .Rust.number.float                                  ｢0.0｣
                          [0] .Rust.number.decimal                              ｢0｣
                          [1] .Rust.number.decimal                              ｢0｣
  [31] .Rust.Item                                                               impl< ... <NEWLINE><DEDENT>}<NEWLINE><NEWLINE>¦
    [0] .Rust.Impl                                                              impl< ... <NEWLINE><DEDENT>}<NEWLINE><NEWLINE>¦
      [0] .Rust.GenericParams                                                   <T> ¦
        [0] .Rust.GenericParams.Param                                           T¦
          [0] .Rust.GenericParams.TypeParam                                     T¦
            [0] .Rust.identifier                                                ｢T｣
      [1] .Rust.TypePath                                                        Index ... ize> ¦
        [0] .Rust.TypePathSegment                                               Index ... ize> ¦
          [0] .Rust.identifier                                                  ｢Index｣
          [1] .Rust.GenericArgs                                                 <usize> ¦
            [0] .Rust.GenericArgs.Arg                                           usize¦
              [0] .Rust.TypePath                                                usize¦
                [0] .Rust.TypePathSegment                                       usize¦
                  [0] .Rust.identifier                                          ｢usize｣
      [2] .Rust.TypePath                                                        Wrapp ... , 3><NEWLINE>¦
        [0] .Rust.TypePathSegment                                               Wrapp ... , 3><NEWLINE>¦
          [0] .Rust.identifier                                                  ｢Wrapper｣
          [1] .Rust.GenericArgs                                                 <'_,  ... , 3><NEWLINE>¦
            [0] .Rust.GenericArgs.Arg                                           '_¦
              [0] .Rust.lifetime                                                ｢'_｣
            [1] .Rust.GenericArgs.Arg                                           T¦
              [0] .Rust.TypePath                                                T¦
                [0] .Rust.TypePathSegment                                       T¦
                  [0] .Rust.identifier                                          ｢T｣
            [2] .Rust.GenericArgs.Arg                                           3¦
              [0] .Rust.GenericArgs.Const                                       3¦
                [0] .Rust.number                                                ｢3｣
                  [0] .Rust.number.decimal                                      ｢3｣
      [3] .Rust.Where                                                           where ... ed,<NEWLINE><DEDENT>¦
        [0] .Rust.Where.Predicate                                               T: Di ... Sized¦
          [0] .Rust.TypePath                                                    T¦
            [0] .Rust.TypePathSegment                                           T¦
              [0] .Rust.identifier                                              ｢T｣
          [1] .Rust.Bounds                                                      Displ ... Sized¦
            [0] .Rust.Bound                                                     Display ¦
              [0] .Rust.TraitBound                                              Display ¦
                [0] .Rust.TypePath                                              Display ¦
                  [0] .Rust.TypePathSegment                                     Display ¦
                    [0] .Rust.identifier                                        ｢Display｣
            [1] .Rust.Bound                                                     ?Sized¦
              [0] .Rust.TraitBound                                              ?Sized¦
                [0] .Rust.maybe                                                 ｢?｣
                [1] .Rust.TypePath                                              Sized¦
                  [0] .Rust.TypePathSegment                                     Sized¦
                    [0] .Rust.identifier                                        ｢Sized｣
      [4] .Rust.AssocItem                                                       type  ... u8;<NEWLINE><NEWLINE>¦
        [0] .Rust.TypeAlias                                                     type  ... u8;<NEWLINE><NEWLINE>¦
          [0] .Rust.identifier                                                  ｢Output｣
          [1] .Rust.TypePath                                                    u8¦
            [0] .Rust.TypePathSegment                                           u8¦
              [0] .Rust.identifier                                              ｢u8｣
      [5] .Rust.AssocItem                                                       fn in ... <NEWLINE><DEDENT>}<NEWLINE><DEDENT>¦
        [0] .Rust.Function                                                      fn in ... <NEWLINE><DEDENT>}<NEWLINE><DEDENT>¦
          [0] .Rust.identifier                                                  ｢index｣
          [1] .Rust.Function.Params                                             &self ... usize¦
            [0] .Rust.Function.SelfParam                                        &self¦
              [0] .Rust.Function.ShorthandSelf                                  &self¦
                [0] .Rust.selfValue                                             ｢self｣
            [1] .Rust.Function.Param                                            i: usize¦
              [0] .Rust.Pattern                                                 i¦
                [0] .Rust.Pattern.Ident                                         i¦
                  [0] .Rust.identifier                                          ｢i｣
              [1] .Rust.TypePath                                                usize¦
                [0] .Rust.TypePathSegment                                       usize¦
                  [0] .Rust.identifier                                          ｢usize｣
          [2] .Rust.Type.Ref                                                    &Self ... tput ¦
            [0] .Rust.TypePath                                                  Self: ... tput ¦
              [0] .Rust.TypePathSegment                                         Self¦
                [0] .Rust.pathKeyword                                           ｢Self｣
              [1] .Rust.TypePathSegment                                         Output ¦
                [0] .Rust.identifier                                            ｢Output｣
          [3] .Rust.Block                                                       {<NEWLINE><INDENT>&s ... <NEWLINE><DEDENT>}<NEWLINE><DEDENT>¦
            [0] .Rust.Expr                                                      &self ... [i]<NEWLINE><DEDENT>¦
              [0] .Rust.Expr.Unary.&                                            &self ... [i]<NEWLINE><DEDENT>¦
                [0] .Rust.Expr.RefKind                                          ¦
                [1] .Rust.Expr.Member.[                                         self. ... [i]<NEWLINE><DEDENT>¦
                  [0] .Rust.Expr.Member..                                       self.1¦
                    [0] .Rust.PathInExpr                                        self¦
                      [0] .Rust.PathExprSegment                                 self¦
                        [0] .Rust.pathKeyword                                   ｢self｣
                    [1] .Rust.Expr.FieldName                                    1¦
                      [0] .Rust.Expr.tupleIndex                                 ｢1｣
                  [1] .Rust.Expr                                                i¦
                    [0] .Rust.PathInExpr                                        i¦
                      [0] .Rust.PathExprSegment                                 i¦
                        [0] .Rust.identifier                                    ｢i｣
  [32] .Rust.Item                                                               impl  ... <NEWLINE><DEDENT>}<NEWLINE><NEWLINE>¦
    [0] .Rust.Impl                                                              impl  ... <NEWLINE><DEDENT>}<NEWLINE><NEWLINE>¦
      [0] .Rust.TypePath                                                        Meters ¦
        [0] .Rust.TypePathSegment                                               Meters ¦
          [0] .Rust.identifier                                                  ｢Meters｣
      [1] .Rust.AssocItem                                                       pub c ... <NEWLINE><DEDENT>}<NEWLINE><NEWLINE>¦
        [0] .Rust.Visibility                                                    pub ¦
        [1] .Rust.Function                                                      const ... <NEWLINE><DEDENT>}<NEWLINE><NEWLINE>¦
          [0] .Rust.Function.constness                                          ｢const｣
          [1] .Rust.identifier                                                  ｢new｣
          [2] .Rust.Function.Params                                             value: f64¦
            [0] .Rust.Function.Param                                            value: f64¦
              [0] .Rust.Pattern                                                 value¦
                [0] .Rust.Pattern.Ident                                         value¦
                  [0] .Rust.identifier                                          ｢value｣
              [1] .Rust.TypePath                                                f64¦
                [0] .Rust.TypePathSegment                                       f64¦
                  [0] .Rust.identifier                                          ｢f64｣
          [3] .Rust.TypePath                                                    Self ¦
            [0] .Rust.TypePathSegment                                           Self ¦
              [0] .Rust.pathKeyword                                             ｢Self｣
          [4] .Rust.Block                                                       {<NEWLINE><INDENT>Se ... <NEWLINE><DEDENT>}<NEWLINE><NEWLINE>¦
            [0] .Rust.Expr                                                      Self( ... ue)<NEWLINE><DEDENT>¦
              [0] .Rust.Expr.Member.(                                           Self( ... ue)<NEWLINE><DEDENT>¦
                [0] .Rust.PathInExpr                                            Self¦
                  [0] .Rust.PathExprSegment                                     Self¦
                    [0] .Rust.pathKeyword                                       ｢Self｣
                [1] .Rust.Expr.CallArgs                                         value¦
                  [0] .Rust.Expr                                                value¦
                    [0] .Rust.PathInExpr                                        value¦
                      [0] .Rust.PathExprSegment                                 value¦
                        [0] .Rust.identifier                                    ｢value｣
      [2] .Rust.AssocItem                                                       pub f ... <NEWLINE><DEDENT>}<NEWLINE><NEWLINE>¦
        [0] .Rust.Visibility                                                    pub ¦
        [1] .Rust.Function                                                      fn va ... <NEWLINE><DEDENT>}<NEWLINE><NEWLINE>¦
          [0] .Rust.identifier                                                  ｢value｣
          [1] .Rust.Function.Params                                             &self¦
            [0] .Rust.Function.SelfParam                                        &self¦
              [0] .Rust.Function.ShorthandSelf                                  &self¦
                [0] .Rust.selfValue                                             ｢self｣
          [2] .Rust.TypePath                                                    f64 ¦
            [0] .Rust.TypePathSegment                                           f64 ¦
              [0] .Rust.identifier                                              ｢f64｣
          [3] .Rust.Block                                                       {<NEWLINE><INDENT>se ... <NEWLINE><DEDENT>}<NEWLINE><NEWLINE>¦
            [0] .Rust.Expr                                                      self.0<NEWLINE><DEDENT>¦
              [0] .Rust.Expr.Member..                                           self.0<NEWLINE><DEDENT>¦
                [0] .Rust.PathInExpr                                            self¦
                  [0] .Rust.PathExprSegment                                     self¦
                    [0] .Rust.pathKeyword                                       ｢self｣
                [1] .Rust.Expr.FieldName                                        0<NEWLINE><DEDENT>¦
                  [0] .Rust.Expr.tupleIndex                                     ｢0｣
      [3] .Rust.AssocItem                                                       fn sc ... <NEWLINE><DEDENT>}<NEWLINE><NEWLINE>¦
        [0] .Rust.Function                                                      fn sc ... <NEWLINE><DEDENT>}<NEWLINE><NEWLINE>¦
          [0] .Rust.identifier                                                  ｢scale｣
          [1] .Rust.Function.Params                                             mut s ... : f64¦
            [0] .Rust.Function.SelfParam                                        mut self¦
              [0] .Rust.Function.ShorthandSelf                                  mut self¦
                [0] .Rust.mut                                                   ｢mut｣
                [1] .Rust.selfValue                                             ｢self｣
            [1] .Rust.Function.Param                                            facto ... : f64¦
              [0] .Rust.Pattern                                                 factor¦
                [0] .Rust.Pattern.Ident                                         factor¦
                  [0] .Rust.identifier                                          ｢factor｣
              [1] .Rust.TypePath                                                f64¦
                [0] .Rust.TypePathSegment                                       f64¦
                  [0] .Rust.identifier                                          ｢f64｣
          [2] .Rust.TypePath                                                    Self ¦
            [0] .Rust.TypePathSegment                                           Self ¦
              [0] .Rust.pathKeyword                                             ｢Self｣
          [3] .Rust.Block                                                       {<NEWLINE><INDENT>se ... <NEWLINE><DEDENT>}<NEWLINE><NEWLINE>¦
            [0] .Rust.Stmt                                                      self. ... tor;<NEWLINE>¦
              [0] .Rust.Stmt.ExprStmt                                           self. ... tor;<NEWLINE>¦
                [0] .Rust.Expr                                                  self. ... actor¦
                  [0] .Rust.Expr.Assign.*=                                      self. ... actor¦
                    [0] .Rust.Expr.Member..                                     self.0 ¦
                      [0] .Rust.PathInExpr                                      self¦
                        [0] .Rust.PathExprSegment                               self¦
                          [0] .Rust.pathKeyword                                 ｢self｣
                      [1] .Rust.Expr.FieldName                                  0 ¦
                        [0] .Rust.Expr.tupleIndex                               ｢0｣
                    [1] .Rust.PathInExpr                                        factor¦
                      [0] .Rust.PathExprSegment                                 factor¦
                        [0] .Rust.identifier                                    ｢factor｣
            [1] .Rust.Expr                                                      self<NEWLINE><DEDENT>¦
              [0] .Rust.PathInExpr                                              self<NEWLINE><DEDENT>¦
                [0] .Rust.PathExprSegment                                       self<NEWLINE><DEDENT>¦
                  [0] .Rust.pathKeyword                                         ｢self｣
      [4] .Rust.AssocItem                                                       fn bo ... <NEWLINE><DEDENT>}<NEWLINE><DEDENT>¦
        [0] .Rust.Function                                                      fn bo ... <NEWLINE><DEDENT>}<NEWLINE><DEDENT>¦
          [0] .Rust.identifier                                                  ｢boxed｣
          [1] .Rust.Function.Params                                             self: ... Self>¦
            [0] .Rust.Function.SelfParam                                        self: ... Self>¦
              [0] .Rust.Function.TypedSelf                                      self: ... Self>¦
                [0] .Rust.selfValue                                             ｢self｣
                [1] .Rust.TypePath                                              Box<Self>¦
                  [0] .Rust.TypePathSegment                                     Box<Self>¦
                    [0] .Rust.identifier                                        ｢Box｣
                    [1] .Rust.GenericArgs                                       <Self>¦
                      [0] .Rust.GenericArgs.Arg                                 Self¦
                        [0] .Rust.TypePath                                      Self¦
                          [0] .Rust.TypePathSegment                             Self¦
                            [0] .Rust.pathKeyword                               ｢Self｣
          [2] .Rust.TypePath                                                    f64 ¦
            [0] .Rust.TypePathSegment                                           f64 ¦
              [0] .Rust.identifier                                              ｢f64｣
          [3] .Rust.Block                                                       {<NEWLINE><INDENT>se ... <NEWLINE><DEDENT>}<NEWLINE><DEDENT>¦
            [0] .Rust.Expr                                                      self.0<NEWLINE><DEDENT>¦
              [0] .Rust.Expr.Member..                                           self.0<NEWLINE><DEDENT>¦
                [0] .Rust.PathInExpr                                            self¦
                  [0] .Rust.PathExprSegment                                     self¦
                    [0] .Rust.pathKeyword                                       ｢self｣
                [1] .Rust.Expr.FieldName                                        0<NEWLINE><DEDENT>¦
                  [0] .Rust.Expr.tupleIndex                                     ｢0｣
  [33] .Rust.Item                                                               exter ... <NEWLINE><DEDENT>}<NEWLINE><NEWLINE>¦
    [0] .Rust.ExternBlock                                                       exter ... <NEWLINE><DEDENT>}<NEWLINE><NEWLINE>¦
      [0] .Rust.Function.abi                                                    ｢"C"｣
        [0] .Rust.string.plain                                                  ｢"C"｣
      [1] .Rust.ExternItem                                                      fn ab ... i32;<NEWLINE>¦
        [0] .Rust.Function                                                      fn ab ... i32;<NEWLINE>¦
          [0] .Rust.identifier                                                  ｢abs｣
          [1] .Rust.Function.Params                                             input: i32¦
            [0] .Rust.Function.Param                                            input: i32¦
              [0] .Rust.Pattern                                                 input¦
                [0] .Rust.Pattern.Ident                                         input¦
                  [0] .Rust.identifier                                          ｢input｣
              [1] .Rust.TypePath                                                i32¦
                [0] .Rust.TypePathSegment                                       i32¦
                  [0] .Rust.identifier                                          ｢i32｣
          [2] .Rust.TypePath                                                    i32¦
            [0] .Rust.TypePathSegment                                           i32¦
              [0] .Rust.identifier                                              ｢i32｣
      [2] .Rust.ExternItem                                                      stati ... 32;<NEWLINE><DEDENT>¦
        [0] .Rust.Static                                                        stati ... 32;<NEWLINE><DEDENT>¦
          [0] .Rust.identifier                                                  ｢errno｣
          [1] .Rust.TypePath                                                    i32¦
            [0] .Rust.TypePathSegment                                           i32¦
              [0] .Rust.identifier                                              ｢i32｣
  [34] .Rust.Item                                                               unsaf ... <NEWLINE><DEDENT>}<NEWLINE><NEWLINE>¦
    [0] .Rust.Function                                                          unsaf ... <NEWLINE><DEDENT>}<NEWLINE><NEWLINE>¦
      [0] .Rust.safety                                                          ｢unsafe｣
      [1] .Rust.Function.abi                                                    ｢"C"｣
        [0] .Rust.string.plain                                                  ｢"C"｣
      [2] .Rust.identifier                                                      ｢callback｣
      [3] .Rust.Function.Params                                                 data: ... , ...¦
        [0] .Rust.Function.Param                                                data: ... st u8¦
          [0] .Rust.Pattern                                                     data¦
            [0] .Rust.Pattern.Ident                                             data¦
              [0] .Rust.identifier                                              ｢data｣
          [1] .Rust.Type.Pointer                                                *const u8¦
            [0] .Rust.Type.pointerKind                                          ｢const｣
            [1] .Rust.TypePath                                                  u8¦
              [0] .Rust.TypePathSegment                                         u8¦
                [0] .Rust.identifier                                            ｢u8｣
        [1] .Rust.Function.Param                                                len: usize¦
          [0] .Rust.Pattern                                                     len¦
            [0] .Rust.Pattern.Ident                                             len¦
              [0] .Rust.identifier                                              ｢len｣
          [1] .Rust.TypePath                                                    usize¦
            [0] .Rust.TypePathSegment                                           usize¦
              [0] .Rust.identifier                                              ｢usize｣
        [2] .Rust.Function.Param                                                ...¦
          [0] .Rust.Function.variadic                                           ｢...｣
      [4] .Rust.Type.Pointer                                                    *mut u8 ¦
        [0] .Rust.Type.pointerKind                                              ｢mut｣
        [1] .Rust.TypePath                                                      u8 ¦
          [0] .Rust.TypePathSegment                                             u8 ¦
            [0] .Rust.identifier                                                ｢u8｣
      [5] .Rust.Block                                                           {<NEWLINE><INDENT>da ... <NEWLINE><DEDENT>}<NEWLINE><NEWLINE>¦
        [0] .Rust.Expr                                                          data  ...  u8<NEWLINE><DEDENT>¦
          [0] .Rust.Expr.Cast.as                                                data  ...  u8<NEWLINE><DEDENT>¦
            [0] .Rust.PathInExpr                                                data ¦
              [0] .Rust.PathExprSegment                                         data ¦
                [0] .Rust.identifier                                            ｢data｣
            [1] .Rust.Type.Pointer                                              *mut u8<NEWLINE><DEDENT>¦
              [0] .Rust.Type.pointerKind                                        ｢mut｣
              [1] .Rust.TypePath                                                u8<NEWLINE><DEDENT>¦
                [0] .Rust.TypePathSegment                                       u8<NEWLINE><DEDENT>¦
                  [0] .Rust.identifier                                          ｢u8｣
  [35] .Rust.Item                                                               fn ar ... <NEWLINE><DEDENT>}<NEWLINE><NEWLINE>¦
    [0] .Rust.Function                                                          fn ar ... <NEWLINE><DEDENT>}<NEWLINE><NEWLINE>¦
      [0] .Rust.identifier                                                      ｢arithmetic｣
      [1] .Rust.Function.Params                                                 a: i6 ... : i64¦
        [0] .Rust.Function.Param                                                a: i64¦
          [0] .Rust.Pattern                                                     a¦
            [0] .Rust.Pattern.Ident                                             a¦
              [0] .Rust.identifier                                              ｢a｣
          [1] .Rust.TypePath                                                    i64¦
            [0] .Rust.TypePathSegment                                           i64¦
              [0] .Rust.identifier                                              ｢i64｣
        [1] .Rust.Function.Param                                                b: i64¦
          [0] .Rust.Pattern                                                     b¦
            [0] .Rust.Pattern.Ident                                             b¦
              [0] .Rust.identifier                                              ｢b｣
          [1] .Rust.TypePath                                                    i64¦
            [0] .Rust.TypePathSegment                                           i64¦
              [0] .Rust.identifier                                              ｢i64｣
      [2] .Rust.Type.Tuple                                                      (i64, ... ool) ¦
        [0] .Rust.TypePath                                                      i64¦
          [0] .Rust.TypePathSegment                                             i64¦
            [0] .Rust.identifier                                                ｢i64｣
        [1] .Rust.TypePath                                                      i64¦
          [0] .Rust.TypePathSegment                                             i64¦
            [0] .Rust.identifier                                                ｢i64｣
        [2] .Rust.TypePath                                                      bool¦
          [0] .Rust.TypePathSegment                                             bool¦
            [0] .Rust.identifier                                                ｢bool｣
      [3] .Rust.Block                                                           {<NEWLINE><INDENT>le ... <NEWLINE><DEDENT>}<NEWLINE><NEWLINE>¦
        [0] .Rust.Stmt                                                          let m ... % 3;<NEWLINE>¦
          [0] .Rust.Stmt.Let                                                    let m ... % 3;<NEWLINE>¦
            [0] .Rust.Pattern                                                   mut total ¦
              [0] .Rust.Pattern.Ident                                           mut total ¦
                [0] .Rust.mut                                                   ｢mut｣
                [1] .Rust.identifier                                            ｢total｣
            [1] .Rust.Expr                                                      a + b ... b % 3¦
              [0] .Rust.Expr.Sum.-                                              a + b ... b % 3¦
                [0] .Rust.Expr.Sum.+                                            a + b * 2 ¦
                  [0] .Rust.PathInExpr                                          a ¦
                    [0] .Rust.PathExprSegment                                   a ¦
                      [0] .Rust.identifier                                      ｢a｣
                  [1] .Rust.Expr.Product.*                                      b * 2 ¦
                    [0] .Rust.PathInExpr                                        b ¦
                      [0] .Rust.PathExprSegment                                 b ¦
                        [0] .Rust.identifier                                    ｢b｣
                    [1] .Rust.number                                            ｢2｣
                      [0] .Rust.number.decimal                                  ｢2｣
                [1] .Rust.Expr.Product.%                                        a / b % 3¦
                  [0] .Rust.Expr.Product./                                      a / b ¦
                    [0] .Rust.PathInExpr                                        a ¦
                      [0] .Rust.PathExprSegment                                 a ¦
                        [0] .Rust.identifier                                    ｢a｣
                    [1] .Rust.PathInExpr                                        b ¦
                      [0] .Rust.PathExprSegment                                 b ¦
                        [0] .Rust.identifier                                    ｢b｣
                  [1] .Rust.number                                              ｢3｣
                    [0] .Rust.number.decimal                                    ｢3｣
        [1] .Rust.Stmt                                                          total ... = a;<NEWLINE>¦
          [0] .Rust.Stmt.ExprStmt                                               total ... = a;<NEWLINE>¦
            [0] .Rust.Expr                                                      total += a¦
              [0] .Rust.Expr.Assign.+=                                          total += a¦
                [0] .Rust.PathInExpr                                            total ¦
                  [0] .Rust.PathExprSegment                                     total ¦
                    [0] .Rust.identifier                                        ｢total｣
                [1] .Rust.PathInExpr                                            a¦
                  [0] .Rust.PathExprSegment                                     a¦
                    [0] .Rust.identifier                                        ｢a｣
        [2] .Rust.Stmt                                                          total ...  -b;<NEWLINE>¦
          [0] .Rust.Stmt.ExprStmt                                               total ...  -b;<NEWLINE>¦
            [0] .Rust.Expr                                                      total ... -= -b¦
              [0] .Rust.Expr.Assign.-=                                          total ... -= -b¦
                [0] .Rust.PathInExpr                                            total ¦
                  [0] .Rust.PathExprSegment                                     total ¦
                    [0] .Rust.identifier                                        ｢total｣
                [1] .Rust.Expr.Unary.-                                          -b¦
                  [0] .Rust.PathInExpr                                          b¦
                    [0] .Rust.PathExprSegment                                   b¦
                      [0] .Rust.identifier                                      ｢b｣
        [3] .Rust.Stmt                                                          total ...  !a;<NEWLINE>¦
          [0] .Rust.Stmt.ExprStmt                                               total ...  !a;<NEWLINE>¦
            [0] .Rust.Expr                                                      total ... *= !a¦
              [0] .Rust.Expr.Assign.*=                                          total ... *= !a¦
                [0] .Rust.PathInExpr                                            total ¦
                  [0] .Rust.PathExprSegment                                     total ¦
                    [0] .Rust.identifier                                        ｢total｣
                [1] .Rust.Expr.Unary.!                                          !a¦
                  [0] .Rust.PathInExpr                                          a¦
                    [0] .Rust.PathExprSegment                                   a¦
                      [0] .Rust.identifier                                      ｢a｣
        [4] .Rust.Stmt                                                          total ... = 1;<NEWLINE>¦
          [0] .Rust.Stmt.ExprStmt                                               total ... = 1;<NEWLINE>¦
            [0] .Rust.Expr                                                      total ... <<= 1¦
              [0] .Rust.Expr.Assign.<<=                                         total ... <<= 1¦
                [0] .Rust.PathInExpr                                            total ¦
                  [0] .Rust.PathExprSegment                                     total ¦
                    [0] .Rust.identifier                                        ｢total｣
                [1] .Rust.number                                                ｢1｣
                  [0] .Rust.number.decimal                                      ｢1｣
        [5] .Rust.Stmt                                                          total ... = 2;<NEWLINE>¦
          [0] .Rust.Stmt.ExprStmt                                               total ... = 2;<NEWLINE>¦
            [0] .Rust.Expr                                                      total ... >>= 2¦
              [0] .Rust.Expr.Assign.>>=                                         total ... >>= 2¦
                [0] .Rust.PathInExpr                                            total ¦
                  [0] .Rust.PathExprSegment                                     total ¦
                    [0] .Rust.identifier                                        ｢total｣
                [1] .Rust.number                                                ｢2｣
                  [0] .Rust.number.decimal                                      ｢2｣
        [6] .Rust.Stmt                                                          total ... | b;<NEWLINE>¦
          [0] .Rust.Stmt.ExprStmt                                               total ... | b;<NEWLINE>¦
            [0] .Rust.Expr                                                      total ... a | b¦
              [0] .Rust.Expr.Assign.|=                                          total ... a | b¦
                [0] .Rust.PathInExpr                                            total ¦
                  [0] .Rust.PathExprSegment                                     total ¦
                    [0] .Rust.identifier                                        ｢total｣
                [1] .Rust.Expr.BitOr.|                                          a & b ... a | b¦
                  [0] .Rust.Expr.BitXor.^                                       a & b ^ a ¦
                    [0] .Rust.Expr.BitAnd.&                                     a & b ¦
                      [0] .Rust.PathInExpr                                      a ¦
                        [0] .Rust.PathExprSegment                               a ¦
                          [0] .Rust.identifier                                  ｢a｣
                      [1] .Rust.PathInExpr                                      b ¦
                        [0] .Rust.PathExprSegment                               b ¦
                          [0] .Rust.identifier                                  ｢b｣
                    [1] .Rust.PathInExpr                                        a ¦
                      [0] .Rust.PathExprSegment                                 a ¦
                        [0] .Rust.identifier                                    ｢a｣
                  [1] .Rust.PathInExpr                                          b¦
                    [0] .Rust.PathExprSegment                                   b¦
                      [0] .Rust.identifier                                      ｢b｣
        [7] .Rust.Stmt                                                          let s ...  1);<NEWLINE>¦
          [0] .Rust.Stmt.Let                                                    let s ...  1);<NEWLINE>¦
            [0] .Rust.Pattern                                                   shifted ¦
              [0] .Rust.Pattern.Ident                                           shifted ¦
                [0] .Rust.identifier                                            ｢shifted｣
            [1] .Rust.Expr                                                      (a << ... >> 1)¦
              [0] .Rust.Expr.BitOr.|                                            (a << ... >> 1)¦
                [0] .Rust.Expr.Paren                                            (a << 2) ¦
                  [0] .Rust.Expr                                                a << 2¦
                    [0] .Rust.Expr.Shift.<<                                     a << 2¦
                      [0] .Rust.PathInExpr                                      a ¦
                        [0] .Rust.PathExprSegment                               a ¦
                          [0] .Rust.identifier                                  ｢a｣
                      [1] .Rust.number                                          ｢2｣
                        [0] .Rust.number.decimal                                ｢2｣
                [1] .Rust.Expr.Paren                                            (b >> 1)¦
                  [0] .Rust.Expr                                                b >> 1¦
                    [0] .Rust.Expr.Shift.>>                                     b >> 1¦
                      [0] .Rust.PathInExpr                                      b ¦
                        [0] .Rust.PathExprSegment                               b ¦
                          [0] .Rust.identifier                                  ｢b｣
                      [1] .Rust.number                                          ｢1｣
                        [0] .Rust.number.decimal                                ｢1｣
        [8] .Rust.Stmt                                                          let c ... > a;<NEWLINE>¦
          [0] .Rust.Stmt.Let                                                    let c ... > a;<NEWLINE>¦
            [0] .Rust.Pattern                                                   cmp ¦
              [0] .Rust.Pattern.Ident                                           cmp ¦
                [0] .Rust.identifier                                            ｢cmp｣
            [1] .Rust.Expr                                                      a < b ... b > a¦
              [0] .Rust.Expr.LazyOr.||                                          a < b ... b > a¦
                [0] .Rust.Expr.LazyAnd.&&                                       a < b ... = 10 ¦
                  [0] .Rust.Expr.Compare.<                                      a < b ¦
                    [0] .Rust.PathInExpr                                        a ¦
                      [0] .Rust.PathExprSegment                                 a ¦
                        [0] .Rust.identifier                                    ｢a｣
                    [1] .Rust.PathInExpr                                        b ¦
                      [0] .Rust.PathExprSegment                                 b ¦
                        [0] .Rust.identifier                                    ｢b｣
                  [1] .Rust.Expr.Compare.<=                                     b <= 10 ¦
                    [0] .Rust.PathInExpr                                        b ¦
                      [0] .Rust.PathExprSegment                                 b ¦
                        [0] .Rust.identifier                                    ｢b｣
                    [1] .Rust.number                                            ｢10｣
                      [0] .Rust.number.decimal                                  ｢10｣
                [1] .Rust.Expr.LazyAnd.&&                                       a ==  ... b > a¦
                  [0] .Rust.Expr.Compare.==                                     a == b ¦
                    [0] .Rust.PathInExpr                                        a ¦
                      [0] .Rust.PathExprSegment                                 a ¦
                        [0] .Rust.identifier                                    ｢a｣
                    [1] .Rust.PathInExpr                                        b ¦
                      [0] .Rust.PathExprSegment                                 b ¦
                        [0] .Rust.identifier                                    ｢b｣
                  [1] .Rust.Expr.Compare.!=                                     a != 0 ¦
                    [0] .Rust.PathInExpr                                        a ¦
                      [0] .Rust.PathExprSegment                                 a ¦
                        [0] .Rust.identifier                                    ｢a｣
                    [1] .Rust.number                                            ｢0｣
                      [0] .Rust.number.decimal                                  ｢0｣
                  [2] .Rust.Expr.Compare.>=                                     a >= b ¦
                    [0] .Rust.PathInExpr                                        a ¦
                      [0] .Rust.PathExprSegment                                 a ¦
                        [0] .Rust.identifier                                    ｢a｣
                    [1] .Rust.PathInExpr                                        b ¦
                      [0] .Rust.PathExprSegment                                 b ¦
                        [0] .Rust.identifier                                    ｢b｣
                  [3] .Rust.Expr.Compare.>                                      b > a¦
                    [0] .Rust.PathInExpr                                        b ¦
                      [0] .Rust.PathExprSegment                                 b ¦
                        [0] .Rust.identifier                                    ｢b｣
                    [1] .Rust.PathInExpr                                        a¦
                      [0] .Rust.PathExprSegment                                 a¦
                        [0] .Rust.identifier                                    ｢a｣
        [9] .Rust.Expr                                                          (tota ... mp)<NEWLINE><DEDENT>¦
          [0] .Rust.Expr.Tuple                                                  (tota ... mp)<NEWLINE><DEDENT>¦
            [0] .Rust.Expr                                                      total¦
              [0] .Rust.PathInExpr                                              total¦
                [0] .Rust.PathExprSegment                                       total¦
                  [0] .Rust.identifier                                          ｢total｣
            [1] .Rust.Expr                                                      shift ... s i64¦
              [0] .Rust.Expr.Cast.as                                            shift ... s i64¦
                [0] .Rust.PathInExpr                                            shifted ¦
                  [0] .Rust.PathExprSegment                                     shifted ¦
                    [0] .Rust.identifier                                        ｢shifted｣
                [1] .Rust.TypePath                                              i64¦
                  [0] .Rust.TypePathSegment                                     i64¦
                    [0] .Rust.identifier                                        ｢i64｣
            [2] .Rust.Expr                                                      cmp¦
              [0] .Rust.PathInExpr                                              cmp¦
                [0] .Rust.PathExprSegment                                       cmp¦
                  [0] .Rust.identifier                                          ｢cmp｣
  [36] .Rust.Item                                                               fn re ... <NEWLINE><DEDENT>}<NEWLINE><NEWLINE>¦
    [0] .Rust.Function                                                          fn re ... <NEWLINE><DEDENT>}<NEWLINE><NEWLINE>¦
      [0] .Rust.identifier                                                      ｢references｣
      [1] .Rust.GenericParams                                                   <'a,  ... : 'a>¦
        [0] .Rust.GenericParams.Param                                           'a¦
          [0] .Rust.GenericParams.LifetimeParam                                 'a¦
            [0] .Rust.lifetime                                                  ｢'a｣
        [1] .Rust.GenericParams.Param                                           'b: 'a¦
          [0] .Rust.GenericParams.LifetimeParam                                 'b: 'a¦
            [0] .Rust.lifetime                                                  ｢'b｣
            [1] .Rust.LifetimeBounds                                            'a¦
              [0] .Rust.lifetime                                                ｢'a｣
      [2] .Rust.Function.Params                                                 x: &' ... b i32¦
        [0] .Rust.Function.Param                                                x: &' ... t i32¦
          [0] .Rust.Pattern                                                     x¦
            [0] .Rust.Pattern.Ident                                             x¦
              [0] .Rust.identifier                                              ｢x｣
          [1] .Rust.Type.Ref                                                    &'a m ... t i32¦
            [0] .Rust.lifetime                                                  ｢'a｣
            [1] .Rust.mut                                                       ｢mut｣
            [2] .Rust.TypePath                                                  i32¦
              [0] .Rust.TypePathSegment                                         i32¦
                [0] .Rust.identifier                                            ｢i32｣
        [1] .Rust.Function.Param                                                y: &'b i32¦
          [0] .Rust.Pattern                                                     y¦
            [0] .Rust.Pattern.Ident                                             y¦
              [0] .Rust.identifier                                              ｢y｣
          [1] .Rust.Type.Ref                                                    &'b i32¦
            [0] .Rust.lifetime                                                  ｢'b｣
            [1] .Rust.TypePath                                                  i32¦
              [0] .Rust.TypePathSegment                                         i32¦
                [0] .Rust.identifier                                            ｢i32｣
      [3] .Rust.Type.Ref                                                        &'a i32 ¦
        [0] .Rust.lifetime                                                      ｢'a｣
        [1] .Rust.TypePath                                                      i32 ¦
          [0] .Rust.TypePathSegment                                             i32 ¦
            [0] .Rust.identifier                                                ｢i32｣
      [4] .Rust.Block                                                           {<NEWLINE><INDENT>*x ... <NEWLINE><DEDENT>}<NEWLINE><NEWLINE>¦
        [0] .Rust.Stmt                                                          *x += *y;<NEWLINE>¦
          [0] .Rust.Stmt.ExprStmt                                               *x += *y;<NEWLINE>¦
            [0] .Rust.Expr                                                      *x += *y¦
              [0] .Rust.Expr.Assign.+=                                          *x += *y¦
                [0] .Rust.Expr.Unary.*                                          *x ¦
                  [0] .Rust.PathInExpr                                          x ¦
                    [0] .Rust.PathExprSegment                                   x ¦
                      [0] .Rust.identifier                                      ｢x｣
                [1] .Rust.Expr.Unary.*                                          *y¦
                  [0] .Rust.PathInExpr                                          y¦
                    [0] .Rust.PathExprSegment                                   y¦
                      [0] .Rust.identifier                                      ｢y｣
        [1] .Rust.Stmt                                                          let r ...  &x;<NEWLINE>¦
          [0] .Rust.Stmt.Let                                                    let r ...  &x;<NEWLINE>¦
            [0] .Rust.Pattern                                                   r ¦
              [0] .Rust.Pattern.Ident                                           r ¦
                [0] .Rust.identifier                                            ｢r｣
            [1] .Rust.Expr                                                      &x¦
              [0] .Rust.Expr.Unary.&                                            &x¦
                [0] .Rust.Expr.RefKind                                          ¦
                [1] .Rust.PathInExpr                                            x¦
                  [0] .Rust.PathExprSegment                                     x¦
                    [0] .Rust.identifier                                        ｢x｣
        [2] .Rust.Stmt                                                          let r ... &&y;<NEWLINE>¦
          [0] .Rust.Stmt.Let                                                    let r ... &&y;<NEWLINE>¦
            [0] .Rust.Pattern                                                   rr ¦
              [0] .Rust.Pattern.Ident                                           rr ¦
                [0] .Rust.identifier                                            ｢rr｣
            [1] .Rust.Expr                                                      &&y¦
              [0] .Rust.Expr.Unary.&&                                           &&y¦
                [0] .Rust.Expr.RefKind                                          ¦
                [1] .Rust.PathInExpr                                            y¦
                  [0] .Rust.PathExprSegment                                     y¦
                    [0] .Rust.identifier                                        ｢y｣
        [3] .Rust.Stmt                                                          let m ...  *x;<NEWLINE>¦
          [0] .Rust.Stmt.Let                                                    let m ...  *x;<NEWLINE>¦
            [0] .Rust.Pattern                                                   m ¦
              [0] .Rust.Pattern.Ident                                           m ¦
                [0] .Rust.identifier                                            ｢m｣
            [1] .Rust.Expr                                                      &mut *x¦
              [0] .Rust.Expr.Unary.&                                            &mut *x¦
                [0] .Rust.Expr.RefKind                                          mut ¦
                  [0] .Rust.mut                                                 ｢mut｣
                [1] .Rust.Expr.Unary.*                                          *x¦
                  [0] .Rust.PathInExpr                                          x¦
                    [0] .Rust.PathExprSegment                                   x¦
                      [0] .Rust.identifier                                      ｢x｣
        [4] .Rust.Stmt                                                          *m =  ... *rr;<NEWLINE>¦
          [0] .Rust.Stmt.ExprStmt                                               *m =  ... *rr;<NEWLINE>¦
            [0] .Rust.Expr                                                      *m = **rr¦
              [0] .Rust.Expr.Assign.=                                           *m = **rr¦
                [0] .Rust.Expr.Unary.*                                          *m ¦
                  [0] .Rust.PathInExpr                                          m ¦
                    [0] .Rust.PathExprSegment                                   m ¦
                      [0] .Rust.identifier                                      ｢m｣
                [1] .Rust.Expr.Unary.*                                          **rr¦
                  [0] .Rust.Expr.Unary.*                                        *rr¦
                    [0] .Rust.PathInExpr                                        rr¦
                      [0] .Rust.PathExprSegment                                 rr¦
                        [0] .Rust.identifier                                    ｢rr｣
        [5] .Rust.Expr                                                          x<NEWLINE><DEDENT>¦
          [0] .Rust.PathInExpr                                                  x<NEWLINE><DEDENT>¦
            [0] .Rust.PathExprSegment                                           x<NEWLINE><DEDENT>¦
              [0] .Rust.identifier                                              ｢x｣
  [37] .Rust.Item                                                               fn co ... <NEWLINE><DEDENT>}<NEWLINE><NEWLINE>¦
    [0] .Rust.Function                                                          fn co ... <NEWLINE><DEDENT>}<NEWLINE><NEWLINE>¦
      [0] .Rust.identifier                                                      ｢control_flow｣
      [1] .Rust.Function.Params                                                 n: i32¦
        [0] .Rust.Function.Param                                                n: i32¦
          [0] .Rust.Pattern                                                     n¦
            [0] .Rust.Pattern.Ident                                             n¦
              [0] .Rust.identifier                                              ｢n｣
          [1] .Rust.TypePath                                                    i32¦
            [0] .Rust.TypePathSegment                                           i32¦
              [0] .Rust.identifier                                              ｢i32｣
      [2] .Rust.TypePath                                                        i32 ¦
        [0] .Rust.TypePathSegment                                               i32 ¦
          [0] .Rust.identifier                                                  ｢i32｣
      [3] .Rust.Block                                                           {<NEWLINE><INDENT>le ... <NEWLINE><DEDENT>}<NEWLINE><NEWLINE>¦
        [0] .Rust.Stmt                                                          let s ... <DEDENT>};<NEWLINE><NEWLINE>¦
          [0] .Rust.Stmt.Let                                                    let s ... <DEDENT>};<NEWLINE><NEWLINE>¦
            [0] .Rust.Pattern                                                   sign ¦
              [0] .Rust.Pattern.Ident                                           sign ¦
                [0] .Rust.identifier                                            ｢sign｣
            [1] .Rust.Expr                                                      if n  ... <INDENT>1<NEWLINE><DEDENT>}¦
              [0] .Rust.Expr.If                                                 if n  ... <INDENT>1<NEWLINE><DEDENT>}¦
                [0] .Rust.Expr.Conditions                                       n < 0 ¦
                  [0] .Rust.Expr                                                n < 0 ¦
                    [0] .Rust.Expr.Compare.<                                    n < 0 ¦
                      [0] .Rust.PathInExpr                                      n ¦
                        [0] .Rust.PathExprSegment                               n ¦
                          [0] .Rust.identifier                                  ｢n｣
                      [1] .Rust.number                                          ｢0｣
                        [0] .Rust.number.decimal                                ｢0｣
                [1] .Rust.Block                                                 {<NEWLINE><INDENT>-1<NEWLINE><DEDENT>} ¦
                  [0] .Rust.Expr                                                -1<NEWLINE><DEDENT>¦
                    [0] .Rust.Expr.Unary.-                                      -1<NEWLINE><DEDENT>¦
                      [0] .Rust.number                                          ｢1｣
                        [0] .Rust.number.decimal                                ｢1｣
                [2] .Rust.Expr.If                                               if n  ... <INDENT>1<NEWLINE><DEDENT>}¦
                  [0] .Rust.Expr.Conditions                                     n == 0 ¦
                    [0] .Rust.Expr                                              n == 0 ¦
                      [0] .Rust.Expr.Compare.==                                 n == 0 ¦
                        [0] .Rust.PathInExpr                                    n ¦
                          [0] .Rust.PathExprSegment                             n ¦
                            [0] .Rust.identifier                                ｢n｣
                        [1] .Rust.number                                        ｢0｣
                          [0] .Rust.number.decimal                              ｢0｣
                  [1] .Rust.Block                                               {<NEWLINE><INDENT>0<NEWLINE><DEDENT>} ¦
                    [0] .Rust.Expr                                              0<NEWLINE><DEDENT>¦
                      [0] .Rust.number                                          ｢0｣
                        [0] .Rust.number.decimal                                ｢0｣
                  [2] .Rust.Block                                               {<NEWLINE><INDENT>1<NEWLINE><DEDENT>}¦
                    [0] .Rust.Expr                                              1<NEWLINE><DEDENT>¦
                      [0] .Rust.number                                          ｢1｣
                        [0] .Rust.number.decimal                                ｢1｣
        [1] .Rust.Stmt                                                          let m ... = 0;<NEWLINE>¦
          [0] .Rust.Stmt.Let                                                    let m ... = 0;<NEWLINE>¦
            [0] .Rust.Pattern                                                   mut i ¦
              [0] .Rust.Pattern.Ident                                           mut i ¦
                [0] .Rust.mut                                                   ｢mut｣
                [1] .Rust.identifier                                            ｢i｣
            [1] .Rust.Expr                                                      0¦
              [0] .Rust.number                                                  ｢0｣
                [0] .Rust.number.decimal                                        ｢0｣
        [2] .Rust.Stmt                                                          while ... <NEWLINE><DEDENT>}<NEWLINE><NEWLINE>¦
          [0] .Rust.Stmt.ExprStmt                                               while ... <NEWLINE><DEDENT>}<NEWLINE><NEWLINE>¦
            [0] .Rust.Expr.While                                                while ... <NEWLINE><DEDENT>}<NEWLINE><NEWLINE>¦
              [0] .Rust.Expr.Conditions                                         i < 10 ¦
                [0] .Rust.Expr                                                  i < 10 ¦
                  [0] .Rust.Expr.Compare.<                                      i < 10 ¦
                    [0] .Rust.PathInExpr                                        i ¦
                      [0] .Rust.PathExprSegment                                 i ¦
                        [0] .Rust.identifier                                    ｢i｣
                    [1] .Rust.number                                            ｢10｣
                      [0] .Rust.number.decimal                                  ｢10｣
              [1] .Rust.Block                                                   {<NEWLINE><INDENT>i  ... <NEWLINE><DEDENT>}<NEWLINE><NEWLINE>¦
                [0] .Rust.Stmt                                                  i += 1;<NEWLINE>¦
                  [0] .Rust.Stmt.ExprStmt                                       i += 1;<NEWLINE>¦
                    [0] .Rust.Expr                                              i += 1¦
                      [0] .Rust.Expr.Assign.+=                                  i += 1¦
                        [0] .Rust.PathInExpr                                    i ¦
                          [0] .Rust.PathExprSegment                             i ¦
                            [0] .Rust.identifier                                ｢i｣
                        [1] .Rust.number                                        ｢1｣
                          [0] .Rust.number.decimal                              ｢1｣
                [1] .Rust.Stmt                                                  if i  ... <NEWLINE><DEDENT>}<NEWLINE><DEDENT>¦
                  [0] .Rust.Stmt.ExprStmt                                       if i  ... <NEWLINE><DEDENT>}<NEWLINE><DEDENT>¦
                    [0] .Rust.Expr.If                                           if i  ... <NEWLINE><DEDENT>}<NEWLINE><DEDENT>¦
                      [0] .Rust.Expr.Conditions                                 i % 2 ... == 0 ¦
                        [0] .Rust.Expr                                          i % 2 ... == 0 ¦
                          [0] .Rust.Expr.Compare.==                             i % 2 ... == 0 ¦
                            [0] .Rust.Expr.Product.%                            i % 2 ¦
                              [0] .Rust.PathInExpr                              i ¦
                                [0] .Rust.PathExprSegment                       i ¦
                                  [0] .Rust.identifier                          ｢i｣
                              [1] .Rust.number                                  ｢2｣
                                [0] .Rust.number.decimal                        ｢2｣
                            [1] .Rust.number                                    ｢0｣
                              [0] .Rust.number.decimal                          ｢0｣
                      [1] .Rust.Block                                           {<NEWLINE><INDENT>co ... <NEWLINE><DEDENT>}<NEWLINE><DEDENT>¦
                        [0] .Rust.Stmt                                          conti ... ue;<NEWLINE><DEDENT>¦
                          [0] .Rust.Stmt.ExprStmt                               conti ... ue;<NEWLINE><DEDENT>¦
                            [0] .Rust.Expr                                      continue¦
                              [0] .Rust.Expr.Continue                           continue¦
        [3] .Rust.Stmt                                                          let f ... <DEDENT>};<NEWLINE><NEWLINE>¦
          [0] .Rust.Stmt.Let                                                    let f ... <DEDENT>};<NEWLINE><NEWLINE>¦
            [0] .Rust.Pattern                                                   found ¦
              [0] .Rust.Pattern.Ident                                           found ¦
                [0] .Rust.identifier                                            ｢found｣
            [1] .Rust.Expr                                                      'oute ... 1;<NEWLINE><DEDENT>}¦
              [0] .Rust.Expr.Labeled                                            'oute ... 1;<NEWLINE><DEDENT>}¦
                [0] .Rust.lifetime                                              ｢'outer｣
                [1] .Rust.Expr.Loop                                             loop  ... 1;<NEWLINE><DEDENT>}¦
                  [0] .Rust.Block                                               {<NEWLINE><INDENT>fo ... 1;<NEWLINE><DEDENT>}¦
                    [0] .Rust.Stmt                                              for x ... }<NEWLINE><DEDENT>}<NEWLINE>¦
                      [0] .Rust.Stmt.ExprStmt                                   for x ... }<NEWLINE><DEDENT>}<NEWLINE>¦
                        [0] .Rust.Expr.For                                      for x ... }<NEWLINE><DEDENT>}<NEWLINE>¦
                          [0] .Rust.Pattern                                     x ¦
                            [0] .Rust.Pattern.Ident                             x ¦
                              [0] .Rust.identifier                              ｢x｣
                          [1] .Rust.Expr                                        0..10 ¦
                            [0] .Rust.Expr.Range...                             0..10 ¦
                              [0] .Rust.number                                  ｢0｣
                                [0] .Rust.number.decimal                        ｢0｣
                              [1] .Rust.number                                  ｢10｣
                                [0] .Rust.number.decimal                        ｢10｣
                          [2] .Rust.Block                                       {<NEWLINE><INDENT>fo ... }<NEWLINE><DEDENT>}<NEWLINE>¦
                            [0] .Rust.Stmt                                      for y ... <NEWLINE><DEDENT>}<NEWLINE><DEDENT>¦
                              [0] .Rust.Stmt.ExprStmt                           for y ... <NEWLINE><DEDENT>}<NEWLINE><DEDENT>¦
                                [0] .Rust.Expr.For                              for y ... <NEWLINE><DEDENT>}<NEWLINE><DEDENT>¦
                                  [0] .Rust.Pattern                             y ¦
                                    [0] .Rust.Pattern.Ident                     y ¦
                                      [0] .Rust.identifier                      ｢y｣
                                  [1] .Rust.Expr                                (0..= ... ev() ¦
                                    [0] .Rust.Expr.Member.(                     (0..= ... ev() ¦
                                      [0] .Rust.Expr.Member..                   (0..= ... ).rev¦
                                        [0] .Rust.Expr.Paren                    (0..=x)¦
                                          [0] .Rust.Expr                        0..=x¦
                                            [0] .Rust.Expr.Range...=            0..=x¦
                                              [0] .Rust.number                  ｢0｣
                                                [0] .Rust.number.decimal        ｢0｣
                                              [1] .Rust.PathInExpr              x¦
                                                [0] .Rust.PathExprSegment       x¦
                                                  [0] .Rust.identifier          ｢x｣
                                        [1] .Rust.Expr.FieldName                rev¦
                                          [0] .Rust.PathExprSegment             rev¦
                                            [0] .Rust.identifier                ｢rev｣
                                      [1] .Rust.Expr.CallArgs                   ¦
                                  [2] .Rust.Block                               {<NEWLINE><INDENT>if ... <NEWLINE><DEDENT>}<NEWLINE><DEDENT>¦
                                    [0] .Rust.Stmt                              if x  ... ;<NEWLINE><DEDENT>}<NEWLINE>¦
                                      [0] .Rust.Stmt.ExprStmt                   if x  ... ;<NEWLINE><DEDENT>}<NEWLINE>¦
                                        [0] .Rust.Expr.If                       if x  ... ;<NEWLINE><DEDENT>}<NEWLINE>¦
                                          [0] .Rust.Expr.Conditions             x * y ... > 20 ¦
                                            [0] .Rust.Expr                      x * y ... > 20 ¦
                                              [0] .Rust.Expr.Compare.>          x * y ... > 20 ¦
                                                [0] .Rust.Expr.Product.*        x * y ¦
                                                  [0] .Rust.PathInExpr          x ¦
                                                    [0] .Rust.PathExprSegment   x ¦
                                                      [0] .Rust.identifier      ｢x｣
                                                  [1] .Rust.PathInExpr          y ¦
                                                    [0] .Rust.PathExprSegment   y ¦
                                                      [0] .Rust.identifier      ｢y｣
                                                [1] .Rust.number                ｢20｣
                                                  [0] .Rust.number.decimal      ｢20｣
                                          [1] .Rust.Block                       {<NEWLINE><INDENT>br ... ;<NEWLINE><DEDENT>}<NEWLINE>¦
                                            [0] .Rust.Stmt                      break ...  y;<NEWLINE><DEDENT>¦
                                              [0] .Rust.Stmt.ExprStmt           break ...  y;<NEWLINE><DEDENT>¦
                                                [0] .Rust.Expr                  break ... x * y¦
                                                  [0] .Rust.Expr.Break          break ... x * y¦
                                                    [0] .Rust.lifetime          ｢'outer｣
                                                    [1] .Rust.Expr              x * y¦
                                                      [0] .Rust.Expr.Product.*  x * y¦
                                                        [0] .Rust.PathInExpr    x ¦
                                                          [0] .Rust.PathExprSegment x ¦
                                                            [0] .Rust.identifier ｢x｣
                                                        [1] .Rust.PathInExpr    y¦
                                                          [0] .Rust.PathExprSegment y¦
                                                            [0] .Rust.identifier ｢y｣
                                    [1] .Rust.Stmt                              if y  ... <NEWLINE><DEDENT>}<NEWLINE><DEDENT>¦
                                      [0] .Rust.Stmt.ExprStmt                   if y  ... <NEWLINE><DEDENT>}<NEWLINE><DEDENT>¦
                                        [0] .Rust.Expr.If                       if y  ... <NEWLINE><DEDENT>}<NEWLINE><DEDENT>¦
                                          [0] .Rust.Expr.Conditions             y == 3 ¦
                                            [0] .Rust.Expr                      y == 3 ¦
                                              [0] .Rust.Expr.Compare.==         y == 3 ¦
                                                [0] .Rust.PathInExpr            y ¦
                                                  [0] .Rust.PathExprSegment     y ¦
                                                    [0] .Rust.identifier        ｢y｣
                                                [1] .Rust.number                ｢3｣
                                                  [0] .Rust.number.decimal      ｢3｣
                                          [1] .Rust.Block                       {<NEWLINE><INDENT>co ... <NEWLINE><DEDENT>}<NEWLINE><DEDENT>¦
                                            [0] .Rust.Stmt                      conti ... er;<NEWLINE><DEDENT>¦
                                              [0] .Rust.Stmt.ExprStmt           conti ... er;<NEWLINE><DEDENT>¦
                                                [0] .Rust.Expr                  conti ... outer¦
                                                  [0] .Rust.Expr.Continue       conti ... outer¦
                                                    [0] .Rust.lifetime          ｢'outer｣
                    [1] .Rust.Stmt                                              break ... -1;<NEWLINE><DEDENT>¦
                      [0] .Rust.Stmt.ExprStmt                                   break ... -1;<NEWLINE><DEDENT>¦
                        [0] .Rust.Expr                                          break -1¦
                          [0] .Rust.Expr.Break                                  break -1¦
                            [0] .Rust.Expr                                      -1¦
                              [0] .Rust.Expr.Unary.-                            -1¦
                                [0] .Rust.number                                ｢1｣
                                  [0] .Rust.number.decimal                      ｢1｣
        [4] .Rust.Stmt                                                          let l ... <DEDENT>};<NEWLINE><NEWLINE>¦
          [0] .Rust.Stmt.Let                                                    let l ... <DEDENT>};<NEWLINE><NEWLINE>¦
            [0] .Rust.Pattern                                                   labelled ¦
              [0] .Rust.Pattern.Ident                                           labelled ¦
                [0] .Rust.identifier                                            ｢labelled｣
            [1] .Rust.Expr                                                      'bloc ... <NEWLINE>2<NEWLINE><DEDENT>}¦
              [0] .Rust.Expr.Labeled                                            'bloc ... <NEWLINE>2<NEWLINE><DEDENT>}¦
                [0] .Rust.lifetime                                              ｢'block｣
                [1] .Rust.Block                                                 {<NEWLINE><INDENT>if ... <NEWLINE>2<NEWLINE><DEDENT>}¦
                  [0] .Rust.Stmt                                                if fo ... ;<NEWLINE><DEDENT>}<NEWLINE>¦
                    [0] .Rust.Stmt.ExprStmt                                     if fo ... ;<NEWLINE><DEDENT>}<NEWLINE>¦
                      [0] .Rust.Expr.If                                         if fo ... ;<NEWLINE><DEDENT>}<NEWLINE>¦
                        [0] .Rust.Expr.Conditions                               found > 0 ¦
                          [0] .Rust.Expr                                        found > 0 ¦
                            [0] .Rust.Expr.Compare.>                            found > 0 ¦
                              [0] .Rust.PathInExpr                              found ¦
                                [0] .Rust.PathExprSegment                       found ¦
                                  [0] .Rust.identifier                          ｢found｣
                              [1] .Rust.number                                  ｢0｣
                                [0] .Rust.number.decimal                        ｢0｣
                        [1] .Rust.Block                                         {<NEWLINE><INDENT>br ... ;<NEWLINE><DEDENT>}<NEWLINE>¦
                          [0] .Rust.Stmt                                        break ...  1;<NEWLINE><DEDENT>¦
                            [0] .Rust.Stmt.ExprStmt                             break ...  1;<NEWLINE><DEDENT>¦
                              [0] .Rust.Expr                                    break ... ock 1¦
                                [0] .Rust.Expr.Break                            break ... ock 1¦
                                  [0] .Rust.lifetime                            ｢'block｣
                                  [1] .Rust.Expr                                1¦
                                    [0] .Rust.number                            ｢1｣
                                      [0] .Rust.number.decimal                  ｢1｣
                  [1] .Rust.Expr                                                2<NEWLINE><DEDENT>¦
                    [0] .Rust.number                                            ｢2｣
                      [0] .Rust.number.decimal                                  ｢2｣
        [5] .Rust.Stmt                                                          let m ...  3];<NEWLINE>¦
          [0] .Rust.Stmt.Let                                                    let m ...  3];<NEWLINE>¦
            [0] .Rust.Pattern                                                   mut stack ¦
              [0] .Rust.Pattern.Ident                                           mut stack ¦
                [0] .Rust.mut                                                   ｢mut｣
                [1] .Rust.identifier                                            ｢stack｣
            [1] .Rust.Expr                                                      vec![ ... 2, 3]¦
              [0] .Rust.Expr.Macro                                              vec![ ... 2, 3]¦
                [0] .Rust.PathInExpr                                            vec¦
                  [0] .Rust.PathExprSegment                                     vec¦
                    [0] .Rust.identifier                                        ｢vec｣
                [1] .Rust.DelimTokenTree                                        [1, 2, 3]¦
                  [0] .Rust.TokenTree                                           1¦
                    [0] .Rust.token                                             ｢1｣
                      [0] .Rust.number                                          ｢1｣
                        [0] .Rust.number.decimal                                ｢1｣
                  [1] .Rust.TokenTree                                           , ¦
                    [0] .Rust.token                                             ｢,｣
                  [2] .Rust.TokenTree                                           2¦
                    [0] .Rust.token                                             ｢2｣
                      [0] .Rust.number                                          ｢2｣
                        [0] .Rust.number.decimal                                ｢2｣
                  [3] .Rust.TokenTree                                           , ¦
                    [0] .Rust.token                                             ｢,｣
                  [4] .Rust.TokenTree                                           3¦
                    [0] .Rust.token                                             ｢3｣
                      [0] .Rust.number                                          ｢3｣
                        [0] .Rust.number.decimal                                ｢3｣
        [6] .Rust.Stmt                                                          while ... <NEWLINE><DEDENT>}<NEWLINE><NEWLINE>¦
          [0] .Rust.Stmt.ExprStmt                                               while ... <NEWLINE><DEDENT>}<NEWLINE><NEWLINE>¦
            [0] .Rust.Expr.While                                                while ... <NEWLINE><DEDENT>}<NEWLINE><NEWLINE>¦
              [0] .Rust.Expr.Conditions                                         let S ... op() ¦
                [0] .Rust.Expr.LetChain                                         let S ... op() ¦
                  [0] .Rust.Expr.LetCondition                                   let S ... op() ¦
                    [0] .Rust.Pattern                                           Some(top) ¦
                      [0] .Rust.Pattern.TupleStruct                             Some(top) ¦
                        [0] .Rust.PathInExpr                                    Some¦
                          [0] .Rust.PathExprSegment                             Some¦
                            [0] .Rust.identifier                                ｢Some｣
                        [1] .Rust.Pattern                                       top¦
                          [0] .Rust.Pattern.Ident                               top¦
                            [0] .Rust.identifier                                ｢top｣
                    [1] .Rust.Expr                                              stack ... op() ¦
                      [0] .Rust.Expr.Member.(                                   stack ... op() ¦
                        [0] .Rust.Expr.Member..                                 stack.pop¦
                          [0] .Rust.PathInExpr                                  stack¦
                            [0] .Rust.PathExprSegment                           stack¦
                              [0] .Rust.identifier                              ｢stack｣
                          [1] .Rust.Expr.FieldName                              pop¦
                            [0] .Rust.PathExprSegment                           pop¦
                              [0] .Rust.identifier                              ｢pop｣
                        [1] .Rust.Expr.CallArgs                                 ¦
              [1] .Rust.Block                                                   {<NEWLINE><INDENT>pr ... <NEWLINE><DEDENT>}<NEWLINE><NEWLINE>¦
                [0] .Rust.Stmt                                                  print ... p);<NEWLINE><DEDENT>¦
                  [0] .Rust.Item                                                print ... p);<NEWLINE><DEDENT>¦
                    [0] .Rust.MacroItem                                         print ... p);<NEWLINE><DEDENT>¦
                      [0] .Rust.SimplePath                                      println¦
                        [0] .Rust.simplePathSegment                             ｢println｣
                          [0] .Rust.identifier                                  ｢println｣
                      [1] .Rust.TokenTree                                       \"{}\"¦
                        [0] .Rust.token                                         ｢"{}"｣
                          [0] .Rust.string.plain                                ｢"{}"｣
                      [2] .Rust.TokenTree                                       , ¦
                        [0] .Rust.token                                         ｢,｣
                      [3] .Rust.TokenTree                                       top¦
                        [0] .Rust.token                                         ｢top｣
        [7] .Rust.Stmt                                                          if le ... <NEWLINE><DEDENT>}<NEWLINE><NEWLINE>¦
          [0] .Rust.Stmt.ExprStmt                                               if le ... <NEWLINE><DEDENT>}<NEWLINE><NEWLINE>¦
            [0] .Rust.Expr.If                                                   if le ... <NEWLINE><DEDENT>}<NEWLINE><NEWLINE>¦
              [0] .Rust.Expr.Conditions                                         let S ...  > 0 ¦
                [0] .Rust.Expr.LetChain                                         let S ...  > 0 ¦
                  [0] .Rust.Expr.LetCondition                                   let S ... st() ¦
                    [0] .Rust.Pattern                                           Some(x) ¦
                      [0] .Rust.Pattern.TupleStruct                             Some(x) ¦
                        [0] .Rust.PathInExpr                                    Some¦
                          [0] .Rust.PathExprSegment                             Some¦
                            [0] .Rust.identifier                                ｢Some｣
                        [1] .Rust.Pattern                                       x¦
                          [0] .Rust.Pattern.Ident                               x¦
                            [0] .Rust.identifier                                ｢x｣
                    [1] .Rust.Expr                                              stack ... st() ¦
                      [0] .Rust.Expr.Member.(                                   stack ... st() ¦
                        [0] .Rust.Expr.Member..                                 stack ... first¦
                          [0] .Rust.PathInExpr                                  stack¦
                            [0] .Rust.PathExprSegment                           stack¦
                              [0] .Rust.identifier                              ｢stack｣
                          [1] .Rust.Expr.FieldName                              first¦
                            [0] .Rust.PathExprSegment                           first¦
                              [0] .Rust.identifier                              ｢first｣
                        [1] .Rust.Expr.CallArgs                                 ¦
                  [1] .Rust.Expr                                                *x > 0 ¦
                    [0] .Rust.Expr.Compare.>                                    *x > 0 ¦
                      [0] .Rust.Expr.Unary.*                                    *x ¦
                        [0] .Rust.PathInExpr                                    x ¦
                          [0] .Rust.PathExprSegment                             x ¦
                            [0] .Rust.identifier                                ｢x｣
                      [1] .Rust.number                                          ｢0｣
                        [0] .Rust.number.decimal                                ｢0｣
              [1] .Rust.Block                                                   {<NEWLINE><INDENT>re ... <NEWLINE><DEDENT>}<NEWLINE><NEWLINE>¦
                [0] .Rust.Stmt                                                  retur ... *x;<NEWLINE><DEDENT>¦
                  [0] .Rust.Stmt.ExprStmt                                       retur ... *x;<NEWLINE><DEDENT>¦
                    [0] .Rust.Expr                                              return *x¦
                      [0] .Rust.Expr.Return                                     return *x¦
                        [0] .Rust.Expr                                          *x¦
                          [0] .Rust.Expr.Unary.*                                *x¦
                            [0] .Rust.PathInExpr                                x¦
                              [0] .Rust.PathExprSegment                         x¦
                                [0] .Rust.identifier                            ｢x｣
        [8] .Rust.Stmt                                                          let S ... <DEDENT>};<NEWLINE><NEWLINE>¦
          [0] .Rust.Stmt.Let                                                    let S ... <DEDENT>};<NEWLINE><NEWLINE>¦
            [0] .Rust.Pattern                                                   Some( ... ast) ¦
              [0] .Rust.Pattern.TupleStruct                                     Some( ... ast) ¦
                [0] .Rust.PathInExpr                                            Some¦
                  [0] .Rust.PathExprSegment                                     Some¦
                    [0] .Rust.identifier                                        ｢Some｣
                [1] .Rust.Pattern                                               last¦
                  [0] .Rust.Pattern.Ident                                       last¦
                    [0] .Rust.identifier                                        ｢last｣
            [1] .Rust.Expr                                                      stack ... st() ¦
              [0] .Rust.Expr.Member.(                                           stack ... st() ¦
                [0] .Rust.Expr.Member..                                         stack.last¦
                  [0] .Rust.PathInExpr                                          stack¦
                    [0] .Rust.PathExprSegment                                   stack¦
                      [0] .Rust.identifier                                      ｢stack｣
                  [1] .Rust.Expr.FieldName                                      last¦
                    [0] .Rust.PathExprSegment                                   last¦
                      [0] .Rust.identifier                                      ｢last｣
                [1] .Rust.Expr.CallArgs                                         ¦
            [2] .Rust.Block                                                     {<NEWLINE><INDENT>re ... n;<NEWLINE><DEDENT>}¦
              [0] .Rust.Stmt                                                    retur ... gn;<NEWLINE><DEDENT>¦
                [0] .Rust.Stmt.ExprStmt                                         retur ... gn;<NEWLINE><DEDENT>¦
                  [0] .Rust.Expr                                                retur ...  sign¦
                    [0] .Rust.Expr.Return                                       retur ...  sign¦
                      [0] .Rust.Expr                                            sign¦
                        [0] .Rust.PathInExpr                                    sign¦
                          [0] .Rust.PathExprSegment                             sign¦
                            [0] .Rust.identifier                                ｢sign｣
        [9] .Rust.Expr                                                          sign  ... ast<NEWLINE><DEDENT>¦
          [0] .Rust.Expr.Sum.+                                                  sign  ... ast<NEWLINE><DEDENT>¦
            [0] .Rust.Expr.Sum.+                                                sign  ... lled ¦
              [0] .Rust.Expr.Sum.+                                              sign  ... ound ¦
                [0] .Rust.PathInExpr                                            sign ¦
                  [0] .Rust.PathExprSegment                                     sign ¦
                    [0] .Rust.identifier                                        ｢sign｣
                [1] .Rust.PathInExpr                                            found ¦
                  [0] .Rust.PathExprSegment                                     found ¦
                    [0] .Rust.identifier                                        ｢found｣
              [1] .Rust.PathInExpr                                              labelled ¦
                [0] .Rust.PathExprSegment                                       labelled ¦
                  [0] .Rust.identifier                                          ｢labelled｣
            [1] .Rust.Expr.Unary.*                                              *last<NEWLINE><DEDENT>¦
              [0] .Rust.PathInExpr                                              last<NEWLINE><DEDENT>¦
                [0] .Rust.PathExprSegment                                       last<NEWLINE><DEDENT>¦
                  [0] .Rust.identifier                                          ｢last｣
  [38] .Rust.Item                                                               fn pa ... <NEWLINE><DEDENT>}<NEWLINE><NEWLINE>¦
    [0] .Rust.Function                                                          fn pa ... <NEWLINE><DEDENT>}<NEWLINE><NEWLINE>¦
      [0] .Rust.identifier                                                      ｢patterns｣
      [1] .Rust.Function.Params                                                 value ...  char¦
        [0] .Rust.Function.Param                                                value ... str)>¦
          [0] .Rust.Pattern                                                     value¦
            [0] .Rust.Pattern.Ident                                             value¦
              [0] .Rust.identifier                                              ｢value｣
          [1] .Rust.TypePath                                                    Optio ... str)>¦
            [0] .Rust.TypePathSegment                                           Optio ... str)>¦
              [0] .Rust.identifier                                              ｢Option｣
              [1] .Rust.GenericArgs                                             <(i32 ... str)>¦
                [0] .Rust.GenericArgs.Arg                                       (i32, ... &str)¦
                  [0] .Rust.Type.Tuple                                          (i32, ... &str)¦
                    [0] .Rust.TypePath                                          i32¦
                      [0] .Rust.TypePathSegment                                 i32¦
                        [0] .Rust.identifier                                    ｢i32｣
                    [1] .Rust.Type.Ref                                          &str¦
                      [0] .Rust.TypePath                                        str¦
                        [0] .Rust.TypePathSegment                               str¦
                          [0] .Rust.identifier                                  ｢str｣
        [1] .Rust.Function.Param                                                slice ... [i32]¦
          [0] .Rust.Pattern                                                     slice¦
            [0] .Rust.Pattern.Ident                                             slice¦
              [0] .Rust.identifier                                              ｢slice｣
          [1] .Rust.Type.Ref                                                    &[i32]¦
            [0] .Rust.Type.Slice                                                [i32]¦
              [0] .Rust.TypePath                                                i32¦
                [0] .Rust.TypePathSegment                                       i32¦
                  [0] .Rust.identifier                                          ｢i32｣
        [2] .Rust.Function.Param                                                c: char¦
          [0] .Rust.Pattern                                                     c¦
            [0] .Rust.Pattern.Ident                                             c¦
              [0] .Rust.identifier                                              ｢c｣
          [1] .Rust.TypePath                                                    char¦
            [0] .Rust.TypePathSegment                                           char¦
              [0] .Rust.identifier                                              ｢char｣
      [2] .Rust.TypePath                                                        i32 ¦
        [0] .Rust.TypePathSegment                                               i32 ¦
          [0] .Rust.identifier                                                  ｢i32｣
      [3] .Rust.Block                                                           {<NEWLINE><INDENT>ma ... <NEWLINE><DEDENT>}<NEWLINE><NEWLINE>¦
        [0] .Rust.Stmt                                                          match ... <DEDENT>};<NEWLINE><NEWLINE>¦
          [0] .Rust.Stmt.ExprStmt                                               match ... <DEDENT>};<NEWLINE><NEWLINE>¦
            [0] .Rust.Expr.Match                                                match ... 1,<NEWLINE><DEDENT>}¦
              [0] .Rust.Expr                                                    value ¦
                [0] .Rust.PathInExpr                                            value ¦
                  [0] .Rust.PathExprSegment                                     value ¦
                    [0] .Rust.identifier                                        ｢value｣
              [1] .Rust.Expr.Arm                                                Some( ... > 0,<NEWLINE>¦
                [0] .Rust.Pattern                                               Some( ...  _)) ¦
                  [0] .Rust.Pattern.TupleStruct                                 Some( ...  _)) ¦
                    [0] .Rust.PathInExpr                                        Some¦
                      [0] .Rust.PathExprSegment                                 Some¦
                        [0] .Rust.identifier                                    ｢Some｣
                    [1] .Rust.Pattern                                           (0, _)¦
                      [0] .Rust.Pattern.Tuple                                   (0, _)¦
                        [0] .Rust.Pattern                                       0¦
                          [0] .Rust.Pattern.Literal                             0¦
                            [0] .Rust.number                                    ｢0｣
                              [0] .Rust.number.decimal                          ｢0｣
                        [1] .Rust.Pattern                                       _¦
                          [0] .Rust.underscore                                  ｢_｣
                [1] .Rust.Expr                                                  0¦
                  [0] .Rust.number                                              ｢0｣
                    [0] .Rust.number.decimal                                    ｢0｣
              [2] .Rust.Expr.Arm                                                Some( ... > n,<NEWLINE>¦
                [0] .Rust.Pattern                                               Some( ... me)) ¦
                  [0] .Rust.Pattern.TupleStruct                                 Some( ... me)) ¦
                    [0] .Rust.PathInExpr                                        Some¦
                      [0] .Rust.PathExprSegment                                 Some¦
                        [0] .Rust.identifier                                    ｢Some｣
                    [1] .Rust.Pattern                                           (n @  ... name)¦
                      [0] .Rust.Pattern.Tuple                                   (n @  ... name)¦
                        [0] .Rust.Pattern                                       n @ 1..=9¦
                          [0] .Rust.Pattern.Bind.@                              n @ 1..=9¦
                            [0] .Rust.Pattern.Ident                             n ¦
                              [0] .Rust.identifier                              ｢n｣
                            [1] .Rust.Pattern.Range...=                         1..=9¦
                              [0] .Rust.Pattern.Literal                         1¦
                                [0] .Rust.number                                ｢1｣
                                  [0] .Rust.number.decimal                      ｢1｣
                              [1] .Rust.Pattern.Literal                         9¦
                                [0] .Rust.number                                ｢9｣
                                  [0] .Rust.number.decimal                      ｢9｣
                        [1] .Rust.Pattern                                       name¦
                          [0] .Rust.Pattern.Ident                               name¦
                            [0] .Rust.identifier                                ｢name｣
                [1] .Rust.Expr                                                  name. ...  > 2 ¦
                  [0] .Rust.Expr.Compare.>                                      name. ...  > 2 ¦
                    [0] .Rust.Expr.Member.(                                     name. ... en() ¦
                      [0] .Rust.Expr.Member..                                   name.len¦
                        [0] .Rust.PathInExpr                                    name¦
                          [0] .Rust.PathExprSegment                             name¦
                            [0] .Rust.identifier                                ｢name｣
                        [1] .Rust.Expr.FieldName                                len¦
                          [0] .Rust.PathExprSegment                             len¦
                            [0] .Rust.identifier                                ｢len｣
                      [1] .Rust.Expr.CallArgs                                   ¦
                    [1] .Rust.number                                            ｢2｣
                      [0] .Rust.number.decimal                                  ｢2｣
                [2] .Rust.Expr                                                  n¦
                  [0] .Rust.PathInExpr                                          n¦
                    [0] .Rust.PathExprSegment                                   n¦
                      [0] .Rust.identifier                                      ｢n｣
              [3] .Rust.Expr.Arm                                                Some( ...  -1,<NEWLINE>¦
                [0] .Rust.Pattern                                               Some( ... None ¦
                  [0] .Rust.Pattern.Alt.|                                       Some( ... None ¦
                    [0] .Rust.Pattern.TupleStruct                               Some( ...  _)) ¦
                      [0] .Rust.PathInExpr                                      Some¦
                        [0] .Rust.PathExprSegment                               Some¦
                          [0] .Rust.identifier                                  ｢Some｣
                      [1] .Rust.Pattern                                         (-5..0, _)¦
                        [0] .Rust.Pattern.Tuple                                 (-5..0, _)¦
                          [0] .Rust.Pattern                                     -5..0¦
                            [0] .Rust.Pattern.Range...                          -5..0¦
                              [0] .Rust.Pattern.Literal                         -5¦
                                [0] .Rust.number                                ｢5｣
                                  [0] .Rust.number.decimal                      ｢5｣
                              [1] .Rust.Pattern.Literal                         0¦
                                [0] .Rust.number                                ｢0｣
                                  [0] .Rust.number.decimal                      ｢0｣
                          [1] .Rust.Pattern                                     _¦
                            [0] .Rust.underscore                                ｢_｣
                    [1] .Rust.Pattern.Ident                                     None ¦
                      [0] .Rust.identifier                                      ｢None｣
                [1] .Rust.Expr                                                  -1¦
                  [0] .Rust.Expr.Unary.-                                        -1¦
                    [0] .Rust.number                                            ｢1｣
                      [0] .Rust.number.decimal                                  ｢1｣
              [4] .Rust.Expr.Arm                                                Some( ... 2<NEWLINE><DEDENT>}<NEWLINE>¦
                [0] .Rust.Pattern                                               Some( ... l\")) ¦
                  [0] .Rust.Pattern.TupleStruct                                 Some( ... l\")) ¦
                    [0] .Rust.PathInExpr                                        Some¦
                      [0] .Rust.PathExprSegment                                 Some¦
                        [0] .Rust.identifier                                    ｢Some｣
                    [1] .Rust.Pattern                                           (n, \" ... ial\")¦
                      [0] .Rust.Pattern.Tuple                                   (n, \" ... ial\")¦
                        [0] .Rust.Pattern                                       n¦
                          [0] .Rust.Pattern.Ident                               n¦
                            [0] .Rust.identifier                                ｢n｣
                        [1] .Rust.Pattern                                       \"special\"¦
                          [0] .Rust.Pattern.Literal                             \"special\"¦
                            [0] .Rust.string.plain                              ｢"special"｣
                [1] .Rust.Block                                                 {<NEWLINE><INDENT>n  ... 2<NEWLINE><DEDENT>}<NEWLINE>¦
                  [0] .Rust.Expr                                                n * 2<NEWLINE><DEDENT>¦
                    [0] .Rust.Expr.Product.*                                    n * 2<NEWLINE><DEDENT>¦
                      [0] .Rust.PathInExpr                                      n ¦
                        [0] .Rust.PathExprSegment                               n ¦
                          [0] .Rust.identifier                                  ｢n｣
                      [1] .Rust.number                                          ｢2｣
                        [0] .Rust.number.decimal                                ｢2｣
              [5] .Rust.Expr.Arm                                                Some( ...  1,<NEWLINE><DEDENT>¦
                [0] .Rust.Pattern                                               Some(_) ¦
                  [0] .Rust.Pattern.TupleStruct                                 Some(_) ¦
                    [0] .Rust.PathInExpr                                        Some¦
                      [0] .Rust.PathExprSegment                                 Some¦
                        [0] .Rust.identifier                                    ｢Some｣
                    [1] .Rust.Pattern                                           _¦
                      [0] .Rust.underscore                                      ｢_｣
                [1] .Rust.Expr                                                  1¦
                  [0] .Rust.number                                              ｢1｣
                    [0] .Rust.number.decimal                                    ｢1｣
        [1] .Rust.Stmt                                                          match ... <DEDENT>};<NEWLINE><NEWLINE>¦
          [0] .Rust.Stmt.ExprStmt                                               match ... <DEDENT>};<NEWLINE><NEWLINE>¦
            [0] .Rust.Expr.Match                                                match ... 2,<NEWLINE><DEDENT>}¦
              [0] .Rust.Expr                                                    slice ¦
                [0] .Rust.PathInExpr                                            slice ¦
                  [0] .Rust.PathExprSegment                                     slice ¦
                    [0] .Rust.identifier                                        ｢slice｣
              [1] .Rust.Expr.Arm                                                [] => 0,<NEWLINE>¦
                [0] .Rust.Pattern                                               [] ¦
                  [0] .Rust.Pattern.Slice                                       [] ¦
                [1] .Rust.Expr                                                  0¦
                  [0] .Rust.number                                              ｢0｣
                    [0] .Rust.number.decimal                                    ｢0｣
              [2] .Rust.Expr.Arm                                                [one] ... one,<NEWLINE>¦
                [0] .Rust.Pattern                                               [one] ¦
                  [0] .Rust.Pattern.Slice                                       [one] ¦
                    [0] .Rust.Pattern                                           one¦
                      [0] .Rust.Pattern.Ident                                   one¦
                        [0] .Rust.identifier                                    ｢one｣
                [1] .Rust.Expr                                                  *one¦
                  [0] .Rust.Expr.Unary.*                                        *one¦
                    [0] .Rust.PathInExpr                                        one¦
                      [0] .Rust.PathExprSegment                                 one¦
                        [0] .Rust.identifier                                    ｢one｣
              [3] .Rust.Expr.Arm                                                [firs ... ast,<NEWLINE>¦
                [0] .Rust.Pattern                                               [firs ... ast] ¦
                  [0] .Rust.Pattern.Slice                                       [firs ... ast] ¦
                    [0] .Rust.Pattern                                           first¦
                      [0] .Rust.Pattern.Ident                                   first¦
                        [0] .Rust.identifier                                    ｢first｣
                    [1] .Rust.Pattern                                           ..¦
                      [0] .Rust.Pattern.Range...                                ..¦
                        [0] .none                                               ｢｣
                        [1] .none                                               ｢｣
                    [2] .Rust.Pattern                                           last¦
                      [0] .Rust.Pattern.Ident                                   last¦
                        [0] .Rust.identifier                                    ｢last｣
                [1] .Rust.Expr                                                  first ...  last¦
                  [0] .Rust.Expr.Sum.+                                          first ...  last¦
                    [0] .Rust.PathInExpr                                        first ¦
                      [0] .Rust.PathExprSegment                                 first ¦
                        [0] .Rust.identifier                                    ｢first｣
                    [1] .Rust.PathInExpr                                        last¦
                      [0] .Rust.PathExprSegment                                 last¦
                        [0] .Rust.identifier                                    ｢last｣
              [4] .Rust.Expr.Arm                                                [firs ... 32,<NEWLINE><DEDENT>¦
                [0] .Rust.Pattern                                               [firs ...  ..] ¦
                  [0] .Rust.Pattern.Slice                                       [firs ...  ..] ¦
                    [0] .Rust.Pattern                                           first¦
                      [0] .Rust.Pattern.Ident                                   first¦
                        [0] .Rust.identifier                                    ｢first｣
                    [1] .Rust.Pattern                                           rest @ ..¦
                      [0] .Rust.Pattern.Bind.@                                  rest @ ..¦
                        [0] .Rust.Pattern.Ident                                 rest ¦
                          [0] .Rust.identifier                                  ｢rest｣
                        [1] .Rust.Pattern.Range...                              ..¦
                          [0] .none                                             ｢｣
                          [1] .none                                             ｢｣
                [1] .Rust.Expr                                                  *firs ... s i32¦
                  [0] .Rust.Expr.Sum.+                                          *firs ... s i32¦
                    [0] .Rust.Expr.Unary.*                                      *first ¦
                      [0] .Rust.PathInExpr                                      first ¦
                        [0] .Rust.PathExprSegment                               first ¦
                          [0] .Rust.identifier                                  ｢first｣
                    [1] .Rust.Expr.Cast.as                                      rest. ... s i32¦
                      [0] .Rust.Expr.Member.(                                   rest. ... en() ¦
                        [0] .Rust.Expr.Member..                                 rest.len¦
                          [0] .Rust.PathInExpr                                  rest¦
                            [0] .Rust.PathExprSegment                           rest¦
                              [0] .Rust.identifier                              ｢rest｣
                          [1] .Rust.Expr.FieldName                              len¦
                            [0] .Rust.PathExprSegment                           len¦
                              [0] .Rust.identifier                              ｢len｣
                        [1] .Rust.Expr.CallArgs                                 ¦
                      [1] .Rust.TypePath                                        i32¦
                        [0] .Rust.TypePathSegment                               i32¦
                          [0] .Rust.identifier                                  ｢i32｣
        [2] .Rust.Stmt                                                          match ... <DEDENT>};<NEWLINE><NEWLINE>¦
          [0] .Rust.Stmt.ExprStmt                                               match ... <DEDENT>};<NEWLINE><NEWLINE>¦
            [0] .Rust.Expr.Match                                                match ... 3,<NEWLINE><DEDENT>}¦
              [0] .Rust.Expr                                                    c ¦
                [0] .Rust.PathInExpr                                            c ¦
                  [0] .Rust.PathExprSegment                                     c ¦
                    [0] .Rust.identifier                                        ｢c｣
              [1] .Rust.Expr.Arm                                                'a'.. ... > 1,<NEWLINE>¦
                [0] .Rust.Pattern                                               'a'.. ... ='Z' ¦
                  [0] .Rust.Pattern.Alt.|                                       'a'.. ... ='Z' ¦
                    [0] .Rust.Pattern.Range...=                                 'a'..='z' ¦
                      [0] .Rust.Pattern.Literal                                 'a'¦
                        [0] .Rust.char.plain                                    ｢'a'｣
                      [1] .Rust.Pattern.Literal                                 'z' ¦
                        [0] .Rust.char.plain                                    ｢'z'｣
                    [1] .Rust.Pattern.Range...=                                 'A'..='Z' ¦
                      [0] .Rust.Pattern.Literal                                 'A'¦
                        [0] .Rust.char.plain                                    ｢'A'｣
                      [1] .Rust.Pattern.Literal                                 'Z' ¦
                        [0] .Rust.char.plain                                    ｢'Z'｣
                [1] .Rust.Expr                                                  1¦
                  [0] .Rust.number                                              ｢1｣
                    [0] .Rust.number.decimal                                    ｢1｣
              [2] .Rust.Expr.Arm                                                '0'.. ... > 2,<NEWLINE>¦
                [0] .Rust.Pattern                                               '0'..='9' ¦
                  [0] .Rust.Pattern.Range...=                                   '0'..='9' ¦
                    [0] .Rust.Pattern.Literal                                   '0'¦
                      [0] .Rust.char.plain                                      ｢'0'｣
                    [1] .Rust.Pattern.Literal                                   '9' ¦
                      [0] .Rust.char.plain                                      ｢'9'｣
                [1] .Rust.Expr                                                  2¦
                  [0] .Rust.number                                              ｢2｣
                    [0] .Rust.number.decimal                                    ｢2｣
              [3] .Rust.Expr.Arm                                                _ => 3,<NEWLINE><DEDENT>¦
                [0] .Rust.Pattern                                               _ ¦
                  [0] .Rust.underscore                                          ｢_｣
                [1] .Rust.Expr                                                  3¦
                  [0] .Rust.number                                              ｢3｣
                    [0] .Rust.number.decimal                                    ｢3｣
        [3] .Rust.Stmt                                                          let P ... 2 };<NEWLINE>¦
          [0] .Rust.Stmt.Let                                                    let P ... 2 };<NEWLINE>¦
            [0] .Rust.Pattern                                                   Point ... hy } ¦
              [0] .Rust.Pattern.Struct                                          Point ... hy } ¦
                [0] .Rust.PathInExpr                                            Point ¦
                  [0] .Rust.PathExprSegment                                     Point ¦
                    [0] .Rust.identifier                                        ｢Point｣
                [1] .Rust.Pattern.Field                                         x¦
                  [0] .Rust.identifier                                          ｢x｣
                [2] .Rust.Pattern.Field                                         y: re ...  why ¦
                  [0] .Rust.identifier                                          ｢y｣
                  [1] .Rust.Pattern                                             ref m ...  why ¦
                    [0] .Rust.Pattern.Ident                                     ref m ...  why ¦
                      [0] .Rust.ref                                             ｢ref｣
                      [1] .Rust.mut                                             ｢mut｣
                      [2] .Rust.identifier                                      ｢why｣
            [1] .Rust.Expr                                                      Point ... : 2 }¦
              [0] .Rust.Expr.Struct                                             Point ... : 2 }¦
                [0] .Rust.PathInExpr                                            Point ¦
                  [0] .Rust.PathExprSegment                                     Point ¦
                    [0] .Rust.identifier                                        ｢Point｣
                [1] .Rust.Expr.Field                                            x: 1¦
                  [0] .Rust.identifier                                          ｢x｣
                  [1] .Rust.Expr                                                1¦
                    [0] .Rust.number                                            ｢1｣
                      [0] .Rust.number.decimal                                  ｢1｣
                [2] .Rust.Expr.Field                                            y: 2 ¦
                  [0] .Rust.identifier                                          ｢y｣
                  [1] .Rust.Expr                                                2 ¦
                    [0] .Rust.number                                            ｢2｣
                      [0] .Rust.number.decimal                                  ｢2｣
        [4] .Rust.Stmt                                                          let ( ...  4);<NEWLINE>¦
          [0] .Rust.Stmt.Let                                                    let ( ...  4);<NEWLINE>¦
            [0] .Rust.Pattern                                                   (a, m ...  ..) ¦
              [0] .Rust.Pattern.Tuple                                           (a, m ...  ..) ¦
                [0] .Rust.Pattern                                               a¦
                  [0] .Rust.Pattern.Ident                                       a¦
                    [0] .Rust.identifier                                        ｢a｣
                [1] .Rust.Pattern                                               mut b¦
                  [0] .Rust.Pattern.Ident                                       mut b¦
                    [0] .Rust.mut                                               ｢mut｣
                    [1] .Rust.identifier                                        ｢b｣
                [2] .Rust.Pattern                                               ..¦
                  [0] .Rust.Pattern.Range...                                    ..¦
                    [0] .none                                                   ｢｣
                    [1] .none                                                   ｢｣
            [1] .Rust.Expr                                                      (1, 2 ... 3, 4)¦
              [0] .Rust.Expr.Tuple                                              (1, 2 ... 3, 4)¦
                [0] .Rust.Expr                                                  1¦
                  [0] .Rust.number                                              ｢1｣
                    [0] .Rust.number.decimal                                    ｢1｣
                [1] .Rust.Expr                                                  2¦
                  [0] .Rust.number                                              ｢2｣
                    [0] .Rust.number.decimal                                    ｢2｣
                [2] .Rust.Expr                                                  3¦
                  [0] .Rust.number                                              ｢3｣
                    [0] .Rust.number.decimal                                    ｢3｣
                [3] .Rust.Expr                                                  4¦
                  [0] .Rust.number                                              ｢4｣
                    [0] .Rust.number.decimal                                    ｢4｣
        [5] .Rust.Stmt                                                          let & ...  2);<NEWLINE>¦
          [0] .Rust.Stmt.Let                                                    let & ...  2);<NEWLINE>¦
            [0] .Rust.Pattern                                                   &(ref ... , q) ¦
              [0] .Rust.Pattern.Ref.&                                           &(ref ... , q) ¦
                [0] .Rust.Pattern.RefKind                                       ¦
                [1] .Rust.Pattern.Tuple                                         (ref  ... , q) ¦
                  [0] .Rust.Pattern                                             ref p¦
                    [0] .Rust.Pattern.Ident                                     ref p¦
                      [0] .Rust.ref                                             ｢ref｣
                      [1] .Rust.identifier                                      ｢p｣
                  [1] .Rust.Pattern                                             q¦
                    [0] .Rust.Pattern.Ident                                     q¦
                      [0] .Rust.identifier                                      ｢q｣
            [1] .Rust.Expr                                                      &(1, 2)¦
              [0] .Rust.Expr.Unary.&                                            &(1, 2)¦
                [0] .Rust.Expr.RefKind                                          ¦
                [1] .Rust.Expr.Tuple                                            (1, 2)¦
                  [0] .Rust.Expr                                                1¦
                    [0] .Rust.number                                            ｢1｣
                      [0] .Rust.number.decimal                                  ｢1｣
                  [1] .Rust.Expr                                                2¦
                    [0] .Rust.number                                            ｢2｣
                      [0] .Rust.number.decimal                                  ｢2｣
        [6] .Rust.Stmt                                                          let [ ...  2];<NEWLINE>¦
          [0] .Rust.Stmt.Let                                                    let [ ...  2];<NEWLINE>¦
            [0] .Rust.Pattern                                                   [u, v] ¦
              [0] .Rust.Pattern.Slice                                           [u, v] ¦
                [0] .Rust.Pattern                                               u¦
                  [0] .Rust.Pattern.Ident                                       u¦
                    [0] .Rust.identifier                                        ｢u｣
                [1] .Rust.Pattern                                               v¦
                  [0] .Rust.Pattern.Ident                                       v¦
                    [0] .Rust.identifier                                        ｢v｣
            [1] .Rust.Expr                                                      [1u8, 2]¦
              [0] .Rust.Expr.Array                                              [1u8, 2]¦
                [0] .Rust.Expr                                                  1u8¦
                  [0] .Rust.number                                              ｢1u8｣
                    [0] .Rust.number.decimal                                    ｢1｣
                    [1] .Rust.number.suffix                                     ｢u8｣
                [1] .Rust.Expr                                                  2¦
                  [0] .Rust.number                                              ｢2｣
                    [0] .Rust.number.decimal                                    ｢2｣
        [7] .Rust.Stmt                                                          let M ... .0);<NEWLINE>¦
          [0] .Rust.Stmt.Let                                                    let M ... .0);<NEWLINE>¦
            [0] .Rust.Pattern                                                   Meter ... len) ¦
              [0] .Rust.Pattern.TupleStruct                                     Meter ... len) ¦
                [0] .Rust.PathInExpr                                            Meters¦
                  [0] .Rust.PathExprSegment                                     Meters¦
                    [0] .Rust.identifier                                        ｢Meters｣
                [1] .Rust.Pattern                                               len¦
                  [0] .Rust.Pattern.Ident                                       len¦
                    [0] .Rust.identifier                                        ｢len｣
            [1] .Rust.Expr                                                      Meter ... (3.0)¦
              [0] .Rust.Expr.Member.(                                           Meter ... (3.0)¦
                [0] .Rust.PathInExpr                                            Meter ... ::new¦
                  [0] .Rust.PathExprSegment                                     Meters¦
                    [0] .Rust.identifier                                        ｢Meters｣
                  [1] .Rust.PathExprSegment                                     new¦
                    [0] .Rust.identifier                                        ｢new｣
                [1] .Rust.Expr.CallArgs                                         3.0¦
                  [0] .Rust.Expr                                                3.0¦
                    [0] .Rust.number                                            ｢3.0｣
                      [0] .Rust.number.float                                    ｢3.0｣
                        [0] .Rust.number.decimal                                ｢3｣
                        [1] .Rust.number.decimal                                ｢0｣
        [8] .Rust.Stmt                                                          let ( ...  3);<NEWLINE>¦
          [0] .Rust.Stmt.Let                                                    let ( ...  3);<NEWLINE>¦
            [0] .Rust.Pattern                                                   ((nes ... , _) ¦
              [0] .Rust.Pattern.Tuple                                           ((nes ... , _) ¦
                [0] .Rust.Pattern                                               (nest ... d, _)¦
                  [0] .Rust.Pattern.Tuple                                       (nest ... d, _)¦
                    [0] .Rust.Pattern                                           nested¦
                      [0] .Rust.Pattern.Ident                                   nested¦
                        [0] .Rust.identifier                                    ｢nested｣
                    [1] .Rust.Pattern                                           _¦
                      [0] .Rust.underscore                                      ｢_｣
                [1] .Rust.Pattern                                               _¦
                  [0] .Rust.underscore                                          ｢_｣
            [1] .Rust.Expr                                                      ((1,  ... ), 3)¦
              [0] .Rust.Expr.Tuple                                              ((1,  ... ), 3)¦
                [0] .Rust.Expr                                                  (1, 2)¦
                  [0] .Rust.Expr.Tuple                                          (1, 2)¦
                    [0] .Rust.Expr                                              1¦
                      [0] .Rust.number                                          ｢1｣
                        [0] .Rust.number.decimal                                ｢1｣
                    [1] .Rust.Expr                                              2¦
                      [0] .Rust.number                                          ｢2｣
                        [0] .Rust.number.decimal                                ｢2｣
                [1] .Rust.Expr                                                  3¦
                  [0] .Rust.number                                              ｢3｣
                    [0] .Rust.number.decimal                                    ｢3｣
        [9] .Rust.Expr                                                          x + a ... + q<NEWLINE><DEDENT>¦
          [0] .Rust.Expr.Sum.+                                                  x + a ... + q<NEWLINE><DEDENT>¦
            [0] .Rust.Expr.Sum.+                                                x + a ...  + p ¦
              [0] .Rust.Expr.Sum.+                                              x + a + b ¦
                [0] .Rust.Expr.Sum.+                                            x + a ¦
                  [0] .Rust.PathInExpr                                          x ¦
                    [0] .Rust.PathExprSegment                                   x ¦
                      [0] .Rust.identifier                                      ｢x｣
                  [1] .Rust.PathInExpr                                          a ¦
                    [0] .Rust.PathExprSegment                                   a ¦
                      [0] .Rust.identifier                                      ｢a｣
                [1] .Rust.PathInExpr                                            b ¦
                  [0] .Rust.PathExprSegment                                     b ¦
                    [0] .Rust.identifier                                        ｢b｣
              [1] .Rust.PathInExpr                                              p ¦
                [0] .Rust.PathExprSegment                                       p ¦
                  [0] .Rust.identifier                                          ｢p｣
            [1] .Rust.PathInExpr                                                q<NEWLINE><DEDENT>¦
              [0] .Rust.PathExprSegment                                         q<NEWLINE><DEDENT>¦
                [0] .Rust.identifier                                            ｢q｣
  [39] .Rust.Item                                                               fn ex ... <NEWLINE><DEDENT>}<NEWLINE><NEWLINE>¦
    [0] .Rust.Function                                                          fn ex ... <NEWLINE><DEDENT>}<NEWLINE><NEWLINE>¦
      [0] .Rust.identifier                                                      ｢expressions｣
      [1] .Rust.Block                                                           {<NEWLINE><INDENT>le ... <NEWLINE><DEDENT>}<NEWLINE><NEWLINE>¦
        [0] .Rust.Stmt                                                          let t ... .0);<NEWLINE>¦
          [0] .Rust.Stmt.Let                                                    let t ... .0);<NEWLINE>¦
            [0] .Rust.Pattern                                                   tuple ¦
              [0] .Rust.Pattern.Ident                                           tuple ¦
                [0] .Rust.identifier                                            ｢tuple｣
            [1] .Rust.Expr                                                      (1, \" ...  3.0)¦
              [0] .Rust.Expr.Tuple                                              (1, \" ...  3.0)¦
                [0] .Rust.Expr                                                  1¦
                  [0] .Rust.number                                              ｢1｣
                    [0] .Rust.number.decimal                                    ｢1｣
                [1] .Rust.Expr                                                  \"two\"¦
                  [0] .Rust.string.plain                                        ｢"two"｣
                [2] .Rust.Expr                                                  3.0¦
                  [0] .Rust.number                                              ｢3.0｣
                    [0] .Rust.number.float                                      ｢3.0｣
                      [0] .Rust.number.decimal                                  ｢3｣
                      [1] .Rust.number.decimal                                  ｢0｣
        [1] .Rust.Stmt                                                          let s ... 1,);<NEWLINE>¦
          [0] .Rust.Stmt.Let                                                    let s ... 1,);<NEWLINE>¦
            [0] .Rust.Pattern                                                   single ¦
              [0] .Rust.Pattern.Ident                                           single ¦
                [0] .Rust.identifier                                            ｢single｣
            [1] .Rust.Expr                                                      (1,)¦
              [0] .Rust.Expr.Tuple                                              (1,)¦
                [0] .Rust.Expr                                                  1¦
                  [0] .Rust.number                                              ｢1｣
                    [0] .Rust.number.decimal                                    ｢1｣
        [2] .Rust.Stmt                                                          let u ...  ();<NEWLINE>¦
          [0] .Rust.Stmt.Let                                                    let u ...  ();<NEWLINE>¦
            [0] .Rust.Pattern                                                   unit ¦
              [0] .Rust.Pattern.Ident                                           unit ¦
                [0] .Rust.identifier                                            ｢unit｣
            [1] .Rust.Expr                                                      ()¦
              [0] .Rust.Expr.Tuple                                              ()¦
        [3] .Rust.Stmt                                                          let a ... 16];<NEWLINE>¦
          [0] .Rust.Stmt.Let                                                    let a ... 16];<NEWLINE>¦
            [0] .Rust.Pattern                                                   array ¦
              [0] .Rust.Pattern.Ident                                           array ¦
                [0] .Rust.identifier                                            ｢array｣
            [1] .Rust.Expr                                                      [0u8; 16]¦
              [0] .Rust.Expr.Array                                              [0u8; 16]¦
                [0] .Rust.Expr                                                  0u8¦
                  [0] .Rust.number                                              ｢0u8｣
                    [0] .Rust.number.decimal                                    ｢0｣
                    [1] .Rust.number.suffix                                     ｢u8｣
                [1] .Rust.Expr                                                  16¦
                  [0] .Rust.number                                              ｢16｣
                    [0] .Rust.number.decimal                                    ｢16｣
        [4] .Rust.Stmt                                                          let f ... e.0;<NEWLINE>¦
          [0] .Rust.Stmt.Let                                                    let f ... e.0;<NEWLINE>¦
            [0] .Rust.Pattern                                                   first ¦
              [0] .Rust.Pattern.Ident                                           first ¦
                [0] .Rust.identifier                                            ｢first｣
            [1] .Rust.Expr                                                      tuple.0¦
              [0] .Rust.Expr.Member..                                           tuple.0¦
                [0] .Rust.PathInExpr                                            tuple¦
                  [0] .Rust.PathExprSegment                                     tuple¦
                    [0] .Rust.identifier                                        ｢tuple｣
                [1] .Rust.Expr.FieldName                                        0¦
                  [0] .Rust.Expr.tupleIndex                                     ｢0｣
        [5] .Rust.Stmt                                                          let s ... ..];<NEWLINE>¦
          [0] .Rust.Stmt.Let                                                    let s ... ..];<NEWLINE>¦
            [0] .Rust.Pattern                                                   slice ¦
              [0] .Rust.Pattern.Ident                                           slice ¦
                [0] .Rust.identifier                                            ｢slice｣
            [1] .Rust.Expr                                                      &arra ... [1..]¦
              [0] .Rust.Expr.Unary.&                                            &arra ... [1..]¦
                [0] .Rust.Expr.RefKind                                          ¦
                [1] .Rust.Expr.Member.[                                         array[1..]¦
                  [0] .Rust.PathInExpr                                          array¦
                    [0] .Rust.PathExprSegment                                   array¦
                      [0] .Rust.identifier                                      ｢array｣
                  [1] .Rust.Expr                                                1..¦
                    [0] .Rust.Expr.Range...                                     1..¦
                      [0] .Rust.number                                          ｢1｣
                        [0] .Rust.number.decimal                                ｢1｣
                      [1] .none                                                 ｢｣
        [6] .Rust.Stmt                                                          let m ... .4];<NEWLINE>¦
          [0] .Rust.Stmt.Let                                                    let m ... .4];<NEWLINE>¦
            [0] .Rust.Pattern                                                   middle ¦
              [0] .Rust.Pattern.Ident                                           middle ¦
                [0] .Rust.identifier                                            ｢middle｣
            [1] .Rust.Expr                                                      &arra ... 2..4]¦
              [0] .Rust.Expr.Unary.&                                            &arra ... 2..4]¦
                [0] .Rust.Expr.RefKind                                          ¦
                [1] .Rust.Expr.Member.[                                         array ... 2..4]¦
                  [0] .Rust.PathInExpr                                          array¦
                    [0] .Rust.PathExprSegment                                   array¦
                      [0] .Rust.identifier                                      ｢array｣
                  [1] .Rust.Expr                                                2..4¦
                    [0] .Rust.Expr.Range...                                     2..4¦
                      [0] .Rust.number                                          ｢2｣
                        [0] .Rust.number.decimal                                ｢2｣
                      [1] .Rust.number                                          ｢4｣
                        [0] .Rust.number.decimal                                ｢4｣
        [7] .Rust.Stmt                                                          let a ... ..];<NEWLINE>¦
          [0] .Rust.Stmt.Let                                                    let a ... ..];<NEWLINE>¦
            [0] .Rust.Pattern                                                   all ¦
              [0] .Rust.Pattern.Ident                                           all ¦
                [0] .Rust.identifier                                            ｢all｣
            [1] .Rust.Expr                                                      &array[..]¦
              [0] .Rust.Expr.Unary.&                                            &array[..]¦
                [0] .Rust.Expr.RefKind                                          ¦
                [1] .Rust.Expr.Member.[                                         array[..]¦
                  [0] .Rust.PathInExpr                                          array¦
                    [0] .Rust.PathExprSegment                                   array¦
                      [0] .Rust.identifier                                      ｢array｣
                  [1] .Rust.Expr                                                ..¦
                    [0] .Rust.Expr.Range...                                     ..¦
                      [0] .none                                                 ｢｣
                      [1] .none                                                 ｢｣
        [8] .Rust.Stmt                                                          let h ... =3];<NEWLINE>¦
          [0] .Rust.Stmt.Let                                                    let h ... =3];<NEWLINE>¦
            [0] .Rust.Pattern                                                   head ¦
              [0] .Rust.Pattern.Ident                                           head ¦
                [0] .Rust.identifier                                            ｢head｣
            [1] .Rust.Expr                                                      &arra ... ..=3]¦
              [0] .Rust.Expr.Unary.&                                            &arra ... ..=3]¦
                [0] .Rust.Expr.RefKind                                          ¦
                [1] .Rust.Expr.Member.[                                         array ... ..=3]¦
                  [0] .Rust.PathInExpr                                          array¦
                    [0] .Rust.PathExprSegment                                   array¦
                      [0] .Rust.identifier                                      ｢array｣
                  [1] .Rust.Expr                                                ..=3¦
                    [0] .Rust.Expr.Range...=                                    ..=3¦
                      [0] .none                                                 ｢｣
                      [1] .Rust.number                                          ｢3｣
                        [0] .Rust.number.decimal                                ｢3｣
        [9] .Rust.Stmt                                                          let r ... .10;<NEWLINE>¦
          [0] .Rust.Stmt.Let                                                    let r ... .10;<NEWLINE>¦
            [0] .Rust.Pattern                                                   range ¦
              [0] .Rust.Pattern.Ident                                           range ¦
                [0] .Rust.identifier                                            ｢range｣
            [1] .Rust.Expr                                                      1..10¦
              [0] .Rust.Expr.Range...                                           1..10¦
                [0] .Rust.number                                                ｢1｣
                  [0] .Rust.number.decimal                                      ｢1｣
                [1] .Rust.number                                                ｢10｣
                  [0] .Rust.number.decimal                                      ｢10｣
        [10] .Rust.Stmt                                                         let p ... ) };<NEWLINE>¦
          [0] .Rust.Stmt.Let                                                    let p ... ) };<NEWLINE>¦
            [0] .Rust.Pattern                                                   point ¦
              [0] .Rust.Pattern.Ident                                           point ¦
                [0] .Rust.identifier                                            ｢point｣
            [1] .Rust.Expr                                                      Point ... t() }¦
              [0] .Rust.Expr.Struct                                             Point ... t() }¦
                [0] .Rust.PathInExpr                                            Point ¦
                  [0] .Rust.PathExprSegment                                     Point ¦
                    [0] .Rust.identifier                                        ｢Point｣
                [1] .Rust.Expr.Field                                            x: 1.0¦
                  [0] .Rust.identifier                                          ｢x｣
                  [1] .Rust.Expr                                                1.0¦
                    [0] .Rust.number                                            ｢1.0｣
                      [0] .Rust.number.float                                    ｢1.0｣
                        [0] .Rust.number.decimal                                ｢1｣
                        [1] .Rust.number.decimal                                ｢0｣
                [2] .Rust.Expr.Base                                             ..Def ... lt() ¦
                  [0] .Rust.Expr                                                Defau ... lt() ¦
                    [0] .Rust.Expr.Member.(                                     Defau ... lt() ¦
                      [0] .Rust.PathInExpr                                      Defau ... fault¦
                        [0] .Rust.PathExprSegment                               Default¦
                          [0] .Rust.identifier                                  ｢Default｣
                        [1] .Rust.PathExprSegment                               default¦
                          [0] .Rust.identifier                                  ｢default｣
                      [1] .Rust.Expr.CallArgs                                   ¦
        [11] .Rust.Stmt                                                         let o ... 0 };<NEWLINE>¦
          [0] .Rust.Stmt.Let                                                    let o ... 0 };<NEWLINE>¦
            [0] .Rust.Pattern                                                   other ¦
              [0] .Rust.Pattern.Ident                                           other ¦
                [0] .Rust.identifier                                            ｢other｣
            [1] .Rust.Expr                                                      Point ... 3.0 }¦
              [0] .Rust.Expr.Struct                                             Point ... 3.0 }¦
                [0] .Rust.PathInExpr                                            Point ... f64> ¦
                  [0] .Rust.PathExprSegment                                     Point ... f64> ¦
                    [0] .Rust.identifier                                        ｢Point｣
                    [1] .Rust.GenericArgs                                       <f64> ¦
                      [0] .Rust.GenericArgs.Arg                                 f64¦
                        [0] .Rust.TypePath                                      f64¦
                          [0] .Rust.TypePathSegment                             f64¦
                            [0] .Rust.identifier                                ｢f64｣
                [1] .Rust.Expr.Field                                            y: 2.0¦
                  [0] .Rust.identifier                                          ｢y｣
                  [1] .Rust.Expr                                                2.0¦
                    [0] .Rust.number                                            ｢2.0｣
                      [0] .Rust.number.float                                    ｢2.0｣
                        [0] .Rust.number.decimal                                ｢2｣
                        [1] .Rust.number.decimal                                ｢0｣
                [2] .Rust.Expr.Field                                            x: 3.0 ¦
                  [0] .Rust.identifier                                          ｢x｣
                  [1] .Rust.Expr                                                3.0 ¦
                    [0] .Rust.number                                            ｢3.0｣
                      [0] .Rust.number.float                                    ｢3.0｣
                        [0] .Rust.number.decimal                                ｢3｣
                        [1] .Rust.number.decimal                                ｢0｣
        [12] .Rust.Stmt                                                         let s ... 0 };<NEWLINE>¦
          [0] .Rust.Stmt.Let                                                    let s ... 0 };<NEWLINE>¦
            [0] .Rust.Pattern                                                   shape ¦
              [0] .Rust.Pattern.Ident                                           shape ¦
                [0] .Rust.identifier                                            ｢shape｣
            [1] .Rust.Expr                                                      Shape ... 2.0 }¦
              [0] .Rust.Expr.Struct                                             Shape ... 2.0 }¦
                [0] .Rust.PathInExpr                                            Shape ... rcle ¦
                  [0] .Rust.PathExprSegment                                     Shape¦
                    [0] .Rust.identifier                                        ｢Shape｣
                  [1] .Rust.PathExprSegment                                     Circle ¦
                    [0] .Rust.identifier                                        ｢Circle｣
                [1] .Rust.Expr.Field                                            cente ... point¦
                  [0] .Rust.identifier                                          ｢center｣
                  [1] .Rust.Expr                                                point¦
                    [0] .Rust.PathInExpr                                        point¦
                      [0] .Rust.PathExprSegment                                 point¦
                        [0] .Rust.identifier                                    ｢point｣
                [2] .Rust.Expr.Field                                            radiu ...  2.0 ¦
                  [0] .Rust.identifier                                          ｢radius｣
                  [1] .Rust.Expr                                                2.0 ¦
                    [0] .Rust.number                                            ｢2.0｣
                      [0] .Rust.number.float                                    ｢2.0｣
                        [0] .Rust.number.decimal                                ｢2｣
                        [1] .Rust.number.decimal                                ｢0｣
        [13] .Rust.Stmt                                                         let m ... w();<NEWLINE>¦
          [0] .Rust.Stmt.Let                                                    let m ... w();<NEWLINE>¦
            [0] .Rust.Pattern                                                   map¦
              [0] .Rust.Pattern.Ident                                           map¦
                [0] .Rust.identifier                                            ｢map｣
            [1] .Rust.TypePath                                                  HashM ... 32>> ¦
              [0] .Rust.TypePathSegment                                         HashM ... 32>> ¦
                [0] .Rust.identifier                                            ｢HashMap｣
                [1] .Rust.GenericArgs                                           <Stri ... 32>> ¦
                  [0] .Rust.GenericArgs.Arg                                     String¦
                    [0] .Rust.TypePath                                          String¦
                      [0] .Rust.TypePathSegment                                 String¦
                        [0] .Rust.identifier                                    ｢String｣
                  [1] .Rust.GenericArgs.Arg                                     Vec<i32>¦
                    [0] .Rust.TypePath                                          Vec<i32>¦
                      [0] .Rust.TypePathSegment                                 Vec<i32>¦
                        [0] .Rust.identifier                                    ｢Vec｣
                        [1] .Rust.GenericArgs                                   <i32>¦
                          [0] .Rust.GenericArgs.Arg                             i32¦
                            [0] .Rust.TypePath                                  i32¦
                              [0] .Rust.TypePathSegment                         i32¦
                                [0] .Rust.identifier                            ｢i32｣
            [2] .Rust.Expr                                                      HashM ... new()¦
              [0] .Rust.Expr.Member.(                                           HashM ... new()¦
                [0] .Rust.PathInExpr                                            HashM ... ::new¦
                  [0] .Rust.PathExprSegment                                     HashMap¦
                    [0] .Rust.identifier                                        ｢HashMap｣
                  [1] .Rust.PathExprSegment                                     new¦
                    [0] .Rust.identifier                                        ｢new｣
                [1] .Rust.Expr.CallArgs                                         ¦
        [14] .Rust.Stmt                                                         let g ... w();<NEWLINE>¦
          [0] .Rust.Stmt.Let                                                    let g ... w();<NEWLINE>¦
            [0] .Rust.Pattern                                                   glued¦
              [0] .Rust.Pattern.Ident                                           glued¦
                [0] .Rust.identifier                                            ｢glued｣
            [1] .Rust.TypePath                                                  Vec<V ... <u8>>¦
              [0] .Rust.TypePathSegment                                         Vec<V ... <u8>>¦
                [0] .Rust.identifier                                            ｢Vec｣
                [1] .Rust.GenericArgs                                           <Vec<u8>>¦
                  [0] .Rust.GenericArgs.Arg                                     Vec<u8>¦
                    [0] .Rust.TypePath                                          Vec<u8>¦
                      [0] .Rust.TypePathSegment                                 Vec<u8>¦
                        [0] .Rust.identifier                                    ｢Vec｣
                        [1] .Rust.GenericArgs                                   <u8>¦
                          [0] .Rust.GenericArgs.Arg                             u8¦
                            [0] .Rust.TypePath                                  u8¦
                              [0] .Rust.TypePathSegment                         u8¦
                                [0] .Rust.identifier                            ｢u8｣
            [2] .Rust.Expr                                                      Vec::new()¦
              [0] .Rust.Expr.Member.(                                           Vec::new()¦
                [0] .Rust.PathInExpr                                            Vec::new¦
                  [0] .Rust.PathExprSegment                                     Vec¦
                    [0] .Rust.identifier                                        ｢Vec｣
                  [1] .Rust.PathExprSegment                                     new¦
                    [0] .Rust.identifier                                        ｢new｣
                [1] .Rust.Expr.CallArgs                                         ¦
        [15] .Rust.Stmt                                                         let p ... t();<NEWLINE>¦
          [0] .Rust.Stmt.Let                                                    let p ... t();<NEWLINE>¦
            [0] .Rust.Pattern                                                   parsed ¦
              [0] .Rust.Pattern.Ident                                           parsed ¦
                [0] .Rust.identifier                                            ｢parsed｣
            [1] .Rust.Expr                                                      \"42\". ... ult()¦
              [0] .Rust.Expr.Member.(                                           \"42\". ... ult()¦
                [0] .Rust.Expr.Member..                                         \"42\". ... fault¦
                  [0] .Rust.Expr.Member.(                                       \"42\". ... 32>()¦
                    [0] .Rust.Expr.Member..                                     \"42\". ... <i32>¦
                      [0] .Rust.string.plain                                    ｢"42"｣
                      [1] .Rust.Expr.FieldName                                  parse ... <i32>¦
                        [0] .Rust.PathExprSegment                               parse ... <i32>¦
                          [0] .Rust.identifier                                  ｢parse｣
                          [1] .Rust.GenericArgs                                 <i32>¦
                            [0] .Rust.GenericArgs.Arg                           i32¦
                              [0] .Rust.TypePath                                i32¦
                                [0] .Rust.TypePathSegment                       i32¦
                                  [0] .Rust.identifier                          ｢i32｣
                    [1] .Rust.Expr.CallArgs                                     ¦
                  [1] .Rust.Expr.FieldName                                      unwra ... fault¦
                    [0] .Rust.PathExprSegment                                   unwra ... fault¦
                      [0] .Rust.identifier                                      ｢unwrap_or_default｣
                [1] .Rust.Expr.CallArgs                                         ¦
        [16] .Rust.Stmt                                                         let c ... >();<NEWLINE>¦
          [0] .Rust.Stmt.Let                                                    let c ... >();<NEWLINE>¦
            [0] .Rust.Pattern                                                   collected ¦
              [0] .Rust.Pattern.Ident                                           collected ¦
                [0] .Rust.identifier                                            ｢collected｣
            [1] .Rust.Expr                                                      (0..5 ... _>>()¦
              [0] .Rust.Expr.Member.(                                           (0..5 ... _>>()¦
                [0] .Rust.Expr.Member..                                         (0..5 ... c<_>>¦
                  [0] .Rust.Expr.Member.(                                       (0..5 ...  > 2)¦
                    [0] .Rust.Expr.Member..                                     (0..5 ... ilter¦
                      [0] .Rust.Expr.Member.(                                   (0..5 ...  * 2)¦
                        [0] .Rust.Expr.Member..                                 (0..5).map¦
                          [0] .Rust.Expr.Paren                                  (0..5)¦
                            [0] .Rust.Expr                                      0..5¦
                              [0] .Rust.Expr.Range...                           0..5¦
                                [0] .Rust.number                                ｢0｣
                                  [0] .Rust.number.decimal                      ｢0｣
                                [1] .Rust.number                                ｢5｣
                                  [0] .Rust.number.decimal                      ｢5｣
                          [1] .Rust.Expr.FieldName                              map¦
                            [0] .Rust.PathExprSegment                           map¦
                              [0] .Rust.identifier                              ｢map｣
                        [1] .Rust.Expr.CallArgs                                 |x| x * 2¦
                          [0] .Rust.Expr                                        |x| x * 2¦
                            [0] .Rust.Expr.Closure                              |x| x * 2¦
                              [0] .Rust.Expr.ClosureParam                       x¦
                                [0] .Rust.Pattern                               x¦
                                  [0] .Rust.Pattern.Ident                       x¦
                                    [0] .Rust.identifier                        ｢x｣
                              [1] .Rust.Expr                                    x * 2¦
                                [0] .Rust.Expr.Product.*                        x * 2¦
                                  [0] .Rust.PathInExpr                          x ¦
                                    [0] .Rust.PathExprSegment                   x ¦
                                      [0] .Rust.identifier                      ｢x｣
                                  [1] .Rust.number                              ｢2｣
                                    [0] .Rust.number.decimal                    ｢2｣
                      [1] .Rust.Expr.FieldName                                  filter¦
                        [0] .Rust.PathExprSegment                               filter¦
                          [0] .Rust.identifier                                  ｢filter｣
                    [1] .Rust.Expr.CallArgs                                     |&x| x > 2¦
                      [0] .Rust.Expr                                            |&x| x > 2¦
                        [0] .Rust.Expr.Closure                                  |&x| x > 2¦
                          [0] .Rust.Expr.ClosureParam                           &x¦
                            [0] .Rust.Pattern                                   &x¦
                              [0] .Rust.Pattern.Ref.&                           &x¦
                                [0] .Rust.Pattern.RefKind                       ¦
                                [1] .Rust.Pattern.Ident                         x¦
                                  [0] .Rust.identifier                          ｢x｣
                          [1] .Rust.Expr                                        x > 2¦
                            [0] .Rust.Expr.Compare.>                            x > 2¦
                              [0] .Rust.PathInExpr                              x ¦
                                [0] .Rust.PathExprSegment                       x ¦
                                  [0] .Rust.identifier                          ｢x｣
                              [1] .Rust.number                                  ｢2｣
                                [0] .Rust.number.decimal                        ｢2｣
                  [1] .Rust.Expr.FieldName                                      colle ... c<_>>¦
                    [0] .Rust.PathExprSegment                                   colle ... c<_>>¦
                      [0] .Rust.identifier                                      ｢collect｣
                      [1] .Rust.GenericArgs                                     <Vec<_>>¦
                        [0] .Rust.GenericArgs.Arg                               Vec<_>¦
                          [0] .Rust.TypePath                                    Vec<_>¦
                            [0] .Rust.TypePathSegment                           Vec<_>¦
                              [0] .Rust.identifier                              ｢Vec｣
                              [1] .Rust.GenericArgs                             <_>¦
                                [0] .Rust.GenericArgs.Arg                       _¦
                                  [0] .Rust.underscore                          ｢_｣
                [1] .Rust.Expr.CallArgs                                         ¦
        [17] .Rust.Stmt                                                         let s ... m();<NEWLINE>¦
          [0] .Rust.Stmt.Let                                                    let s ... m();<NEWLINE>¦
            [0] .Rust.Pattern                                                   sum¦
              [0] .Rust.Pattern.Ident                                           sum¦
                [0] .Rust.identifier                                            ｢sum｣
            [1] .Rust.TypePath                                                  i32 ¦
              [0] .Rust.TypePathSegment                                         i32 ¦
                [0] .Rust.identifier                                            ｢i32｣
            [2] .Rust.Expr                                                      colle ... sum()¦
              [0] .Rust.Expr.Member.(                                           colle ... sum()¦
                [0] .Rust.Expr.Member..                                         colle ... ).sum¦
                  [0] .Rust.Expr.Member.(                                       colle ... ter()¦
                    [0] .Rust.Expr.Member..                                     colle ... .iter¦
                      [0] .Rust.PathInExpr                                      collected¦
                        [0] .Rust.PathExprSegment                               collected¦
                          [0] .Rust.identifier                                  ｢collected｣
                      [1] .Rust.Expr.FieldName                                  iter¦
                        [0] .Rust.PathExprSegment                               iter¦
                          [0] .Rust.identifier                                  ｢iter｣
                    [1] .Rust.Expr.CallArgs                                     ¦
                  [1] .Rust.Expr.FieldName                                      sum¦
                    [0] .Rust.PathExprSegment                                   sum¦
                      [0] .Rust.identifier                                      ｢sum｣
                [1] .Rust.Expr.CallArgs                                         ¦
        [18] .Rust.Stmt                                                         let f ... <NEWLINE><DEDENT>};<NEWLINE>¦
          [0] .Rust.Stmt.Let                                                    let f ... <NEWLINE><DEDENT>};<NEWLINE>¦
            [0] .Rust.Pattern                                                   fallible ¦
              [0] .Rust.Pattern.Ident                                           fallible ¦
                [0] .Rust.identifier                                            ｢fallible｣
            [1] .Rust.Expr                                                      || -> ... v)<NEWLINE><DEDENT>}¦
              [0] .Rust.Expr.Closure                                            || -> ... v)<NEWLINE><DEDENT>}¦
                [0] .Rust.TypePath                                              Resul ... ing> ¦
                  [0] .Rust.TypePathSegment                                     Resul ... ing> ¦
                    [0] .Rust.identifier                                        ｢Result｣
                    [1] .Rust.GenericArgs                                       <i32, ... ing> ¦
                      [0] .Rust.GenericArgs.Arg                                 i32¦
                        [0] .Rust.TypePath                                      i32¦
                          [0] .Rust.TypePathSegment                             i32¦
                            [0] .Rust.identifier                                ｢i32｣
                      [1] .Rust.GenericArgs.Arg                                 String¦
                        [0] .Rust.TypePath                                      String¦
                          [0] .Rust.TypePathSegment                             String¦
                            [0] .Rust.identifier                                ｢String｣
                [1] .Rust.Block                                                 {<NEWLINE><INDENT>le ... v)<NEWLINE><DEDENT>}¦
                  [0] .Rust.Stmt                                                let v ... ))?;<NEWLINE>¦
                    [0] .Rust.Stmt.Let                                          let v ... ))?;<NEWLINE>¦
                      [0] .Rust.Pattern                                         v¦
                        [0] .Rust.Pattern.Ident                                 v¦
                          [0] .Rust.identifier                                  ｢v｣
                      [1] .Rust.TypePath                                        i32 ¦
                        [0] .Rust.TypePathSegment                               i32 ¦
                          [0] .Rust.identifier                                  ｢i32｣
                      [2] .Rust.Expr                                            \"7\".p ... }\"))?¦
                        [0] .Rust.Expr.Member.?                                 \"7\".p ... }\"))?¦
                          [0] .Rust.Expr.Member.(                               \"7\".p ... e}\"))¦
                            [0] .Rust.Expr.Member..                             \"7\".p ... p_err¦
                              [0] .Rust.Expr.Member.(                           \"7\".p ... rse()¦
                                [0] .Rust.Expr.Member..                         \"7\".parse¦
                                  [0] .Rust.string.plain                        ｢"7"｣
                                  [1] .Rust.Expr.FieldName                      parse¦
                                    [0] .Rust.PathExprSegment                   parse¦
                                      [0] .Rust.identifier                      ｢parse｣
                                [1] .Rust.Expr.CallArgs                         ¦
                              [1] .Rust.Expr.FieldName                          map_err¦
                                [0] .Rust.PathExprSegment                       map_err¦
                                  [0] .Rust.identifier                          ｢map_err｣
                            [1] .Rust.Expr.CallArgs                             |e| f ... {e}\")¦
                              [0] .Rust.Expr                                    |e| f ... {e}\")¦
                                [0] .Rust.Expr.Closure                          |e| f ... {e}\")¦
                                  [0] .Rust.Expr.ClosureParam                   e¦
                                    [0] .Rust.Pattern                           e¦
                                      [0] .Rust.Pattern.Ident                   e¦
                                        [0] .Rust.identifier                    ｢e｣
                                  [1] .Rust.Expr                                forma ... {e}\")¦
                                    [0] .Rust.Expr.Macro                        forma ... {e}\")¦
                                      [0] .Rust.PathInExpr                      format¦
                                        [0] .Rust.PathExprSegment               format¦
                                          [0] .Rust.identifier                  ｢format｣
                                      [1] .Rust.DelimTokenTree                  (\"{e}\")¦
                                        [0] .Rust.TokenTree                     \"{e}\"¦
                                          [0] .Rust.token                       ｢"{e}"｣
                                            [0] .Rust.string.plain              ｢"{e}"｣
                  [1] .Rust.Expr                                                Ok(v)<NEWLINE><DEDENT>¦
                    [0] .Rust.Expr.Member.(                                     Ok(v)<NEWLINE><DEDENT>¦
                      [0] .Rust.PathInExpr                                      Ok¦
                        [0] .Rust.PathExprSegment                               Ok¦
                          [0] .Rust.identifier                                  ｢Ok｣
                      [1] .Rust.Expr.CallArgs                                   v¦
                        [0] .Rust.Expr                                          v¦
                          [0] .Rust.PathInExpr                                  v¦
                            [0] .Rust.PathExprSegment                           v¦
                              [0] .Rust.identifier                              ｢v｣
        [19] .Rust.Stmt                                                         let a ... b };<NEWLINE>¦
          [0] .Rust.Stmt.Let                                                    let a ... b };<NEWLINE>¦
            [0] .Rust.Pattern                                                   add ¦
              [0] .Rust.Pattern.Ident                                           add ¦
                [0] .Rust.identifier                                            ｢add｣
            [1] .Rust.Expr                                                      |a: i ... + b }¦
              [0] .Rust.Expr.Closure                                            |a: i ... + b }¦
                [0] .Rust.Expr.ClosureParam                                     a: i32¦
                  [0] .Rust.Pattern                                             a¦
                    [0] .Rust.Pattern.Ident                                     a¦
                      [0] .Rust.identifier                                      ｢a｣
                  [1] .Rust.TypePath                                            i32¦
                    [0] .Rust.TypePathSegment                                   i32¦
                      [0] .Rust.identifier                                      ｢i32｣
                [1] .Rust.Expr.ClosureParam                                     b: i32¦
                  [0] .Rust.Pattern                                             b¦
                    [0] .Rust.Pattern.Ident                                     b¦
                      [0] .Rust.identifier                                      ｢b｣
                  [1] .Rust.TypePath                                            i32¦
                    [0] .Rust.TypePathSegment                                   i32¦
                      [0] .Rust.identifier                                      ｢i32｣
                [2] .Rust.TypePath                                              i32 ¦
                  [0] .Rust.TypePathSegment                                     i32 ¦
                    [0] .Rust.identifier                                        ｢i32｣
                [3] .Rust.Block                                                 { a + b }¦
                  [0] .Rust.Expr                                                a + b ¦
                    [0] .Rust.Expr.Sum.+                                        a + b ¦
                      [0] .Rust.PathInExpr                                      a ¦
                        [0] .Rust.PathExprSegment                               a ¦
                          [0] .Rust.identifier                                  ｢a｣
                      [1] .Rust.PathInExpr                                      b ¦
                        [0] .Rust.PathExprSegment                               b ¦
                          [0] .Rust.identifier                                  ｢b｣
        [20] .Rust.Stmt                                                         let c ... sed;<NEWLINE>¦
          [0] .Rust.Stmt.Let                                                    let c ... sed;<NEWLINE>¦
            [0] .Rust.Pattern                                                   captured ¦
              [0] .Rust.Pattern.Ident                                           captured ¦
                [0] .Rust.identifier                                            ｢captured｣
            [1] .Rust.Expr                                                      move  ... arsed¦
              [0] .Rust.Expr.Closure                                            move  ... arsed¦
                [0] .Rust.Expr                                                  sum + ... arsed¦
                  [0] .Rust.Expr.Sum.+                                          sum + ... arsed¦
                    [0] .Rust.PathInExpr                                        sum ¦
                      [0] .Rust.PathExprSegment                                 sum ¦
                        [0] .Rust.identifier                                    ｢sum｣
                    [1] .Rust.PathInExpr                                        parsed¦
                      [0] .Rust.PathExprSegment                                 parsed¦
                        [0] .Rust.identifier                                    ｢parsed｣
        [21] .Rust.Stmt                                                         let q ... DES;<NEWLINE>¦
          [0] .Rust.Stmt.Let                                                    let q ... DES;<NEWLINE>¦
            [0] .Rust.Pattern                                                   qualified ¦
              [0] .Rust.Pattern.Ident                                           qualified ¦
                [0] .Rust.identifier                                            ｢qualified｣
            [1] .Rust.Expr                                                      <Shap ... SIDES¦
              [0] .Rust.QualifiedPathInExpr                                     <Shap ... SIDES¦
                [0] .Rust.QualifiedPathType                                     <Shap ... Area>¦
                  [0] .Rust.TypePath                                            Shape ¦
                    [0] .Rust.TypePathSegment                                   Shape ¦
                      [0] .Rust.identifier                                      ｢Shape｣
                  [1] .Rust.TypePath                                            Area¦
                    [0] .Rust.TypePathSegment                                   Area¦
                      [0] .Rust.identifier                                      ｢Area｣
                [1] .Rust.PathExprSegment                                       SIDES¦
                  [0] .Rust.identifier                                          ｢SIDES｣
        [22] .Rust.Stmt                                                         let s ... n();<NEWLINE>¦
          [0] .Rust.Stmt.Let                                                    let s ... n();<NEWLINE>¦
            [0] .Rust.Pattern                                                   size ¦
              [0] .Rust.Pattern.Ident                                           size ¦
                [0] .Rust.identifier                                            ｢size｣
            [1] .Rust.Expr                                                      <Vec< ... len()¦
              [0] .Rust.Expr.Member.(                                           <Vec< ... len()¦
                [0] .Rust.Expr.Member..                                         <Vec< ... ).len¦
                  [0] .Rust.Expr.Member.(                                       <Vec< ... new()¦
                    [0] .Rust.QualifiedPathInExpr                               <Vec< ... ::new¦
                      [0] .Rust.QualifiedPathType                               <Vec<u8>>¦
                        [0] .Rust.TypePath                                      Vec<u8>¦
                          [0] .Rust.TypePathSegment                             Vec<u8>¦
                            [0] .Rust.identifier                                ｢Vec｣
                            [1] .Rust.GenericArgs                               <u8>¦
                              [0] .Rust.GenericArgs.Arg                         u8¦
                                [0] .Rust.TypePath                              u8¦
                                  [0] .Rust.TypePathSegment                     u8¦
                                    [0] .Rust.identifier                        ｢u8｣
                      [1] .Rust.PathExprSegment                                 new¦
                        [0] .Rust.identifier                                    ｢new｣
                    [1] .Rust.Expr.CallArgs                                     ¦
                  [1] .Rust.Expr.FieldName                                      len¦
                    [0] .Rust.PathExprSegment                                   len¦
                      [0] .Rust.identifier                                      ｢len｣
                [1] .Rust.Expr.CallArgs                                         ¦
        [23] .Rust.Stmt                                                         let u ... ) };<NEWLINE>¦
          [0] .Rust.Stmt.Let                                                    let u ... ) };<NEWLINE>¦
            [0] .Rust.Pattern                                                   unsaf ... alue ¦
              [0] .Rust.Pattern.Ident                                           unsaf ... alue ¦
                [0] .Rust.identifier                                            ｢unsafe_value｣
            [1] .Rust.Expr                                                      unsaf ... -3) }¦
              [0] .Rust.Expr.Unsafe                                             unsaf ... -3) }¦
                [0] .Rust.Block                                                 { abs ... -3) }¦
                  [0] .Rust.Expr                                                abs(-3) ¦
                    [0] .Rust.Expr.Member.(                                     abs(-3) ¦
                      [0] .Rust.PathInExpr                                      abs¦
                        [0] .Rust.PathExprSegment                               abs¦
                          [0] .Rust.identifier                                  ｢abs｣
                      [1] .Rust.Expr.CallArgs                                   -3¦
                        [0] .Rust.Expr                                          -3¦
                          [0] .Rust.Expr.Unary.-                                -3¦
                            [0] .Rust.number                                    ｢3｣
                              [0] .Rust.number.decimal                          ｢3｣
        [24] .Rust.Stmt                                                         let b ... <NEWLINE><DEDENT>};<NEWLINE>¦
          [0] .Rust.Stmt.Let                                                    let b ... <NEWLINE><DEDENT>};<NEWLINE>¦
            [0] .Rust.Pattern                                                   block ¦
              [0] .Rust.Pattern.Ident                                           block ¦
                [0] .Rust.identifier                                            ｢block｣
            [1] .Rust.Expr                                                      {<NEWLINE><INDENT>le ...  2<NEWLINE><DEDENT>}¦
              [0] .Rust.Block                                                   {<NEWLINE><INDENT>le ...  2<NEWLINE><DEDENT>}¦
                [0] .Rust.Stmt                                                  let i ... = 5;<NEWLINE>¦
                  [0] .Rust.Stmt.Let                                            let i ... = 5;<NEWLINE>¦
                    [0] .Rust.Pattern                                           inner ¦
                      [0] .Rust.Pattern.Ident                                   inner ¦
                        [0] .Rust.identifier                                    ｢inner｣
                    [1] .Rust.Expr                                              5¦
                      [0] .Rust.number                                          ｢5｣
                        [0] .Rust.number.decimal                                ｢5｣
                [1] .Rust.Expr                                                  inner ... * 2<NEWLINE><DEDENT>¦
                  [0] .Rust.Expr.Product.*                                      inner ... * 2<NEWLINE><DEDENT>¦
                    [0] .Rust.PathInExpr                                        inner ¦
                      [0] .Rust.PathExprSegment                                 inner ¦
                        [0] .Rust.identifier                                    ｢inner｣
                    [1] .Rust.number                                            ｢2｣
                      [0] .Rust.number.decimal                                  ｢2｣
        [25] .Rust.Stmt                                                         let c ...  u8;<NEWLINE>¦
          [0] .Rust.Stmt.Let                                                    let c ...  u8;<NEWLINE>¦
            [0] .Rust.Pattern                                                   cast ¦
              [0] .Rust.Pattern.Ident                                           cast ¦
                [0] .Rust.identifier                                            ｢cast｣
            [1] .Rust.Expr                                                      3.7_f ... as u8¦
              [0] .Rust.Expr.Cast.as                                            3.7_f ... as u8¦
                [0] .Rust.Expr.Cast.as                                          3.7_f ...  i32 ¦
                  [0] .Rust.number                                              ｢3.7_f64｣
                    [0] .Rust.number.float                                      ｢3.7_｣
                      [0] .Rust.number.decimal                                  ｢3｣
                      [1] .Rust.number.decimal                                  ｢7_｣
                    [1] .Rust.number.suffix                                     ｢f64｣
                  [1] .Rust.TypePath                                            i32 ¦
                    [0] .Rust.TypePathSegment                                   i32 ¦
                      [0] .Rust.identifier                                      ｢i32｣
                [1] .Rust.TypePath                                              u8¦
                  [0] .Rust.TypePathSegment                                     u8¦
                    [0] .Rust.identifier                                        ｢u8｣
        [26] .Rust.Stmt                                                         let a ... + 1;<NEWLINE>¦
          [0] .Rust.Stmt.Let                                                    let a ... + 1;<NEWLINE>¦
            [0] .Rust.Pattern                                                   as_ref ¦
              [0] .Rust.Pattern.Ident                                           as_ref ¦
                [0] .Rust.identifier                                            ｢as_ref｣
            [1] .Rust.Expr                                                      &cast ... e + 1¦
              [0] .Rust.Expr.Sum.+                                              &cast ... e + 1¦
                [0] .Rust.Expr.Cast.as                                          &cast ... size ¦
                  [0] .Rust.Expr.Cast.as                                        &cast ... t u8 ¦
                    [0] .Rust.Expr.Cast.as                                      &cast ...  &u8 ¦
                      [0] .Rust.Expr.Unary.&                                    &cast ¦
                        [0] .Rust.Expr.RefKind                                  ¦
                        [1] .Rust.PathInExpr                                    cast ¦
                          [0] .Rust.PathExprSegment                             cast ¦
                            [0] .Rust.identifier                                ｢cast｣
                      [1] .Rust.Type.Ref                                        &u8 ¦
                        [0] .Rust.TypePath                                      u8 ¦
                          [0] .Rust.TypePathSegment                             u8 ¦
                            [0] .Rust.identifier                                ｢u8｣
                    [1] .Rust.Type.Pointer                                      *const u8 ¦
                      [0] .Rust.Type.pointerKind                                ｢const｣
                      [1] .Rust.TypePath                                        u8 ¦
                        [0] .Rust.TypePathSegment                               u8 ¦
                          [0] .Rust.identifier                                  ｢u8｣
                  [1] .Rust.TypePath                                            usize ¦
                    [0] .Rust.TypePathSegment                                   usize ¦
                      [0] .Rust.identifier                                      ｢usize｣
                [1] .Rust.number                                                ｢1｣
                  [0] .Rust.number.decimal                                      ｢1｣
        [27] .Rust.Stmt                                                         let n ... 32);<NEWLINE>¦
          [0] .Rust.Stmt.Let                                                    let n ... 32);<NEWLINE>¦
            [0] .Rust.Pattern                                                   negated ¦
              [0] .Rust.Pattern.Ident                                           negated ¦
                [0] .Rust.identifier                                            ｢negated｣
            [1] .Rust.Expr                                                      -(-ca ...  i32)¦
              [0] .Rust.Expr.Unary.-                                            -(-ca ...  i32)¦
                [0] .Rust.Expr.Paren                                            (-cas ...  i32)¦
                  [0] .Rust.Expr                                                -cast ... s i32¦
                    [0] .Rust.Expr.Cast.as                                      -cast ... s i32¦
                      [0] .Rust.Expr.Unary.-                                    -cast ¦
                        [0] .Rust.PathInExpr                                    cast ¦
                          [0] .Rust.PathExprSegment                             cast ¦
                            [0] .Rust.identifier                                ｢cast｣
                      [1] .Rust.TypePath                                        i32¦
                        [0] .Rust.TypePathSegment                               i32¦
                          [0] .Rust.identifier                                  ｢i32｣
        [28] .Rust.Stmt                                                         let n ... rue;<NEWLINE>¦
          [0] .Rust.Stmt.Let                                                    let n ... rue;<NEWLINE>¦
            [0] .Rust.Pattern                                                   not ¦
              [0] .Rust.Pattern.Ident                                           not ¦
                [0] .Rust.identifier                                            ｢not｣
            [1] .Rust.Expr                                                      !true¦
              [0] .Rust.Expr.Unary.!                                            !true¦
                [0] .Rust.boolean                                               ｢true｣
        [29] .Rust.Stmt                                                         let r ... + 1;<NEWLINE>¦
          [0] .Rust.Stmt.Let                                                    let r ... + 1;<NEWLINE>¦
            [0] .Rust.Pattern                                                   raw_ident ¦
              [0] .Rust.Pattern.Ident                                           raw_ident ¦
                [0] .Rust.identifier                                            ｢raw_ident｣
            [1] .Rust.Expr                                                      r#mat ... h + 1¦
              [0] .Rust.Expr.Sum.+                                              r#mat ... h + 1¦
                [0] .Rust.PathInExpr                                            r#match ¦
                  [0] .Rust.PathExprSegment                                     r#match ¦
                    [0] .Rust.identifier                                        ｢r#match｣
                [1] .Rust.number                                                ｢1｣
                  [0] .Rust.number.decimal                                      ｢1｣
        [30] .Rust.Stmt                                                         let a ... ned;<NEWLINE>¦
          [0] .Rust.Stmt.Let                                                    let a ... ned;<NEWLINE>¦
            [0] .Rust.Pattern                                                   assigned¦
              [0] .Rust.Pattern.Ident                                           assigned¦
                [0] .Rust.identifier                                            ｢assigned｣
        [31] .Rust.Stmt                                                         assig ... = 5;<NEWLINE>¦
          [0] .Rust.Stmt.ExprStmt                                               assig ... = 5;<NEWLINE>¦
            [0] .Rust.Expr                                                      assig ... d = 5¦
              [0] .Rust.Expr.Assign.=                                           assig ... d = 5¦
                [0] .Rust.PathInExpr                                            assigned ¦
                  [0] .Rust.PathExprSegment                                     assigned ¦
                    [0] .Rust.identifier                                        ｢assigned｣
                [1] .Rust.number                                                ｢5｣
                  [0] .Rust.number.decimal                                      ｢5｣
        [32] .Rust.Stmt                                                         let _ ... t);<NEWLINE><DEDENT>¦
          [0] .Rust.Stmt.Let                                                    let _ ... t);<NEWLINE><DEDENT>¦
            [0] .Rust.Pattern                                                   _ ¦
              [0] .Rust.underscore                                              ｢_｣
            [1] .Rust.Expr                                                      (add( ...  not)¦
              [0] .Rust.Expr.Tuple                                              (add( ...  not)¦
                [0] .Rust.Expr                                                  add(1, 2)¦
                  [0] .Rust.Expr.Member.(                                       add(1, 2)¦
                    [0] .Rust.PathInExpr                                        add¦
                      [0] .Rust.PathExprSegment                                 add¦
                        [0] .Rust.identifier                                    ｢add｣
                    [1] .Rust.Expr.CallArgs                                     1, 2¦
                      [0] .Rust.Expr                                            1¦
                        [0] .Rust.number                                        ｢1｣
                          [0] .Rust.number.decimal                              ｢1｣
                      [1] .Rust.Expr                                            2¦
                        [0] .Rust.number                                        ｢2｣
                          [0] .Rust.number.decimal                              ｢2｣
                [1] .Rust.Expr                                                  captured()¦
                  [0] .Rust.Expr.Member.(                                       captured()¦
                    [0] .Rust.PathInExpr                                        captured¦
                      [0] .Rust.PathExprSegment                                 captured¦
                        [0] .Rust.identifier                                    ｢captured｣
                    [1] .Rust.Expr.CallArgs                                     ¦
                [2] .Rust.Expr                                                  fallible()¦
                  [0] .Rust.Expr.Member.(                                       fallible()¦
                    [0] .Rust.PathInExpr                                        fallible¦
                      [0] .Rust.PathExprSegment                                 fallible¦
                        [0] .Rust.identifier                                    ｢fallible｣
                    [1] .Rust.Expr.CallArgs                                     ¦
                [3] .Rust.Expr                                                  qualified¦
                  [0] .Rust.PathInExpr                                          qualified¦
                    [0] .Rust.PathExprSegment                                   qualified¦
                      [0] .Rust.identifier                                      ｢qualified｣
                [4] .Rust.Expr                                                  size¦
                  [0] .Rust.PathInExpr                                          size¦
                    [0] .Rust.PathExprSegment                                   size¦
                      [0] .Rust.identifier                                      ｢size｣
                [5] .Rust.Expr                                                  unsaf ... value¦
                  [0] .Rust.PathInExpr                                          unsaf ... value¦
                    [0] .Rust.PathExprSegment                                   unsaf ... value¦
                      [0] .Rust.identifier                                      ｢unsafe_value｣
                [6] .Rust.Expr                                                  block¦
                  [0] .Rust.PathInExpr                                          block¦
                    [0] .Rust.PathExprSegment                                   block¦
                      [0] .Rust.identifier                                      ｢block｣
                [7] .Rust.Expr                                                  not¦
                  [0] .Rust.PathInExpr                                          not¦
                    [0] .Rust.PathExprSegment                                   not¦
                      [0] .Rust.identifier                                      ｢not｣
  [40] .Rust.Item                                                               async ... <NEWLINE><DEDENT>}<NEWLINE><NEWLINE>¦
    [0] .Rust.Function                                                          async ... <NEWLINE><DEDENT>}<NEWLINE><NEWLINE>¦
      [0] .Rust.Function.asyncness                                              ｢async｣
      [1] .Rust.identifier                                                      ｢fetch｣
      [2] .Rust.Function.Params                                                 url: &str¦
        [0] .Rust.Function.Param                                                url: &str¦
          [0] .Rust.Pattern                                                     url¦
            [0] .Rust.Pattern.Ident                                             url¦
              [0] .Rust.identifier                                              ｢url｣
          [1] .Rust.Type.Ref                                                    &str¦
            [0] .Rust.TypePath                                                  str¦
              [0] .Rust.TypePathSegment                                         str¦
                [0] .Rust.identifier                                            ｢str｣
      [3] .Rust.TypePath                                                        Resul ... nc>> ¦
        [0] .Rust.TypePathSegment                                               Resul ... nc>> ¦
          [0] .Rust.identifier                                                  ｢Result｣
          [1] .Rust.GenericArgs                                                 <Stri ... nc>> ¦
            [0] .Rust.GenericArgs.Arg                                           String¦
              [0] .Rust.TypePath                                                String¦
                [0] .Rust.TypePathSegment                                       String¦
                  [0] .Rust.identifier                                          ｢String｣
            [1] .Rust.GenericArgs.Arg                                           Box<d ... Sync>¦
              [0] .Rust.TypePath                                                Box<d ... Sync>¦
                [0] .Rust.TypePathSegment                                       Box<d ... Sync>¦
                  [0] .Rust.identifier                                          ｢Box｣
                  [1] .Rust.GenericArgs                                         <dyn  ... Sync>¦
                    [0] .Rust.GenericArgs.Arg                                   dyn s ...  Sync¦
                      [0] .Rust.Type.TraitObject                                dyn s ...  Sync¦
                        [0] .Rust.Bounds                                        std:: ...  Sync¦
                          [0] .Rust.Bound                                       std:: ... rror ¦
                            [0] .Rust.TraitBound                                std:: ... rror ¦
                              [0] .Rust.TypePath                                std:: ... rror ¦
                                [0] .Rust.TypePathSegment                       std¦
                                  [0] .Rust.identifier                          ｢std｣
                                [1] .Rust.TypePathSegment                       error¦
                                  [0] .Rust.identifier                          ｢error｣
                                [2] .Rust.TypePathSegment                       Error ¦
                                  [0] .Rust.identifier                          ｢Error｣
                          [1] .Rust.Bound                                       Send ¦
                            [0] .Rust.TraitBound                                Send ¦
                              [0] .Rust.TypePath                                Send ¦
                                [0] .Rust.TypePathSegment                       Send ¦
                                  [0] .Rust.identifier                          ｢Send｣
                          [2] .Rust.Bound                                       Sync¦
                            [0] .Rust.TraitBound                                Sync¦
                              [0] .Rust.TypePath                                Sync¦
                                [0] .Rust.TypePathSegment                       Sync¦
                                  [0] .Rust.identifier                          ｢Sync｣
      [4] .Rust.Block                                                           {<NEWLINE><INDENT>le ... <NEWLINE><DEDENT>}<NEWLINE><NEWLINE>¦
        [0] .Rust.Stmt                                                          let r ... it?;<NEWLINE>¦
          [0] .Rust.Stmt.Let                                                    let r ... it?;<NEWLINE>¦
            [0] .Rust.Pattern                                                   response ¦
              [0] .Rust.Pattern.Ident                                           response ¦
                [0] .Rust.identifier                                            ｢response｣
            [1] .Rust.Expr                                                      reque ... wait?¦
              [0] .Rust.Expr.Member.?                                           reque ... wait?¦
                [0] .Rust.Expr.Member..await                                    reque ... await¦
                  [0] .Rust.Expr.Member.(                                       reque ... (url)¦
                    [0] .Rust.PathInExpr                                        request¦
                      [0] .Rust.PathExprSegment                                 request¦
                        [0] .Rust.identifier                                    ｢request｣
                    [1] .Rust.Expr.CallArgs                                     url¦
                      [0] .Rust.Expr                                            url¦
                        [0] .Rust.PathInExpr                                    url¦
                          [0] .Rust.PathExprSegment                             url¦
                            [0] .Rust.identifier                                ｢url｣
        [1] .Rust.Stmt                                                          let f ... ) };<NEWLINE>¦
          [0] .Rust.Stmt.Let                                                    let f ... ) };<NEWLINE>¦
            [0] .Rust.Pattern                                                   future ¦
              [0] .Rust.Pattern.Ident                                           future ¦
                [0] .Rust.identifier                                            ｢future｣
            [1] .Rust.Expr                                                      async ... n() }¦
              [0] .Rust.Expr.Async                                              async ... n() }¦
                [0] .Rust.Block                                                 { res ... n() }¦
                  [0] .Rust.Expr                                                respo ... en() ¦
                    [0] .Rust.Expr.Member.(                                     respo ... en() ¦
                      [0] .Rust.Expr.Member..                                   respo ... e.len¦
                        [0] .Rust.PathInExpr                                    response¦
                          [0] .Rust.PathExprSegment                             response¦
                            [0] .Rust.identifier                                ｢response｣
                        [1] .Rust.Expr.FieldName                                len¦
                          [0] .Rust.PathExprSegment                             len¦
                            [0] .Rust.identifier                                ｢len｣
                      [1] .Rust.Expr.CallArgs                                   ¦
        [2] .Rust.Stmt                                                          let c ... + 1;<NEWLINE>¦
          [0] .Rust.Stmt.Let                                                    let c ... + 1;<NEWLINE>¦
            [0] .Rust.Pattern                                                   closure ¦
              [0] .Rust.Pattern.Ident                                           closure ¦
                [0] .Rust.identifier                                            ｢closure｣
            [1] .Rust.Expr                                                      async ... x + 1¦
              [0] .Rust.Expr.Closure                                            async ... x + 1¦
                [0] .Rust.Expr.ClosureParam                                     x: u32¦
                  [0] .Rust.Pattern                                             x¦
                    [0] .Rust.Pattern.Ident                                     x¦
                      [0] .Rust.identifier                                      ｢x｣
                  [1] .Rust.TypePath                                            u32¦
                    [0] .Rust.TypePathSegment                                   u32¦
                      [0] .Rust.identifier                                      ｢u32｣
                [1] .Rust.Expr                                                  x + 1¦
                  [0] .Rust.Expr.Sum.+                                          x + 1¦
                    [0] .Rust.PathInExpr                                        x ¦
                      [0] .Rust.PathExprSegment                                 x ¦
                        [0] .Rust.identifier                                    ｢x｣
                    [1] .Rust.number                                            ｢1｣
                      [0] .Rust.number.decimal                                  ｢1｣
        [3] .Rust.Expr                                                          Ok(fu ... ())<NEWLINE><DEDENT>¦
          [0] .Rust.Expr.Member.(                                               Ok(fu ... ())<NEWLINE><DEDENT>¦
            [0] .Rust.PathInExpr                                                Ok¦
              [0] .Rust.PathExprSegment                                         Ok¦
                [0] .Rust.identifier                                            ｢Ok｣
            [1] .Rust.Expr.CallArgs                                             futur ... ing()¦
              [0] .Rust.Expr                                                    futur ... ing()¦
                [0] .Rust.Expr.Member.(                                         futur ... ing()¦
                  [0] .Rust.Expr.Member..                                       futur ... tring¦
                    [0] .Rust.Expr.Member..await                                futur ... await¦
                      [0] .Rust.PathInExpr                                      future¦
                        [0] .Rust.PathExprSegment                               future¦
                          [0] .Rust.identifier                                  ｢future｣
                    [1] .Rust.Expr.FieldName                                    to_string¦
                      [0] .Rust.PathExprSegment                                 to_string¦
                        [0] .Rust.identifier                                    ｢to_string｣
                  [1] .Rust.Expr.CallArgs                                       ¦
  [41] .Rust.Item                                                               fn ge ... <NEWLINE><DEDENT>}<NEWLINE><NEWLINE>¦
    [0] .Rust.Function                                                          fn ge ... <NEWLINE><DEDENT>}<NEWLINE><NEWLINE>¦
      [0] .Rust.identifier                                                      ｢generics｣
      [1] .Rust.GenericParams                                                   <T, U, F>¦
        [0] .Rust.GenericParams.Param                                           T¦
          [0] .Rust.GenericParams.TypeParam                                     T¦
            [0] .Rust.identifier                                                ｢T｣
        [1] .Rust.GenericParams.Param                                           U¦
          [0] .Rust.GenericParams.TypeParam                                     U¦
            [0] .Rust.identifier                                                ｢U｣
        [2] .Rust.GenericParams.Param                                           F¦
          [0] .Rust.GenericParams.TypeParam                                     F¦
            [0] .Rust.identifier                                                ｢F｣
      [2] .Rust.Function.Params                                                 items ...  f: F¦
        [0] .Rust.Function.Param                                                items ...  &[T]¦
          [0] .Rust.Pattern                                                     items¦
            [0] .Rust.Pattern.Ident                                             items¦
              [0] .Rust.identifier                                              ｢items｣
          [1] .Rust.Type.Ref                                                    &[T]¦
            [0] .Rust.Type.Slice                                                [T]¦
              [0] .Rust.TypePath                                                T¦
                [0] .Rust.TypePathSegment                                       T¦
                  [0] .Rust.identifier                                          ｢T｣
        [1] .Rust.Function.Param                                                f: F¦
          [0] .Rust.Pattern                                                     f¦
            [0] .Rust.Pattern.Ident                                             f¦
              [0] .Rust.identifier                                              ｢f｣
          [1] .Rust.TypePath                                                    F¦
            [0] .Rust.TypePathSegment                                           F¦
              [0] .Rust.identifier                                              ｢F｣
      [3] .Rust.Type.ImplTrait                                                  impl  ... + '_<NEWLINE>¦
        [0] .Rust.Bounds                                                        Itera ... + '_<NEWLINE>¦
          [0] .Rust.Bound                                                       Itera ... = U> ¦
            [0] .Rust.TraitBound                                                Itera ... = U> ¦
              [0] .Rust.TypePath                                                Itera ... = U> ¦
                [0] .Rust.TypePathSegment                                       Itera ... = U> ¦
                  [0] .Rust.identifier                                          ｢Iterator｣
                  [1] .Rust.GenericArgs                                         <Item ... = U> ¦
                    [0] .Rust.GenericArgs.Arg                                   Item = U¦
                      [0] .Rust.GenericArgs.Constraint                          Item = U¦
                        [0] .Rust.identifier                                    ｢Item｣
                        [1] .Rust.TypePath                                      U¦
                          [0] .Rust.TypePathSegment                             U¦
                            [0] .Rust.identifier                                ｢U｣
          [1] .Rust.Bound                                                       '_<NEWLINE>¦
            [0] .Rust.lifetime                                                  ｢'_｣
      [4] .Rust.Where                                                           where ... or,<NEWLINE><DEDENT>¦
        [0] .Rust.Where.Predicate                                               T: Cl ... tatic¦
          [0] .Rust.TypePath                                                    T¦
            [0] .Rust.TypePathSegment                                           T¦
              [0] .Rust.identifier                                              ｢T｣
          [1] .Rust.Bounds                                                      Clone ... tatic¦
            [0] .Rust.Bound                                                     Clone ¦
              [0] .Rust.TraitBound                                              Clone ¦
                [0] .Rust.TypePath                                              Clone ¦
                  [0] .Rust.TypePathSegment                                     Clone ¦
                    [0] .Rust.identifier                                        ｢Clone｣
            [1] .Rust.Bound                                                     'static¦
              [0] .Rust.lifetime                                                ｢'static｣
        [1] .Rust.Where.Predicate                                               F: Fn ... tatic¦
          [0] .Rust.TypePath                                                    F¦
            [0] .Rust.TypePathSegment                                           F¦
              [0] .Rust.identifier                                              ｢F｣
          [1] .Rust.Bounds                                                      Fn(&T ... tatic¦
            [0] .Rust.Bound                                                     Fn(&T ... -> U ¦
              [0] .Rust.TraitBound                                              Fn(&T ... -> U ¦
                [0] .Rust.TypePath                                              Fn(&T ... -> U ¦
                  [0] .Rust.TypePathSegment                                     Fn(&T ... -> U ¦
                    [0] .Rust.identifier                                        ｢Fn｣
                    [1] .Rust.TypePathFn                                        (&T) -> U ¦
                      [0] .Rust.Type.Ref                                        &T¦
                        [0] .Rust.TypePath                                      T¦
                          [0] .Rust.TypePathSegment                             T¦
                            [0] .Rust.identifier                                ｢T｣
                      [1] .Rust.TypePath                                        U ¦
                        [0] .Rust.TypePathSegment                               U ¦
                          [0] .Rust.identifier                                  ｢U｣
            [1] .Rust.Bound                                                     Copy ¦
              [0] .Rust.TraitBound                                              Copy ¦
                [0] .Rust.TypePath                                              Copy ¦
                  [0] .Rust.TypePathSegment                                     Copy ¦
                    [0] .Rust.identifier                                        ｢Copy｣
            [2] .Rust.Bound                                                     'static¦
              [0] .Rust.lifetime                                                ｢'static｣
        [2] .Rust.Where.Predicate                                               for<' ... rator¦
          [0] .Rust.ForLifetimes                                                for<'a> ¦
            [0] .Rust.GenericParams                                             <'a> ¦
              [0] .Rust.GenericParams.Param                                     'a¦
                [0] .Rust.GenericParams.LifetimeParam                           'a¦
                  [0] .Rust.lifetime                                            ｢'a｣
          [1] .Rust.Type.Ref                                                    &'a T¦
            [0] .Rust.lifetime                                                  ｢'a｣
            [1] .Rust.TypePath                                                  T¦
              [0] .Rust.TypePathSegment                                         T¦
                [0] .Rust.identifier                                            ｢T｣
          [2] .Rust.Bounds                                                      IntoI ... rator¦
            [0] .Rust.Bound                                                     IntoI ... rator¦
              [0] .Rust.TraitBound                                              IntoI ... rator¦
                [0] .Rust.TypePath                                              IntoI ... rator¦
                  [0] .Rust.TypePathSegment                                     IntoI ... rator¦
                    [0] .Rust.identifier                                        ｢IntoIterator｣
      [5] .Rust.Block                                                           {<NEWLINE><INDENT>it ... <NEWLINE><DEDENT>}<NEWLINE><NEWLINE>¦
        [0] .Rust.Expr                                                          items ... m))<NEWLINE><DEDENT>¦
          [0] .Rust.Expr.Member.(                                               items ... m))<NEWLINE><DEDENT>¦
            [0] .Rust.Expr.Member..                                             items ... ).map¦
              [0] .Rust.Expr.Member.(                                           items ... ter()¦
                [0] .Rust.Expr.Member..                                         items.iter¦
                  [0] .Rust.PathInExpr                                          items¦
                    [0] .Rust.PathExprSegment                                   items¦
                      [0] .Rust.identifier                                      ｢items｣
                  [1] .Rust.Expr.FieldName                                      iter¦
                    [0] .Rust.PathExprSegment                                   iter¦
                      [0] .Rust.identifier                                      ｢iter｣
                [1] .Rust.Expr.CallArgs                                         ¦
              [1] .Rust.Expr.FieldName                                          map¦
                [0] .Rust.PathExprSegment                                       map¦
                  [0] .Rust.identifier                                          ｢map｣
            [1] .Rust.Expr.CallArgs                                             move  ... item)¦
              [0] .Rust.Expr                                                    move  ... item)¦
                [0] .Rust.Expr.Closure                                          move  ... item)¦
                  [0] .Rust.Expr.ClosureParam                                   item¦
                    [0] .Rust.Pattern                                           item¦
                      [0] .Rust.Pattern.Ident                                   item¦
                        [0] .Rust.identifier                                    ｢item｣
                  [1] .Rust.Expr                                                f(item)¦
                    [0] .Rust.Expr.Member.(                                     f(item)¦
                      [0] .Rust.PathInExpr                                      f¦
                        [0] .Rust.PathExprSegment                               f¦
                          [0] .Rust.identifier                                  ｢f｣
                      [1] .Rust.Expr.CallArgs                                   item¦
                        [0] .Rust.Expr                                          item¦
                          [0] .Rust.PathInExpr                                  item¦
                            [0] .Rust.PathExprSegment                           item¦
                              [0] .Rust.identifier                              ｢item｣
  [42] .Rust.Item                                                               fn po ... <NEWLINE><DEDENT>}<NEWLINE><NEWLINE>¦
    [0] .Rust.Function                                                          fn po ... <NEWLINE><DEDENT>}<NEWLINE><NEWLINE>¦
      [0] .Rust.identifier                                                      ｢pointers｣
      [1] .Rust.Function.Params                                                 callb ...  -> !¦
        [0] .Rust.Function.Param                                                callb ... > i32¦
          [0] .Rust.Pattern                                                     callback¦
            [0] .Rust.Pattern.Ident                                             callback¦
              [0] .Rust.identifier                                              ｢callback｣
          [1] .Rust.Type.BareFunction                                           fn(i3 ... > i32¦
            [0] .Rust.Type.Params                                               i32¦
              [0] .Rust.Type.Param                                              i32¦
                [0] .Rust.TypePath                                              i32¦
                  [0] .Rust.TypePathSegment                                     i32¦
                    [0] .Rust.identifier                                        ｢i32｣
            [1] .Rust.TypePath                                                  i32¦
              [0] .Rust.TypePathSegment                                         i32¦
                [0] .Rust.identifier                                            ｢i32｣
        [1] .Rust.Function.Param                                                raw:  ... t i32¦
          [0] .Rust.Pattern                                                     raw¦
            [0] .Rust.Pattern.Ident                                             raw¦
              [0] .Rust.identifier                                              ｢raw｣
          [1] .Rust.Type.Pointer                                                *const i32¦
            [0] .Rust.Type.pointerKind                                          ｢const｣
            [1] .Rust.TypePath                                                  i32¦
              [0] .Rust.TypePathSegment                                         i32¦
                [0] .Rust.identifier                                            ｢i32｣
        [2] .Rust.Function.Param                                                never ...  -> !¦
          [0] .Rust.Pattern                                                     never¦
            [0] .Rust.Pattern.Ident                                             never¦
              [0] .Rust.identifier                                              ｢never｣
          [1] .Rust.Type.BareFunction                                           fn() -> !¦
            [0] .Rust.Type.never                                                ｢!｣
      [2] .Rust.TypePath                                                        Optio ... u8>> ¦
        [0] .Rust.TypePathSegment                                               Optio ... u8>> ¦
          [0] .Rust.identifier                                                  ｢Option｣
          [1] .Rust.GenericArgs                                                 <Box< ... u8>> ¦
            [0] .Rust.GenericArgs.Arg                                           Box<d ... > u8>¦
              [0] .Rust.TypePath                                                Box<d ... > u8>¦
                [0] .Rust.TypePathSegment                                       Box<d ... > u8>¦
                  [0] .Rust.identifier                                          ｢Box｣
                  [1] .Rust.GenericArgs                                         <dyn  ... > u8>¦
                    [0] .Rust.GenericArgs.Arg                                   dyn F ... -> u8¦
                      [0] .Rust.Type.TraitObject                                dyn F ... -> u8¦
                        [0] .Rust.Bounds                                        Fn(u8 ... -> u8¦
                          [0] .Rust.Bound                                       Fn(u8 ... -> u8¦
                            [0] .Rust.TraitBound                                Fn(u8 ... -> u8¦
                              [0] .Rust.TypePath                                Fn(u8 ... -> u8¦
                                [0] .Rust.TypePathSegment                       Fn(u8 ... -> u8¦
                                  [0] .Rust.identifier                          ｢Fn｣
                                  [1] .Rust.TypePathFn                          (u8) -> u8¦
                                    [0] .Rust.TypePath                          u8¦
                                      [0] .Rust.TypePathSegment                 u8¦
                                        [0] .Rust.identifier                    ｢u8｣
                                    [1] .Rust.TypePath                          u8¦
                                      [0] .Rust.TypePathSegment                 u8¦
                                        [0] .Rust.identifier                    ｢u8｣
      [3] .Rust.Block                                                           {<NEWLINE><INDENT>le ... <NEWLINE><DEDENT>}<NEWLINE><NEWLINE>¦
        [0] .Rust.Stmt                                                          let f ... ack;<NEWLINE>¦
          [0] .Rust.Stmt.Let                                                    let f ... ack;<NEWLINE>¦
            [0] .Rust.Pattern                                                   func¦
              [0] .Rust.Pattern.Ident                                           func¦
                [0] .Rust.identifier                                            ｢func｣
            [1] .Rust.Type.BareFunction                                         unsaf ... t u8 ¦
              [0] .Rust.safety                                                  ｢unsafe｣
              [1] .Rust.Function.abi                                            ｢"C"｣
                [0] .Rust.string.plain                                          ｢"C"｣
              [2] .Rust.Type.Params                                             *cons ... , ...¦
                [0] .Rust.Type.Param                                            *const u8¦
                  [0] .Rust.Type.Pointer                                        *const u8¦
                    [0] .Rust.Type.pointerKind                                  ｢const｣
                    [1] .Rust.TypePath                                          u8¦
                      [0] .Rust.TypePathSegment                                 u8¦
                        [0] .Rust.identifier                                    ｢u8｣
                [1] .Rust.Type.Param                                            usize¦
                  [0] .Rust.TypePath                                            usize¦
                    [0] .Rust.TypePathSegment                                   usize¦
                      [0] .Rust.identifier                                      ｢usize｣
                [2] .Rust.Function.variadic                                     ｢...｣
              [3] .Rust.Type.Pointer                                            *mut u8 ¦
                [0] .Rust.Type.pointerKind                                      ｢mut｣
                [1] .Rust.TypePath                                              u8 ¦
                  [0] .Rust.TypePathSegment                                     u8 ¦
                    [0] .Rust.identifier                                        ｢u8｣
            [2] .Rust.Expr                                                      callback¦
              [0] .Rust.PathInExpr                                              callback¦
                [0] .Rust.PathExprSegment                                       callback¦
                  [0] .Rust.identifier                                          ｢callback｣
        [1] .Rust.Stmt                                                          let o ... one;<NEWLINE>¦
          [0] .Rust.Stmt.Let                                                    let o ... one;<NEWLINE>¦
            [0] .Rust.Pattern                                                   opt¦
              [0] .Rust.Pattern.Ident                                           opt¦
                [0] .Rust.identifier                                            ｢opt｣
            [1] .Rust.TypePath                                                  Optio ... 2>]> ¦
              [0] .Rust.TypePathSegment                                         Optio ... 2>]> ¦
                [0] .Rust.identifier                                            ｢Option｣
                [1] .Rust.GenericArgs                                           <&mut ... 2>]> ¦
                  [0] .Rust.GenericArgs.Arg                                     &mut  ... f32>]¦
                    [0] .Rust.Type.Ref                                          &mut  ... f32>]¦
                      [0] .Rust.mut                                             ｢mut｣
                      [1] .Rust.Type.Slice                                      [Poin ... f32>]¦
                        [0] .Rust.TypePath                                      Point<f32>¦
                          [0] .Rust.TypePathSegment                             Point<f32>¦
                            [0] .Rust.identifier                                ｢Point｣
                            [1] .Rust.GenericArgs                               <f32>¦
                              [0] .Rust.GenericArgs.Arg                         f32¦
                                [0] .Rust.TypePath                              f32¦
                                  [0] .Rust.TypePathSegment                     f32¦
                                    [0] .Rust.identifier                        ｢f32｣
            [2] .Rust.Expr                                                      None¦
              [0] .Rust.PathInExpr                                              None¦
                [0] .Rust.PathExprSegment                                       None¦
                  [0] .Rust.identifier                                          ｢None｣
        [2] .Rust.Stmt                                                          let n ... w();<NEWLINE>¦
          [0] .Rust.Stmt.Let                                                    let n ... w();<NEWLINE>¦
            [0] .Rust.Pattern                                                   nested¦
              [0] .Rust.Pattern.Ident                                           nested¦
                [0] .Rust.identifier                                            ｢nested｣
            [1] .Rust.TypePath                                                  Vec<V ... )>>> ¦
              [0] .Rust.TypePathSegment                                         Vec<V ... )>>> ¦
                [0] .Rust.identifier                                            ｢Vec｣
                [1] .Rust.GenericArgs                                           <Vec< ... )>>> ¦
                  [0] .Rust.GenericArgs.Arg                                     Vec<H ... 4])>>¦
                    [0] .Rust.TypePath                                          Vec<H ... 4])>>¦
                      [0] .Rust.TypePathSegment                                 Vec<H ... 4])>>¦
                        [0] .Rust.identifier                                    ｢Vec｣
                        [1] .Rust.GenericArgs                                   <Hash ... 4])>>¦
                          [0] .Rust.GenericArgs.Arg                             HashM ...  4])>¦
                            [0] .Rust.TypePath                                  HashM ...  4])>¦
                              [0] .Rust.TypePathSegment                         HashM ...  4])>¦
                                [0] .Rust.identifier                            ｢HashMap｣
                                [1] .Rust.GenericArgs                           <u8,  ...  4])>¦
                                  [0] .Rust.GenericArgs.Arg                     u8¦
                                    [0] .Rust.TypePath                          u8¦
                                      [0] .Rust.TypePathSegment                 u8¦
                                        [0] .Rust.identifier                    ｢u8｣
                                  [1] .Rust.GenericArgs.Arg                     (i8,  ... ; 4])¦
                                    [0] .Rust.Type.Tuple                        (i8,  ... ; 4])¦
                                      [0] .Rust.TypePath                        i8¦
                                        [0] .Rust.TypePathSegment               i8¦
                                          [0] .Rust.identifier                  ｢i8｣
                                      [1] .Rust.Type.Array                      [u16; 4]¦
                                        [0] .Rust.TypePath                      u16¦
                                          [0] .Rust.TypePathSegment             u16¦
                                            [0] .Rust.identifier                ｢u16｣
                                        [1] .Rust.Expr                          4¦
                                          [0] .Rust.number                      ｢4｣
                                            [0] .Rust.number.decimal            ｢4｣
            [2] .Rust.Expr                                                      Vec::new()¦
              [0] .Rust.Expr.Member.(                                           Vec::new()¦
                [0] .Rust.PathInExpr                                            Vec::new¦
                  [0] .Rust.PathExprSegment                                     Vec¦
                    [0] .Rust.identifier                                        ｢Vec｣
                  [1] .Rust.PathExprSegment                                     new¦
                    [0] .Rust.identifier                                        ｢new｣
                [1] .Rust.Expr.CallArgs                                         ¦
        [3] .Rust.Expr                                                          Some( ... 1))<NEWLINE><DEDENT>¦
          [0] .Rust.Expr.Member.(                                               Some( ... 1))<NEWLINE><DEDENT>¦
            [0] .Rust.PathInExpr                                                Some¦
              [0] .Rust.PathExprSegment                                         Some¦
                [0] .Rust.identifier                                            ｢Some｣
            [1] .Rust.Expr.CallArgs                                             Box:: ...  + 1)¦
              [0] .Rust.Expr                                                    Box:: ...  + 1)¦
                [0] .Rust.Expr.Member.(                                         Box:: ...  + 1)¦
                  [0] .Rust.PathInExpr                                          Box::new¦
                    [0] .Rust.PathExprSegment                                   Box¦
                      [0] .Rust.identifier                                      ｢Box｣
                    [1] .Rust.PathExprSegment                                   new¦
                      [0] .Rust.identifier                                      ｢new｣
                  [1] .Rust.Expr.CallArgs                                       |x| x + 1¦
                    [0] .Rust.Expr                                              |x| x + 1¦
                      [0] .Rust.Expr.Closure                                    |x| x + 1¦
                        [0] .Rust.Expr.ClosureParam                             x¦
                          [0] .Rust.Pattern                                     x¦
                            [0] .Rust.Pattern.Ident                             x¦
                              [0] .Rust.identifier                              ｢x｣
                        [1] .Rust.Expr                                          x + 1¦
                          [0] .Rust.Expr.Sum.+                                  x + 1¦
                            [0] .Rust.PathInExpr                                x ¦
                              [0] .Rust.PathExprSegment                         x ¦
                                [0] .Rust.identifier                            ｢x｣
                            [1] .Rust.number                                    ｢1｣
                              [0] .Rust.number.decimal                          ｢1｣
  [43] .Rust.Item                                                               macro ... <NEWLINE><DEDENT>}<NEWLINE><NEWLINE>¦
    [0] .Rust.MacroRules                                                        macro ... <NEWLINE><DEDENT>}<NEWLINE><NEWLINE>¦
      [0] .Rust.identifier                                                      ｢square｣
      [1] .Rust.MacroRules.Rules                                                ($x:e ... <DEDENT>};<NEWLINE><DEDENT>¦
        [0] .Rust.MacroRules.MacroRule                                          ($x:e ... $x<NEWLINE><DEDENT>}¦
          [0] .Rust.MacroRules.Matcher                                          ($x:expr) ¦
            [0] .Rust.MacroRules.Match                                          $x:expr¦
              [0] .Rust.MacroRules.Fragment                                     $x:expr¦
                [0] .Rust.identifier                                            ｢x｣
                [1] .Rust.MacroRules.fragSpec                                   ｢expr｣
          [1] .Rust.DelimTokenTree                                              {<NEWLINE><INDENT>$x ... $x<NEWLINE><DEDENT>}¦
            [0] .Rust.TokenTree                                                 $¦
              [0] .Rust.token                                                   ｢$｣
            [1] .Rust.TokenTree                                                 x ¦
              [0] .Rust.token                                                   ｢x｣
            [2] .Rust.TokenTree                                                 * ¦
              [0] .Rust.token                                                   ｢*｣
            [3] .Rust.TokenTree                                                 $¦
              [0] .Rust.token                                                   ｢$｣
            [4] .Rust.TokenTree                                                 x<NEWLINE><DEDENT>¦
              [0] .Rust.token                                                   ｢x｣
        [1] .Rust.MacroRules.MacroRule                                          ($($x ... +)<NEWLINE><DEDENT>}¦
          [0] .Rust.MacroRules.Matcher                                          ($($x ... ,)?) ¦
            [0] .Rust.MacroRules.Match                                          $($x: ... r),+ ¦
              [0] .Rust.MacroRules.Repetition                                   $($x: ... r),+ ¦
                [0] .Rust.MacroRules.Match                                      $x:expr¦
                  [0] .Rust.MacroRules.Fragment                                 $x:expr¦
                    [0] .Rust.identifier                                        ｢x｣
                    [1] .Rust.MacroRules.fragSpec                               ｢expr｣
                [1] .Rust.MacroRules.separator                                  ｢,｣
                  [0] .Rust.token                                               ｢,｣
                [2] .Rust.MacroRules.repOp                                      ｢+｣
            [1] .Rust.MacroRules.Match                                          $(,)?¦
              [0] .Rust.MacroRules.Repetition                                   $(,)?¦
                [0] .Rust.MacroRules.Match                                      ,¦
                  [0] .Rust.token                                               ｢,｣
                [1] .Rust.MacroRules.repOp                                      ｢?｣
          [1] .Rust.DelimTokenTree                                              {<NEWLINE><INDENT>($ ... +)<NEWLINE><DEDENT>}¦
            [0] .Rust.TokenTree                                                 ($(sq ... ,+)<NEWLINE><DEDENT>¦
              [0] .Rust.DelimTokenTree                                          ($(sq ... ,+)<NEWLINE><DEDENT>¦
                [0] .Rust.TokenTree                                             $¦
                  [0] .Rust.token                                               ｢$｣
                [1] .Rust.TokenTree                                             (squa ... ($x))¦
                  [0] .Rust.DelimTokenTree                                      (squa ... ($x))¦
                    [0] .Rust.TokenTree                                         square¦
                      [0] .Rust.token                                           ｢square｣
                    [1] .Rust.TokenTree                                         !¦
                      [0] .Rust.token                                           ｢!｣
                    [2] .Rust.TokenTree                                         ($x)¦
                      [0] .Rust.DelimTokenTree                                  ($x)¦
                        [0] .Rust.TokenTree                                     $¦
                          [0] .Rust.token                                       ｢$｣
                        [1] .Rust.TokenTree                                     x¦
                          [0] .Rust.token                                       ｢x｣
                [2] .Rust.TokenTree                                             ,¦
                  [0] .Rust.token                                               ｢,｣
                [3] .Rust.TokenTree                                             +¦
                  [0] .Rust.token                                               ｢+｣
  [44] .Rust.Item                                                               macro ... <NEWLINE><DEDENT>}<NEWLINE><NEWLINE>¦
    [0] .Rust.MacroRules                                                        macro ... <NEWLINE><DEDENT>}<NEWLINE><NEWLINE>¦
      [0] .Rust.identifier                                                      ｢make_struct｣
      [1] .Rust.MacroRules.Rules                                                ($nam ... <NEWLINE><DEDENT>}<NEWLINE><DEDENT>¦
        [0] .Rust.MacroRules.MacroRule                                          ($nam ... <NEWLINE><DEDENT>}<NEWLINE><DEDENT>¦
          [0] .Rust.MacroRules.Matcher                                          ($nam ... * }) ¦
            [0] .Rust.MacroRules.Match                                          $name ... dent ¦
              [0] .Rust.MacroRules.Fragment                                     $name ... dent ¦
                [0] .Rust.identifier                                            ｢name｣
                [1] .Rust.MacroRules.fragSpec                                   ｢ident｣
            [1] .Rust.MacroRules.Match                                          { $($ ... ),* }¦
              [0] .Rust.MacroRules.Matcher                                      { $($ ... ),* }¦
                [0] .Rust.MacroRules.Match                                      $($fi ... y),* ¦
                  [0] .Rust.MacroRules.Repetition                               $($fi ... y),* ¦
                    [0] .Rust.MacroRules.Match                                  $fiel ... dent ¦
                      [0] .Rust.MacroRules.Fragment                             $fiel ... dent ¦
                        [0] .Rust.identifier                                    ｢field｣
                        [1] .Rust.MacroRules.fragSpec                           ｢ident｣
                    [1] .Rust.MacroRules.Match                                  : ¦
                      [0] .Rust.token                                           ｢:｣
                    [2] .Rust.MacroRules.Match                                  $ty:ty¦
                      [0] .Rust.MacroRules.Fragment                             $ty:ty¦
                        [0] .Rust.identifier                                    ｢ty｣
                        [1] .Rust.MacroRules.fragSpec                           ｢ty｣
                    [3] .Rust.MacroRules.separator                              ｢,｣
                      [0] .Rust.token                                           ｢,｣
                    [4] .Rust.MacroRules.repOp                                  ｢*｣
          [1] .Rust.DelimTokenTree                                              {<NEWLINE><INDENT>st ... <NEWLINE><DEDENT>}<NEWLINE><DEDENT>¦
            [0] .Rust.TokenTree                                                 struct ¦
              [0] .Rust.token                                                   ｢struct｣
            [1] .Rust.TokenTree                                                 $¦
              [0] .Rust.token                                                   ｢$｣
            [2] .Rust.TokenTree                                                 name ¦
              [0] .Rust.token                                                   ｢name｣
            [3] .Rust.TokenTree                                                 { $($ ... * }<NEWLINE><DEDENT>¦
              [0] .Rust.DelimTokenTree                                          { $($ ... * }<NEWLINE><DEDENT>¦
                [0] .Rust.TokenTree                                             $¦
                  [0] .Rust.token                                               ｢$｣
                [1] .Rust.TokenTree                                             ($fie ...  $ty)¦
                  [0] .Rust.DelimTokenTree                                      ($fie ...  $ty)¦
                    [0] .Rust.TokenTree                                         $¦
                      [0] .Rust.token                                           ｢$｣
                    [1] .Rust.TokenTree                                         field¦
                      [0] .Rust.token                                           ｢field｣
                    [2] .Rust.TokenTree                                         : ¦
                      [0] .Rust.token                                           ｢:｣
                    [3] .Rust.TokenTree                                         $¦
                      [0] .Rust.token                                           ｢$｣
                    [4] .Rust.TokenTree                                         ty¦
                      [0] .Rust.token                                           ｢ty｣
                [2] .Rust.TokenTree                                             ,¦
                  [0] .Rust.token                                               ｢,｣
                [3] .Rust.TokenTree                                             * ¦
                  [0] .Rust.token                                               ｢*｣
  [45] .Rust.Item                                                               make_ ... });<NEWLINE><NEWLINE>¦
    [0] .Rust.MacroItem                                                         make_ ... });<NEWLINE><NEWLINE>¦
      [0] .Rust.SimplePath                                                      make_ ... truct¦
        [0] .Rust.simplePathSegment                                             ｢make_struct｣
          [0] .Rust.identifier                                                  ｢make_struct｣
      [1] .Rust.TokenTree                                                       Generated ¦
        [0] .Rust.token                                                         ｢Generated｣
      [2] .Rust.TokenTree                                                       { a:  ... u16 }¦
        [0] .Rust.DelimTokenTree                                                { a:  ... u16 }¦
          [0] .Rust.TokenTree                                                   a¦
            [0] .Rust.token                                                     ｢a｣
          [1] .Rust.TokenTree                                                   : ¦
            [0] .Rust.token                                                     ｢:｣
          [2] .Rust.TokenTree                                                   u8¦
            [0] .Rust.token                                                     ｢u8｣
          [3] .Rust.TokenTree                                                   , ¦
            [0] .Rust.token                                                     ｢,｣
          [4] .Rust.TokenTree                                                   b¦
            [0] .Rust.token                                                     ｢b｣
          [5] .Rust.TokenTree                                                   : ¦
            [0] .Rust.token                                                     ｢:｣
          [6] .Rust.TokenTree                                                   u16 ¦
            [0] .Rust.token                                                     ｢u16｣
  [46] .Rust.Item                                                               #[cfg ... <NEWLINE><DEDENT>}<NEWLINE><NEWLINE>¦
    [0] .Rust.OuterAttr                                                         #[cfg ... st)]<NEWLINE>¦
      [0] .Rust.Attr                                                            cfg(test)¦
        [0] .Rust.SimplePath                                                    cfg¦
          [0] .Rust.simplePathSegment                                           ｢cfg｣
            [0] .Rust.identifier                                                ｢cfg｣
        [1] .Rust.AttrInput                                                     (test)¦
          [0] .Rust.DelimTokenTree                                              (test)¦
            [0] .Rust.TokenTree                                                 test¦
              [0] .Rust.token                                                   ｢test｣
    [1] .Rust.Module                                                            mod t ... <NEWLINE><DEDENT>}<NEWLINE><NEWLINE>¦
      [0] .Rust.identifier                                                      ｢tests｣
      [1] .Rust.Item                                                            use s ... :*;<NEWLINE><NEWLINE>¦
        [0] .Rust.Use                                                           use s ... :*;<NEWLINE><NEWLINE>¦
          [0] .Rust.Use.Tree                                                    super::*¦
            [0] .Rust.SimplePath                                                super¦
              [0] .Rust.simplePathSegment                                       ｢super｣
                [0] .Rust.pathKeyword                                           ｢super｣
            [1] .Rust.Use.glob                                                  ｢*｣
      [2] .Rust.Item                                                            #[tes ... <NEWLINE><DEDENT>}<NEWLINE><DEDENT>¦
        [0] .Rust.OuterAttr                                                     #[test]<NEWLINE>¦
          [0] .Rust.Attr                                                        test¦
            [0] .Rust.SimplePath                                                test¦
              [0] .Rust.simplePathSegment                                       ｢test｣
                [0] .Rust.identifier                                            ｢test｣
        [1] .Rust.OuterAttr                                                     #[sho ... m\")]<NEWLINE>¦
          [0] .Rust.Attr                                                        shoul ... oom\")¦
            [0] .Rust.SimplePath                                                shoul ... panic¦
              [0] .Rust.simplePathSegment                                       ｢should_panic｣
                [0] .Rust.identifier                                            ｢should_panic｣
            [1] .Rust.AttrInput                                                 (expe ... oom\")¦
              [0] .Rust.DelimTokenTree                                          (expe ... oom\")¦
                [0] .Rust.TokenTree                                             expected ¦
                  [0] .Rust.token                                               ｢expected｣
                [1] .Rust.TokenTree                                             = ¦
                  [0] .Rust.token                                               ｢=｣
                [2] .Rust.TokenTree                                             \"boom\"¦
                  [0] .Rust.token                                               ｢"boom"｣
                    [0] .Rust.string.plain                                      ｢"boom"｣
        [2] .Rust.Function                                                      fn it ... <NEWLINE><DEDENT>}<NEWLINE><DEDENT>¦
          [0] .Rust.identifier                                                  ｢it_works｣
          [1] .Rust.Block                                                       {<NEWLINE><INDENT>as ... <NEWLINE><DEDENT>}<NEWLINE><DEDENT>¦
            [0] .Rust.Stmt                                                      asser ...  9);<NEWLINE>¦
              [0] .Rust.Item                                                    asser ...  9);<NEWLINE>¦
                [0] .Rust.MacroItem                                             asser ...  9);<NEWLINE>¦
                  [0] .Rust.SimplePath                                          assert_eq¦
                    [0] .Rust.simplePathSegment                                 ｢assert_eq｣
                      [0] .Rust.identifier                                      ｢assert_eq｣
                  [1] .Rust.TokenTree                                           square¦
                    [0] .Rust.token                                             ｢square｣
                  [2] .Rust.TokenTree                                           !¦
                    [0] .Rust.token                                             ｢!｣
                  [3] .Rust.TokenTree                                           (3)¦
                    [0] .Rust.DelimTokenTree                                    (3)¦
                      [0] .Rust.TokenTree                                       3¦
                        [0] .Rust.token                                         ｢3｣
                          [0] .Rust.number                                      ｢3｣
                            [0] .Rust.number.decimal                            ｢3｣
                  [4] .Rust.TokenTree                                           , ¦
                    [0] .Rust.token                                             ｢,｣
                  [5] .Rust.TokenTree                                           9¦
                    [0] .Rust.token                                             ｢9｣
                      [0] .Rust.number                                          ｢9｣
                        [0] .Rust.number.decimal                                ｢9｣
            [1] .Rust.Stmt                                                      asser ...  });<NEWLINE>¦
              [0] .Rust.Item                                                    asser ...  });<NEWLINE>¦
                [0] .Rust.MacroItem                                             asser ...  });<NEWLINE>¦
                  [0] .Rust.SimplePath                                          assert¦
                    [0] .Rust.simplePathSegment                                 ｢assert｣
                      [0] .Rust.identifier                                      ｢assert｣
                  [1] .Rust.TokenTree                                           Point¦
                    [0] .Rust.token                                             ｢Point｣
                  [2] .Rust.TokenTree                                           :¦
                    [0] .Rust.token                                             ｢:｣
                  [3] .Rust.TokenTree                                           :¦
                    [0] .Rust.token                                             ｢:｣
                  [4] .Rust.TokenTree                                           <¦
                    [0] .Rust.token                                             ｢<｣
                  [5] .Rust.TokenTree                                           i32¦
                    [0] .Rust.token                                             ｢i32｣
                  [6] .Rust.TokenTree                                           >¦
                    [0] .Rust.token                                             ｢>｣
                  [7] .Rust.TokenTree                                           :¦
                    [0] .Rust.token                                             ｢:｣
                  [8] .Rust.TokenTree                                           :¦
                    [0] .Rust.token                                             ｢:｣
                  [9] .Rust.TokenTree                                           default¦
                    [0] .Rust.token                                             ｢default｣
                  [10] .Rust.TokenTree                                          () ¦
                    [0] .Rust.DelimTokenTree                                    () ¦
                  [11] .Rust.TokenTree                                          =¦
                    [0] .Rust.token                                             ｢=｣
                  [12] .Rust.TokenTree                                          = ¦
                    [0] .Rust.token                                             ｢=｣
                  [13] .Rust.TokenTree                                          Point ¦
                    [0] .Rust.token                                             ｢Point｣
                  [14] .Rust.TokenTree                                          { x:  ... : 0 }¦
                    [0] .Rust.DelimTokenTree                                    { x:  ... : 0 }¦
                      [0] .Rust.TokenTree                                       x¦
                        [0] .Rust.token                                         ｢x｣
                      [1] .Rust.TokenTree                                       : ¦
                        [0] .Rust.token                                         ｢:｣
                      [2] .Rust.TokenTree                                       0¦
                        [0] .Rust.token                                         ｢0｣
                          [0] .Rust.number                                      ｢0｣
                            [0] .Rust.number.decimal                            ｢0｣
                      [3] .Rust.TokenTree                                       , ¦
                        [0] .Rust.token                                         ｢,｣
                      [4] .Rust.TokenTree                                       y¦
                        [0] .Rust.token                                         ｢y｣
                      [5] .Rust.TokenTree                                       : ¦
                        [0] .Rust.token                                         ｢:｣
                      [6] .Rust.TokenTree                                       0 ¦
                        [0] .Rust.token                                         ｢0｣
                          [0] .Rust.number                                      ｢0｣
                            [0] .Rust.number.decimal                            ｢0｣
            [2] .Rust.Stmt                                                      panic ... \");<NEWLINE><DEDENT>¦
              [0] .Rust.Item                                                    panic ... \");<NEWLINE><DEDENT>¦
                [0] .Rust.MacroItem                                             panic ... \");<NEWLINE><DEDENT>¦
                  [0] .Rust.SimplePath                                          panic¦
                    [0] .Rust.simplePathSegment                                 ｢panic｣
                      [0] .Rust.identifier                                      ｢panic｣
                  [1] .Rust.TokenTree                                           \"boom\"¦
                    [0] .Rust.token                                             ｢"boom"｣
                      [0] .Rust.string.plain                                    ｢"boom"｣
  [47] .Rust.Item                                                               fn ma ... ;<NEWLINE><DEDENT>}<NEWLINE>¦
    [0] .Rust.Function                                                          fn ma ... ;<NEWLINE><DEDENT>}<NEWLINE>¦
      [0] .Rust.identifier                                                      ｢main｣
      [1] .Rust.Block                                                           {<NEWLINE><INDENT>le ... ;<NEWLINE><DEDENT>}<NEWLINE>¦
        [0] .Rust.Stmt                                                          let s ... ![];<NEWLINE>¦
          [0] .Rust.Stmt.Let                                                    let s ... ![];<NEWLINE>¦
            [0] .Rust.Pattern                                                   shapes¦
              [0] .Rust.Pattern.Ident                                           shapes¦
                [0] .Rust.identifier                                            ｢shapes｣
            [1] .Rust.TypePath                                                  Vec<B ... 4>>> ¦
              [0] .Rust.TypePathSegment                                         Vec<B ... 4>>> ¦
                [0] .Rust.identifier                                            ｢Vec｣
                [1] .Rust.GenericArgs                                           <Box< ... 4>>> ¦
                  [0] .Rust.GenericArgs.Arg                                     Box<d ... f64>>¦
                    [0] .Rust.TypePath                                          Box<d ... f64>>¦
                      [0] .Rust.TypePathSegment                                 Box<d ... f64>>¦
                        [0] .Rust.identifier                                    ｢Box｣
                        [1] .Rust.GenericArgs                                   <dyn  ... f64>>¦
                          [0] .Rust.GenericArgs.Arg                             dyn A ...  f64>¦
                            [0] .Rust.Type.TraitObject                          dyn A ...  f64>¦
                              [0] .Rust.Bounds                                  Area< ...  f64>¦
                                [0] .Rust.Bound                                 Area< ...  f64>¦
                                  [0] .Rust.TraitBound                          Area< ...  f64>¦
                                    [0] .Rust.TypePath                          Area< ...  f64>¦
                                      [0] .Rust.TypePathSegment                 Area< ...  f64>¦
                                        [0] .Rust.identifier                    ｢Area｣
                                        [1] .Rust.GenericArgs                   <Outp ...  f64>¦
                                          [0] .Rust.GenericArgs.Arg             Outpu ... = f64¦
                                            [0] .Rust.GenericArgs.Constraint    Outpu ... = f64¦
                                              [0] .Rust.identifier              ｢Output｣
                                              [1] .Rust.TypePath                f64¦
                                                [0] .Rust.TypePathSegment       f64¦
                                                  [0] .Rust.identifier          ｢f64｣
            [2] .Rust.Expr                                                      vec![]¦
              [0] .Rust.Expr.Macro                                              vec![]¦
                [0] .Rust.PathInExpr                                            vec¦
                  [0] .Rust.PathExprSegment                                     vec¦
                    [0] .Rust.identifier                                        ｢vec｣
                [1] .Rust.DelimTokenTree                                        []¦
        [1] .Rust.Stmt                                                          for ( ... ;<NEWLINE><DEDENT>}<NEWLINE>¦
          [0] .Rust.Stmt.ExprStmt                                               for ( ... ;<NEWLINE><DEDENT>}<NEWLINE>¦
            [0] .Rust.Expr.For                                                  for ( ... ;<NEWLINE><DEDENT>}<NEWLINE>¦
              [0] .Rust.Pattern                                                 (inde ... ape) ¦
                [0] .Rust.Pattern.Tuple                                         (inde ... ape) ¦
                  [0] .Rust.Pattern                                             index¦
                    [0] .Rust.Pattern.Ident                                     index¦
                      [0] .Rust.identifier                                      ｢index｣
                  [1] .Rust.Pattern                                             shape¦
                    [0] .Rust.Pattern.Ident                                     shape¦
                      [0] .Rust.identifier                                      ｢shape｣
              [1] .Rust.Expr                                                    shape ... te() ¦
                [0] .Rust.Expr.Member.(                                         shape ... te() ¦
                  [0] .Rust.Expr.Member..                                       shape ... erate¦
                    [0] .Rust.Expr.Member.(                                     shape ... ter()¦
                      [0] .Rust.Expr.Member..                                   shape ... .iter¦
                        [0] .Rust.PathInExpr                                    shapes¦
                          [0] .Rust.PathExprSegment                             shapes¦
                            [0] .Rust.identifier                                ｢shapes｣
                        [1] .Rust.Expr.FieldName                                iter¦
                          [0] .Rust.PathExprSegment                             iter¦
                            [0] .Rust.identifier                                ｢iter｣
                      [1] .Rust.Expr.CallArgs                                   ¦
                    [1] .Rust.Expr.FieldName                                    enumerate¦
                      [0] .Rust.PathExprSegment                                 enumerate¦
                        [0] .Rust.identifier                                    ｢enumerate｣
                  [1] .Rust.Expr.CallArgs                                       ¦
              [2] .Rust.Block                                                   {<NEWLINE><INDENT>pr ... ;<NEWLINE><DEDENT>}<NEWLINE>¦
                [0] .Rust.Stmt                                                  print ... ));<NEWLINE><DEDENT>¦
                  [0] .Rust.Item                                                print ... ));<NEWLINE><DEDENT>¦
                    [0] .Rust.MacroItem                                         print ... ));<NEWLINE><DEDENT>¦
                      [0] .Rust.SimplePath                                      println¦
                        [0] .Rust.simplePathSegment                             ｢println｣
                          [0] .Rust.identifier                                  ｢println｣
                      [1] .Rust.TokenTree                                       \"{ind ... : {}\"¦
                        [0] .Rust.token                                         ｢"{index}: {}"｣
                          [0] .Rust.string.plain                                ｢"{index}: {}"｣
                      [2] .Rust.TokenTree                                       , ¦
                        [0] .Rust.token                                         ｢,｣
                      [3] .Rust.TokenTree                                       shape¦
                        [0] .Rust.token                                         ｢shape｣
                      [4] .Rust.TokenTree                                       .¦
                        [0] .Rust.token                                         ｢.｣
                      [5] .Rust.TokenTree                                       describe¦
                        [0] .Rust.token                                         ｢describe｣
                      [6] .Rust.TokenTree                                       ()¦
                        [0] .Rust.DelimTokenTree                                ()¦
        [2] .Rust.Stmt                                                          std:: ... ));<NEWLINE><DEDENT>¦
          [0] .Rust.Stmt.ExprStmt                                               std:: ... ));<NEWLINE><DEDENT>¦
            [0] .Rust.Expr                                                      std:: ... i32))¦
              [0] .Rust.Expr.Member.(                                           std:: ... i32))¦
                [0] .Rust.PathInExpr                                            std:: ... :exit¦
                  [0] .Rust.PathExprSegment                                     std¦
                    [0] .Rust.identifier                                        ｢std｣
                  [1] .Rust.PathExprSegment                                     process¦
                    [0] .Rust.identifier                                        ｢process｣
                  [2] .Rust.PathExprSegment                                     exit¦
                    [0] .Rust.identifier                                        ｢exit｣
                [1] .Rust.Expr.CallArgs                                         contr ...  i32)¦
                  [0] .Rust.Expr                                                contr ...  i32)¦
                    [0] .Rust.Expr.Member.(                                     contr ...  i32)¦
                      [0] .Rust.PathInExpr                                      contr ... _flow¦
                        [0] .Rust.PathExprSegment                               contr ... _flow¦
                          [0] .Rust.identifier                                  ｢control_flow｣
                      [1] .Rust.Expr.CallArgs                                   arith ... s i32¦
                        [0] .Rust.Expr                                          arith ... s i32¦
                          [0] .Rust.Expr.Cast.as                                arith ... s i32¦
                            [0] .Rust.Expr.Member..                             arith ... 2).0 ¦
                              [0] .Rust.Expr.Member.(                           arith ... 1, 2)¦
                                [0] .Rust.PathInExpr                            arithmetic¦
                                  [0] .Rust.PathExprSegment                     arithmetic¦
                                    [0] .Rust.identifier                        ｢arithmetic｣
                                [1] .Rust.Expr.CallArgs                         1, 2¦
                                  [0] .Rust.Expr                                1¦
                                    [0] .Rust.number                            ｢1｣
                                      [0] .Rust.number.decimal                  ｢1｣
                                  [1] .Rust.Expr                                2¦
                                    [0] .Rust.number                            ｢2｣
                                      [0] .Rust.number.decimal                  ｢2｣
                              [1] .Rust.Expr.FieldName                          0 ¦
                                [0] .Rust.Expr.tupleIndex                       ｢0｣
                            [1] .Rust.TypePath                                  i32¦
                              [0] .Rust.TypePathSegment                         i32¦
                                [0] .Rust.identifier                            ｢i32｣

[0] .Toml                                                                       bare_ ... ish\"<NEWLINE>¦
  [0] .Toml.Keyval                                                              bare_ ... wed\"<NEWLINE>¦
    [0] .Toml.Key                                                               bare_key ¦
      [0] .Toml.SimpleKey                                                       bare_key ¦
    [1] .Toml.Val                                                               \"Alph ... wed\"<NEWLINE>¦
      [0] .string                                                               ｢"Alphanumeric, underscores, and dashes allowed"｣
  [1] .Toml.Keyval                                                              bare- ... gal\"<NEWLINE>¦
    [0] .Toml.Key                                                               bare- ... dash ¦
      [0] .Toml.SimpleKey                                                       bare- ... dash ¦
    [1] .Toml.Val                                                               \"Dash ... gal\"<NEWLINE>¦
      [0] .string                                                               ｢"Dashes are completely legal"｣
  [2] .Toml.Keyval                                                              bare_ ... ed\"<NEWLINE><NEWLINE>¦
    [0] .Toml.Key                                                               bare_ ... _123 ¦
      [0] .Toml.SimpleKey                                                       bare_ ... _123 ¦
    [1] .Toml.Val                                                               \"Numb ... ed\"<NEWLINE><NEWLINE>¦
      [0] .string                                                               ｢"Numbers are allowed"｣
  [3] .Toml.Keyval                                                              \"quot ... ers\"<NEWLINE>¦
    [0] .Toml.Key                                                               \"quot ... key\" ¦
      [0] .Toml.SimpleKey                                                       \"quot ... key\" ¦
        [0] .string                                                             ｢"quoted key"｣
    [1] .Toml.Val                                                               \"Allo ... ers\"<NEWLINE>¦
      [0] .string                                                               ｢"Allows spaces and special characters"｣
  [4] .Toml.Keyval                                                              'lite ... ame\"<NEWLINE>¦
    [0] .Toml.Key                                                               'lite ... key' ¦
      [0] .Toml.SimpleKey                                                       'lite ... key' ¦
        [0] .string                                                             ｢'literal key'｣
    [1] .Toml.Val                                                               \"No e ... ame\"<NEWLINE>¦
      [0] .string                                                               ｢"No escaping processed inside the key name"｣
  [5] .Toml.Keyval                                                              \"\" =  ... ble)<NEWLINE>¦
    [0] .Toml.Key                                                               \"\" ¦
      [0] .Toml.SimpleKey                                                       \"\" ¦
        [0] .string                                                             ｢""｣
    [1] .Toml.Val                                                               \"Empt ... ble)<NEWLINE>¦
      [0] .string                                                               ｢"Empty string keys are explicitly valid"｣
  [6] .Toml.Keyval                                                              physi ... lue\"<NEWLINE>¦
    [0] .Toml.Key                                                               physi ... olor ¦
      [0] .Toml.SimpleKey                                                       physical¦
      [1] .Toml.SimpleKey                                                       property¦
      [2] .Toml.SimpleKey                                                       color ¦
    [1] .Toml.Val                                                               \"blue\"<NEWLINE>¦
      [0] .string                                                               ｢"blue"｣
  [7] .Toml.Keyval                                                              physi ... ====<NEWLINE>¦
    [0] .Toml.Key                                                               physi ... hape ¦
      [0] .Toml.SimpleKey                                                       physical¦
      [1] .Toml.SimpleKey                                                       property¦
      [2] .Toml.SimpleKey                                                       shape ¦
    [1] .Toml.Val                                                               \"roun ... ====<NEWLINE>¦
      [0] .string                                                               ｢"round"｣
  [8] .Toml.Table                                                               [stri ... ers)<NEWLINE>¦
    [0] .Toml.StdTable                                                          [stri ... ers)<NEWLINE>¦
      [0] .Toml.Key                                                             strings¦
        [0] .Toml.SimpleKey                                                     strings¦
  [9] .Toml.Keyval                                                              basic ... \\t.\"<NEWLINE>¦
    [0] .Toml.Key                                                               basic ¦
      [0] .Toml.SimpleKey                                                       basic ¦
    [1] .Toml.Val                                                               \"The  ... \\t.\"<NEWLINE>¦
      [0] .string                                                               ｢"The quick brown fox jumps over the lazy dog.\nWith a newline and a tab:\t."｣
  [10] .Toml.Keyval                                                             escap ... ====<NEWLINE>¦
    [0] .Toml.Key                                                               escaped ¦
      [0] .Toml.SimpleKey                                                       escaped ¦
    [1] .Toml.Val                                                               \"Quot ... ====<NEWLINE>¦
      [0] .string                                                               ｢"Quote: \", Backslash: \\, Backspace: \b, Formfeed: \f, CarriageReturn: \r"｣
  [11] .Toml.Table                                                              [inte ... ers]<NEWLINE>¦
    [0] .Toml.StdTable                                                          [inte ... ers]<NEWLINE>¦
      [0] .Toml.Key                                                             integers¦
        [0] .Toml.SimpleKey                                                     integers¦
  [12] .Toml.Keyval                                                             posit ...  +99<NEWLINE>¦
    [0] .Toml.Key                                                               positive ¦
      [0] .Toml.SimpleKey                                                       positive ¦
    [1] .Toml.Val                                                               +99<NEWLINE>¦
      [0] .number                                                               ｢+99｣
        [0] .number.integer                                                     ｢+99｣
          [0] .number.integer.decimal                                           ｢+99｣
            [0] .number.plusMinus                                               ｢+｣
            [1] .number.unsigned.integer.decimal                                ｢99｣
  [13] .Toml.Keyval                                                             negat ...  -17<NEWLINE>¦
    [0] .Toml.Key                                                               negative ¦
      [0] .Toml.SimpleKey                                                       negative ¦
    [1] .Toml.Val                                                               -17<NEWLINE>¦
      [0] .number                                                               ｢-17｣
        [0] .number.integer                                                     ｢-17｣
          [0] .number.integer.decimal                                           ｢-17｣
            [0] .number.plusMinus                                               ｢-｣
            [1] .number.unsigned.integer.decimal                                ｢17｣
  [14] .Toml.Keyval                                                             zero = 0<NEWLINE>¦
    [0] .Toml.Key                                                               zero ¦
      [0] .Toml.SimpleKey                                                       zero ¦
    [1] .Toml.Val                                                               0<NEWLINE>¦
      [0] .number                                                               ｢0｣
        [0] .number.integer                                                     ｢0｣
          [0] .number.integer.decimal                                           ｢0｣
            [0] .number.unsigned.integer.decimal                                ｢0｣
  [15] .Toml.Keyval                                                             zero_ ... = +0<NEWLINE>¦
    [0] .Toml.Key                                                               zero_plus ¦
      [0] .Toml.SimpleKey                                                       zero_plus ¦
    [1] .Toml.Val                                                               +0<NEWLINE>¦
      [0] .number                                                               ｢+0｣
        [0] .number.integer                                                     ｢+0｣
          [0] .number.integer.decimal                                           ｢+0｣
            [0] .number.plusMinus                                               ｢+｣
            [1] .number.unsigned.integer.decimal                                ｢0｣
  [16] .Toml.Keyval                                                             zero_ ... ions<NEWLINE>¦
    [0] .Toml.Key                                                               zero_ ... inus ¦
      [0] .Toml.SimpleKey                                                       zero_ ... inus ¦
    [1] .Toml.Val                                                               -0<NEWLINE><NEWLINE># ... ions<NEWLINE>¦
      [0] .number                                                               ｢-0｣
        [0] .number.integer                                                     ｢-0｣
          [0] .number.integer.decimal                                           ｢-0｣
            [0] .number.plusMinus                                               ｢-｣
            [1] .number.unsigned.integer.decimal                                ｢0｣
  [17] .Toml.Keyval                                                             hexad ... BEEF<NEWLINE>¦
    [0] .Toml.Key                                                               hexad ... imal ¦
      [0] .Toml.SimpleKey                                                       hexad ... imal ¦
    [1] .Toml.Val                                                               0xDEA ... BEEF<NEWLINE>¦
      [0] .number                                                               ｢0xDEADBEEF｣
        [0] .number.integer                                                     ｢0xDEADBEEF｣
          [0] .number.integer.hexadecimal                                       ｢0xDEADBEEF｣
            [0] .number.unsigned.integer.hexadecimal                            ｢0xDEADBEEF｣
  [18] .Toml.Keyval                                                             hex_l ... beef<NEWLINE>¦
    [0] .Toml.Key                                                               hex_l ... case ¦
      [0] .Toml.SimpleKey                                                       hex_l ... case ¦
    [1] .Toml.Val                                                               0xdea ... beef<NEWLINE>¦
      [0] .number                                                               ｢0xdeadbeef｣
        [0] .number.integer                                                     ｢0xdeadbeef｣
          [0] .number.integer.hexadecimal                                       ｢0xdeadbeef｣
            [0] .number.unsigned.integer.hexadecimal                            ｢0xdeadbeef｣
  [19] .Toml.Keyval                                                             octal ... o755<NEWLINE>¦
    [0] .Toml.Key                                                               octal ¦
      [0] .Toml.SimpleKey                                                       octal ¦
    [1] .Toml.Val                                                               0o755<NEWLINE>¦
      [0] .number                                                               ｢0o755｣
        [0] .number.integer                                                     ｢0o755｣
          [0] .number.integer.octal                                             ｢0o755｣
            [0] .number.unsigned.integer.octal                                  ｢0o755｣
  [20] .Toml.Keyval                                                             binar ... ====<NEWLINE>¦
    [0] .Toml.Key                                                               binary ¦
      [0] .Toml.SimpleKey                                                       binary ¦
    [1] .Toml.Val                                                               0b110 ... ====<NEWLINE>¦
      [0] .number                                                               ｢0b11010010｣
        [0] .number.integer                                                     ｢0b11010010｣
          [0] .number.integer.binary                                            ｢0b11010010｣
            [0] .number.unsigned.integer.binary                                 ｢0b11010010｣
  [21] .Toml.Table                                                              [floats]<NEWLINE>¦
    [0] .Toml.StdTable                                                          [floats]<NEWLINE>¦
      [0] .Toml.Key                                                             floats¦
        [0] .Toml.SimpleKey                                                     floats¦
  [22] .Toml.Keyval                                                             norma ... 4159<NEWLINE>¦
    [0] .Toml.Key                                                               normal ¦
      [0] .Toml.SimpleKey                                                       normal ¦
    [1] .Toml.Val                                                               +3.14159<NEWLINE>¦
      [0] .number                                                               ｢+3.14159｣
        [0] .number.float                                                       ｢+3.14159｣
          [0] .number.plusMinus                                                 ｢+｣
          [1] .number.unsigned.float                                            ｢3.14159｣
            [0] .number.unsigned.float.integerPart                              ｢3｣
              [0] .number.unsigned.integer.decimal                              ｢3｣
            [1] .number.unsigned.float.fraction                                 ｢.14159｣
              [0] .number.unsigned.integer.decimal                              ｢14159｣
  [23] .Toml.Keyval                                                             negat ... 0.01<NEWLINE>¦
    [0] .Toml.Key                                                               negative ¦
      [0] .Toml.SimpleKey                                                       negative ¦
    [1] .Toml.Val                                                               -0.01<NEWLINE>¦
      [0] .number                                                               ｢-0.01｣
        [0] .number.float                                                       ｢-0.01｣
          [0] .number.plusMinus                                                 ｢-｣
          [1] .number.unsigned.float                                            ｢0.01｣
            [0] .number.unsigned.float.integerPart                              ｢0｣
              [0] .number.unsigned.integer.decimal                              ｢0｣
            [1] .number.unsigned.float.fraction                                 ｢.01｣
              [0] .number.unsigned.integer.decimal                              ｢01｣
  [24] .Toml.Keyval                                                             fract ... ents<NEWLINE>¦
    [0] .Toml.Key                                                               fract ... zero ¦
      [0] .Toml.SimpleKey                                                       fract ... zero ¦
    [1] .Toml.Val                                                               5.0<NEWLINE><NEWLINE> ... ents<NEWLINE>¦
      [0] .number                                                               ｢5.0｣
        [0] .number.float                                                       ｢5.0｣
          [0] .number.unsigned.float                                            ｢5.0｣
            [0] .number.unsigned.float.integerPart                              ｢5｣
              [0] .number.unsigned.integer.decimal                              ｢5｣
            [1] .number.unsigned.float.fraction                                 ｢.0｣
              [0] .number.unsigned.integer.decimal                              ｢0｣
  [25] .Toml.Keyval                                                             expon ... e+22<NEWLINE>¦
    [0] .Toml.Key                                                               expon ... arge ¦
      [0] .Toml.SimpleKey                                                       expon ... arge ¦
    [1] .Toml.Val                                                               5e+22<NEWLINE>¦
      [0] .number                                                               ｢5e+22｣
        [0] .number.float                                                       ｢5e+22｣
          [0] .number.unsigned.float                                            ｢5e+22｣
            [0] .number.unsigned.float.integerPart                              ｢5｣
              [0] .number.unsigned.integer.decimal                              ｢5｣
            [1] .number.unsigned.float.exponent                                 ｢e+22｣
              [0] .number.plusMinus                                             ｢+｣
              [1] .number.unsigned.integer.decimal                              ｢22｣
  [26] .Toml.Keyval                                                             expon ... e-14<NEWLINE>¦
    [0] .Toml.Key                                                               expon ... mall ¦
      [0] .Toml.SimpleKey                                                       expon ... mall ¦
    [1] .Toml.Val                                                               1e-14<NEWLINE>¦
      [0] .number                                                               ｢1e-14｣
        [0] .number.float                                                       ｢1e-14｣
          [0] .number.unsigned.float                                            ｢1e-14｣
            [0] .number.unsigned.float.integerPart                              ｢1｣
              [0] .number.unsigned.integer.decimal                              ｢1｣
            [1] .number.unsigned.float.exponent                                 ｢e-14｣
              [0] .number.plusMinus                                             ｢-｣
              [1] .number.unsigned.integer.decimal                              ｢14｣
  [27] .Toml.Keyval                                                             expon ... ase)<NEWLINE>¦
    [0] .Toml.Key                                                               expon ... ixed ¦
      [0] .Toml.SimpleKey                                                       expon ... ixed ¦
    [1] .Toml.Val                                                               -6.23 ... ase)<NEWLINE>¦
      [0] .number                                                               ｢-6.23e-4｣
        [0] .number.float                                                       ｢-6.23e-4｣
          [0] .number.plusMinus                                                 ｢-｣
          [1] .number.unsigned.float                                            ｢6.23e-4｣
            [0] .number.unsigned.float.integerPart                              ｢6｣
              [0] .number.unsigned.integer.decimal                              ｢6｣
            [1] .number.unsigned.float.fraction                                 ｢.23｣
              [0] .number.unsigned.integer.decimal                              ｢23｣
            [2] .number.unsigned.float.exponent                                 ｢e-4｣
              [0] .number.plusMinus                                             ｢-｣
              [1] .number.unsigned.integer.decimal                              ｢4｣
  [28] .Toml.Keyval                                                             infin ...  inf<NEWLINE>¦
    [0] .Toml.Key                                                               infinity ¦
      [0] .Toml.SimpleKey                                                       infinity ¦
    [1] .Toml.Val                                                               inf<NEWLINE>¦
      [0] .number                                                               ｢inf｣
        [0] .number.float                                                       ｢inf｣
          [0] .number.unsigned.float                                            ｢inf｣
            [0] .number.unsigned.float.special                                  ｢inf｣
  [29] .Toml.Keyval                                                             posit ... +inf<NEWLINE>¦
    [0] .Toml.Key                                                               posit ... nity ¦
      [0] .Toml.SimpleKey                                                       posit ... nity ¦
    [1] .Toml.Val                                                               +inf<NEWLINE>¦
      [0] .number                                                               ｢+inf｣
        [0] .number.float                                                       ｢+inf｣
          [0] .number.plusMinus                                                 ｢+｣
          [1] .number.unsigned.float                                            ｢inf｣
            [0] .number.unsigned.float.special                                  ｢inf｣
  [30] .Toml.Keyval                                                             negat ... -inf<NEWLINE>¦
    [0] .Toml.Key                                                               negat ... nity ¦
      [0] .Toml.SimpleKey                                                       negat ... nity ¦
    [1] .Toml.Val                                                               -inf<NEWLINE>¦
      [0] .number                                                               ｢-inf｣
        [0] .number.float                                                       ｢-inf｣
          [0] .number.plusMinus                                                 ｢-｣
          [1] .number.unsigned.float                                            ｢inf｣
            [0] .number.unsigned.float.special                                  ｢inf｣
  [31] .Toml.Keyval                                                             not_a ... ====<NEWLINE>¦
    [0] .Toml.Key                                                               not_a ... mber ¦
      [0] .Toml.SimpleKey                                                       not_a ... mber ¦
    [1] .Toml.Val                                                               nan<NEWLINE><NEWLINE> ... ====<NEWLINE>¦
      [0] .number                                                               ｢nan｣
        [0] .number.float                                                       ｢nan｣
          [0] .number.unsigned.float                                            ｢nan｣
            [0] .number.unsigned.float.special                                  ｢nan｣
  [32] .Toml.Table                                                              [bool ... ans]<NEWLINE>¦
    [0] .Toml.StdTable                                                          [bool ... ans]<NEWLINE>¦
      [0] .Toml.Key                                                             booleans¦
        [0] .Toml.SimpleKey                                                     booleans¦
  [33] .Toml.Keyval                                                             true_ ... true<NEWLINE>¦
    [0] .Toml.Key                                                               true_ ... alue ¦
      [0] .Toml.SimpleKey                                                       true_ ... alue ¦
    [1] .Toml.Val                                                               true<NEWLINE>¦
  [34] .Toml.Keyval                                                             false ... ====<NEWLINE>¦
    [0] .Toml.Key                                                               false ... alue ¦
      [0] .Toml.SimpleKey                                                       false ... alue ¦
    [1] .Toml.Val                                                               false ... ====<NEWLINE>¦
  [35] .Toml.Table                                                              [date ... mps)<NEWLINE>¦
    [0] .Toml.StdTable                                                          [date ... mps)<NEWLINE>¦
      [0] .Toml.Key                                                             datetimes¦
        [0] .Toml.SimpleKey                                                     datetimes¦
  [36] .Toml.Keyval                                                             offse ... :00Z<NEWLINE>¦
    [0] .Toml.Key                                                               offse ... _utc ¦
      [0] .Toml.SimpleKey                                                       offse ... _utc ¦
    [1] .Toml.Val                                                               1979- ... :00Z<NEWLINE>¦
      [0] .time.point.any                                                       ｢1979-05-27T07:32:00Z｣
        [0] .time.point.rfc                                                     ｢1979-05-27T07:32:00Z｣
          [0] .time.point.local.rfc                                             ｢1979-05-27T07:32:00｣
            [0] .date                                                           ｢1979-05-27｣
            [1] .time.ofDay.rfc                                                 ｢07:32:00｣
          [1] .time.zone                                                        ｢Z｣
  [37] .Toml.Keyval                                                             offse ... 7:00<NEWLINE>¦
    [0] .Toml.Key                                                               offse ... eric ¦
      [0] .Toml.SimpleKey                                                       offse ... eric ¦
    [1] .Toml.Val                                                               1979- ... 7:00<NEWLINE>¦
      [0] .time.point.any                                                       ｢1979-05-27T00:32:00-07:00｣
        [0] .time.point.rfc                                                     ｢1979-05-27T00:32:00-07:00｣
          [0] .time.point.local.rfc                                             ｢1979-05-27T00:32:00｣
            [0] .date                                                           ｢1979-05-27｣
            [1] .time.ofDay.rfc                                                 ｢00:32:00｣
          [1] .time.zone                                                        ｢-07:00｣
  [38] .Toml.Keyval                                                             offse ... 7:00<NEWLINE>¦
    [0] .Toml.Key                                                               offse ... h_ms ¦
      [0] .Toml.SimpleKey                                                       offse ... h_ms ¦
    [1] .Toml.Val                                                               1979- ... 7:00<NEWLINE>¦
      [0] .time.point.any                                                       ｢1979-05-27T00:32:00.999999-07:00｣
        [0] .time.point.rfc                                                     ｢1979-05-27T00:32:00.999999-07:00｣
          [0] .time.point.local.rfc                                             ｢1979-05-27T00:32:00.999999｣
            [0] .date                                                           ｢1979-05-27｣
            [1] .time.ofDay.rfc                                                 ｢00:32:00.999999｣
          [1] .time.zone                                                        ｢-07:00｣
  [39] .Toml.Keyval                                                             offse ... set)<NEWLINE>¦
    [0] .Toml.Key                                                               offse ... ator ¦
      [0] .Toml.SimpleKey                                                       offse ... ator ¦
    [1] .Toml.Val                                                               1979- ... set)<NEWLINE>¦
      [0] .time.point.any                                                       ｢1979-05-27 07:32:00Z｣
        [0] .time.point.rfc                                                     ｢1979-05-27 07:32:00Z｣
          [0] .time.point.local.rfc                                             ｢1979-05-27 07:32:00｣
            [0] .date                                                           ｢1979-05-27｣
            [1] .time.ofDay.rfc                                                 ｢07:32:00｣
          [1] .time.zone                                                        ｢Z｣
  [40] .Toml.Keyval                                                             local ... 2:00<NEWLINE>¦
    [0] .Toml.Key                                                               local ... time ¦
      [0] .Toml.SimpleKey                                                       local ... time ¦
    [1] .Toml.Val                                                               1979- ... 2:00<NEWLINE>¦
      [0] .time.point.local.any                                                 ｢1979-05-27T07:32:00｣
        [0] .time.point.local.rfc                                               ｢1979-05-27T07:32:00｣
          [0] .date                                                             ｢1979-05-27｣
          [1] .time.ofDay.rfc                                                   ｢07:32:00｣
  [41] .Toml.Keyval                                                             local ... ely)<NEWLINE>¦
    [0] .Toml.Key                                                               local ... e_ms ¦
      [0] .Toml.SimpleKey                                                       local ... e_ms ¦
    [1] .Toml.Val                                                               1979- ... ely)<NEWLINE>¦
      [0] .time.point.local.any                                                 ｢1979-05-27T07:32:00.999999｣
        [0] .time.point.local.rfc                                               ｢1979-05-27T07:32:00.999999｣
          [0] .date                                                             ｢1979-05-27｣
          [1] .time.ofDay.rfc                                                   ｢07:32:00.999999｣
  [42] .Toml.Keyval                                                             local ... ely)<NEWLINE>¦
    [0] .Toml.Key                                                               local ... date ¦
      [0] .Toml.SimpleKey                                                       local ... date ¦
    [1] .Toml.Val                                                               1979- ... ely)<NEWLINE>¦
      [0] .date                                                                 ｢1979-05-27｣
  [43] .Toml.Keyval                                                             local ... 2:00<NEWLINE>¦
    [0] .Toml.Key                                                               local ... time ¦
      [0] .Toml.SimpleKey                                                       local ... time ¦
    [1] .Toml.Val                                                               07:32:00<NEWLINE>¦
      [0] .time.ofDay.any                                                       ｢07:32:00｣
  [44] .Toml.Keyval                                                             local ... ====<NEWLINE>¦
    [0] .Toml.Key                                                               local ... e_ms ¦
      [0] .Toml.SimpleKey                                                       local ... e_ms ¦
    [1] .Toml.Val                                                               00:32 ... ====<NEWLINE>¦
      [0] .time.ofDay.any                                                       ｢00:32:00.999999｣
  [45] .Toml.Table                                                              [arrays]<NEWLINE>¦
    [0] .Toml.StdTable                                                          [arrays]<NEWLINE>¦
      [0] .Toml.Key                                                             arrays¦
        [0] .Toml.SimpleKey                                                     arrays¦
  [46] .Toml.Keyval                                                             integ ... , 3]<NEWLINE>¦
    [0] .Toml.Key                                                               integers ¦
      [0] .Toml.SimpleKey                                                       integers ¦
    [1] .Toml.Val                                                               [1, 2, 3]<NEWLINE>¦
      [0] .Toml.Array                                                           [1, 2, 3]<NEWLINE>¦
        [0] .Toml.Val                                                           1¦
          [0] .number                                                           ｢1｣
            [0] .number.integer                                                 ｢1｣
              [0] .number.integer.decimal                                       ｢1｣
                [0] .number.unsigned.integer.decimal                            ｢1｣
        [1] .Toml.Val                                                           2¦
          [0] .number                                                           ｢2｣
            [0] .number.integer                                                 ｢2｣
              [0] .number.integer.decimal                                       ｢2｣
                [0] .number.unsigned.integer.decimal                            ｢2｣
        [2] .Toml.Val                                                           3¦
          [0] .number                                                           ｢3｣
            [0] .number.integer                                                 ｢3｣
              [0] .number.integer.decimal                                       ｢3｣
                [0] .number.unsigned.integer.decimal                            ｢3｣
  [47] .Toml.Keyval                                                             strin ... en\"]<NEWLINE>¦
    [0] .Toml.Key                                                               strings ¦
      [0] .Toml.SimpleKey                                                       strings ¦
    [1] .Toml.Val                                                               [\"red ... en\"]<NEWLINE>¦
      [0] .Toml.Array                                                           [\"red ... en\"]<NEWLINE>¦
        [0] .Toml.Val                                                           \"red\"¦
          [0] .string                                                           ｢"red"｣
        [1] .Toml.Val                                                           \"yellow\"¦
          [0] .string                                                           ｢"yellow"｣
        [2] .Toml.Val                                                           \"green\"¦
          [0] .string                                                           ｢"green"｣
  [48] .Toml.Keyval                                                             neste ... ents<NEWLINE>¦
    [0] .Toml.Key                                                               neste ... rays ¦
      [0] .Toml.SimpleKey                                                       neste ... rays ¦
    [1] .Toml.Val                                                               [[1,  ... ents<NEWLINE>¦
      [0] .Toml.Array                                                           [[1,  ... ents<NEWLINE>¦
        [0] .Toml.Val                                                           [1, 2]¦
          [0] .Toml.Array                                                       [1, 2]¦
            [0] .Toml.Val                                                       1¦
              [0] .number                                                       ｢1｣
                [0] .number.integer                                             ｢1｣
                  [0] .number.integer.decimal                                   ｢1｣
                    [0] .number.unsigned.integer.decimal                        ｢1｣
            [1] .Toml.Val                                                       2¦
              [0] .number                                                       ｢2｣
                [0] .number.integer                                             ｢2｣
                  [0] .number.integer.decimal                                   ｢2｣
                    [0] .number.unsigned.integer.decimal                        ｢2｣
        [1] .Toml.Val                                                           [3, 4, 5]¦
          [0] .Toml.Array                                                       [3, 4, 5]¦
            [0] .Toml.Val                                                       3¦
              [0] .number                                                       ｢3｣
                [0] .number.integer                                             ｢3｣
                  [0] .number.integer.decimal                                   ｢3｣
                    [0] .number.unsigned.integer.decimal                        ｢3｣
            [1] .Toml.Val                                                       4¦
              [0] .number                                                       ｢4｣
                [0] .number.integer                                             ｢4｣
                  [0] .number.integer.decimal                                   ｢4｣
                    [0] .number.unsigned.integer.decimal                        ｢4｣
            [2] .Toml.Val                                                       5¦
              [0] .number                                                       ｢5｣
                [0] .number.integer                                             ｢5｣
                  [0] .number.integer.decimal                                   ｢5｣
                    [0] .number.unsigned.integer.decimal                        ｢5｣
  [49] .Toml.Keyval                                                             multi ... 0.0)<NEWLINE>¦
    [0] .Toml.Key                                                               multi ... pace ¦
      [0] .Toml.SimpleKey                                                       multi ... pace ¦
    [1] .Toml.Val                                                               [<NEWLINE><INDENT>\"a ... 0.0)<NEWLINE>¦
      [0] .Toml.Array                                                           [<NEWLINE><INDENT>\"a ... 0.0)<NEWLINE>¦
        [0] .Toml.Val                                                           \"allowed\"¦
          [0] .string                                                           ｢"allowed"｣
        [1] .Toml.Val                                                           \"across\"¦
          [0] .string                                                           ｢"across"｣
        [2] .Toml.Val                                                           \"multiple\"¦
          [0] .string                                                           ｢"multiple"｣
        [3] .Toml.Val                                                           \"lines\"¦
          [0] .string                                                           ｢"lines"｣
  [50] .Toml.Keyval                                                             mixed ... ====<NEWLINE>¦
    [0] .Toml.Key                                                               mixed ... ypes ¦
      [0] .Toml.SimpleKey                                                       mixed ... ypes ¦
    [1] .Toml.Val                                                               [1, 2 ... ====<NEWLINE>¦
      [0] .Toml.Array                                                           [1, 2 ... ====<NEWLINE>¦
        [0] .Toml.Val                                                           1¦
          [0] .number                                                           ｢1｣
            [0] .number.integer                                                 ｢1｣
              [0] .number.integer.decimal                                       ｢1｣
                [0] .number.unsigned.integer.decimal                            ｢1｣
        [1] .Toml.Val                                                           2¦
          [0] .number                                                           ｢2｣
            [0] .number.integer                                                 ｢2｣
              [0] .number.integer.decimal                                       ｢2｣
                [0] .number.unsigned.integer.decimal                            ｢2｣
        [2] .Toml.Val                                                           \"three\"¦
          [0] .string                                                           ｢"three"｣
        [3] .Toml.Val                                                           [\"fou ... \", 5]¦
          [0] .Toml.Array                                                       [\"fou ... \", 5]¦
            [0] .Toml.Val                                                       \"four\"¦
              [0] .string                                                       ｢"four"｣
            [1] .Toml.Val                                                       5¦
              [0] .number                                                       ｢5｣
                [0] .number.integer                                             ｢5｣
                  [0] .number.integer.decimal                                   ｢5｣
                    [0] .number.unsigned.integer.decimal                        ｢5｣
        [4] .Toml.Val                                                           6.0¦
          [0] .number                                                           ｢6.0｣
            [0] .number.float                                                   ｢6.0｣
              [0] .number.unsigned.float                                        ｢6.0｣
                [0] .number.unsigned.float.integerPart                          ｢6｣
                  [0] .number.unsigned.integer.decimal                          ｢6｣
                [1] .number.unsigned.float.fraction                             ｢.0｣
                  [0] .number.unsigned.integer.decimal                          ｢0｣
        [5] .Toml.Val                                                           1979-05-27¦
          [0] .date                                                             ｢1979-05-27｣
  [51] .Toml.Table                                                              [inli ... aces<NEWLINE>¦
    [0] .Toml.StdTable                                                          [inli ... aces<NEWLINE>¦
      [0] .Toml.Key                                                             inlin ... ables¦
        [0] .Toml.SimpleKey                                                     inlin ... ables¦
  [52] .Toml.Keyval                                                             basic ... r\" }<NEWLINE>¦
    [0] .Toml.Key                                                               basic ¦
      [0] .Toml.SimpleKey                                                       basic ¦
    [1] .Toml.Val                                                               { fir ... r\" }<NEWLINE>¦
      [0] .Toml.InlineTable                                                     { fir ... r\" }<NEWLINE>¦
        [0] .Toml.Keyval                                                        first ... \"Tom\"¦
          [0] .Toml.Key                                                         first ¦
            [0] .Toml.SimpleKey                                                 first ¦
          [1] .Toml.Val                                                         \"Tom\"¦
            [0] .string                                                         ｢"Tom"｣
        [1] .Toml.Keyval                                                        last  ... ner\" ¦
          [0] .Toml.Key                                                         last ¦
            [0] .Toml.SimpleKey                                                 last ¦
          [1] .Toml.Val                                                         \"Pres ... ner\" ¦
            [0] .string                                                         ｢"Preston-Werner"｣
  [53] .Toml.Keyval                                                             point ... able<NEWLINE>¦
    [0] .Toml.Key                                                               point ¦
      [0] .Toml.SimpleKey                                                       point ¦
    [1] .Toml.Val                                                               { x = ... able<NEWLINE>¦
      [0] .Toml.InlineTable                                                     { x = ... able<NEWLINE>¦
        [0] .Toml.Keyval                                                        x = 1¦
          [0] .Toml.Key                                                         x ¦
            [0] .Toml.SimpleKey                                                 x ¦
          [1] .Toml.Val                                                         1¦
            [0] .number                                                         ｢1｣
              [0] .number.integer                                               ｢1｣
                [0] .number.integer.decimal                                     ｢1｣
                  [0] .number.unsigned.integer.decimal                          ｢1｣
        [1] .Toml.Keyval                                                        y = 2¦
          [0] .Toml.Key                                                         y ¦
            [0] .Toml.SimpleKey                                                 y ¦
          [1] .Toml.Val                                                         2¦
            [0] .number                                                         ｢2｣
              [0] .number.integer                                               ｢2｣
                [0] .number.integer.decimal                                     ｢2｣
                  [0] .number.unsigned.integer.decimal                          ｢2｣
        [2] .Toml.Keyval                                                        z = 3 ¦
          [0] .Toml.Key                                                         z ¦
            [0] .Toml.SimpleKey                                                 z ¦
          [1] .Toml.Val                                                         3 ¦
            [0] .number                                                         ｢3｣
              [0] .number.integer                                               ｢3｣
                [0] .number.integer.decimal                                     ｢3｣
                  [0] .number.unsigned.integer.decimal                          ｢3｣
  [54] .Toml.Keyval                                                             neste ... able<NEWLINE>¦
    [0] .Toml.Key                                                               nested ¦
      [0] .Toml.SimpleKey                                                       nested ¦
    [1] .Toml.Val                                                               { ide ... able<NEWLINE>¦
      [0] .Toml.InlineTable                                                     { ide ... able<NEWLINE>¦
        [0] .Toml.Keyval                                                        ident ... in\" }¦
          [0] .Toml.Key                                                         identity ¦
            [0] .Toml.SimpleKey                                                 identity ¦
          [1] .Toml.Val                                                         { id  ... in\" }¦
            [0] .Toml.InlineTable                                               { id  ... in\" }¦
              [0] .Toml.Keyval                                                  id = 42¦
                [0] .Toml.Key                                                   id ¦
                  [0] .Toml.SimpleKey                                           id ¦
                [1] .Toml.Val                                                   42¦
                  [0] .number                                                   ｢42｣
                    [0] .number.integer                                         ｢42｣
                      [0] .number.integer.decimal                               ｢42｣
                        [0] .number.unsigned.integer.decimal                    ｢42｣
              [1] .Toml.Keyval                                                  role  ... min\" ¦
                [0] .Toml.Key                                                   role ¦
                  [0] .Toml.SimpleKey                                           role ¦
                [1] .Toml.Val                                                   \"admin\" ¦
                  [0] .string                                                   ｢"admin"｣
        [1] .Toml.Keyval                                                        activ ... true ¦
          [0] .Toml.Key                                                         active ¦
            [0] .Toml.SimpleKey                                                 active ¦
          [1] .Toml.Val                                                         true ¦
  [55] .Toml.Keyval                                                             empty ... ====<NEWLINE>¦
    [0] .Toml.Key                                                               empty ¦
      [0] .Toml.SimpleKey                                                       empty ¦
    [1] .Toml.Val                                                               {}<NEWLINE><NEWLINE># ... ====<NEWLINE>¦
      [0] .Toml.InlineTable                                                     {}<NEWLINE><NEWLINE># ... ====<NEWLINE>¦
  [56] .Toml.Table                                                              [expl ... e_1]<NEWLINE>¦
    [0] .Toml.StdTable                                                          [expl ... e_1]<NEWLINE>¦
      [0] .Toml.Key                                                             expli ... ble_1¦
        [0] .Toml.SimpleKey                                                     expli ... ble_1¦
  [57] .Toml.Keyval                                                             key_a ... _1\"<NEWLINE><NEWLINE>¦
    [0] .Toml.Key                                                               key_a ¦
      [0] .Toml.SimpleKey                                                       key_a ¦
    [1] .Toml.Val                                                               \"Valu ... _1\"<NEWLINE><NEWLINE>¦
      [0] .string                                                               ｢"Value inside explicit_table_1"｣
  [58] .Toml.Table                                                              [expl ... ild]<NEWLINE>¦
    [0] .Toml.StdTable                                                          [expl ... ild]<NEWLINE>¦
      [0] .Toml.Key                                                             expli ... child¦
        [0] .Toml.SimpleKey                                                     expli ... ble_1¦
        [1] .Toml.SimpleKey                                                     neste ... child¦
  [59] .Toml.Keyval                                                             key_b ... egal<NEWLINE>¦
    [0] .Toml.Key                                                               key_b ¦
      [0] .Toml.SimpleKey                                                       key_b ¦
    [1] .Toml.Val                                                               \"Valu ... egal<NEWLINE>¦
      [0] .string                                                               ｢"Value inside nested_child"｣
  [60] .Toml.Table                                                              [expl ... ader<NEWLINE>¦
    [0] .Toml.StdTable                                                          [expl ... ader<NEWLINE>¦
      [0] .Toml.Key                                                             expli ... ble_2¦
        [0] .Toml.SimpleKey                                                     expli ... ble_2¦
  [61] .Toml.Table                                                              [expl ... ble]<NEWLINE>¦
    [0] .Toml.StdTable                                                          [expl ... ble]<NEWLINE>¦
      [0] .Toml.Key                                                             expli ... table¦
        [0] .Toml.SimpleKey                                                     expli ... ble_3¦
        [1] .Toml.SimpleKey                                                     sub_table¦
        [2] .Toml.SimpleKey                                                     deep_table¦
  [62] .Toml.Keyval                                                             final ... rray<NEWLINE>¦
    [0] .Toml.Key                                                               final_key ¦
      [0] .Toml.SimpleKey                                                       final_key ¦
    [1] .Toml.Val                                                               \"Reso ... rray<NEWLINE>¦
      [0] .string                                                               ｢"Resolves deep nesting paths cleanly"｣
  [63] .Toml.Table                                                              [[pro ... ts]]<NEWLINE>¦
    [0] .Toml.ArrayTable                                                        [[pro ... ts]]<NEWLINE>¦
      [0] .Toml.Key                                                             products¦
        [0] .Toml.SimpleKey                                                     products¦
  [64] .Toml.Keyval                                                             name  ... mer\"<NEWLINE>¦
    [0] .Toml.Key                                                               name ¦
      [0] .Toml.SimpleKey                                                       name ¦
    [1] .Toml.Val                                                               \"Hammer\"<NEWLINE>¦
      [0] .string                                                               ｢"Hammer"｣
  [65] .Toml.Keyval                                                             sku = ... wed)<NEWLINE>¦
    [0] .Toml.Key                                                               sku ¦
      [0] .Toml.SimpleKey                                                       sku ¦
    [1] .Toml.Val                                                               73859 ... wed)<NEWLINE>¦
      [0] .number                                                               ｢738594937｣
        [0] .number.integer                                                     ｢738594937｣
          [0] .number.integer.decimal                                           ｢738594937｣
            [0] .number.unsigned.integer.decimal                                ｢738594937｣
  [66] .Toml.Table                                                              [[pro ... out)<NEWLINE>¦
    [0] .Toml.ArrayTable                                                        [[pro ... out)<NEWLINE>¦
      [0] .Toml.Key                                                             products¦
        [0] .Toml.SimpleKey                                                     products¦
  [67] .Toml.Table                                                              [[pro ... ts]]<NEWLINE>¦
    [0] .Toml.ArrayTable                                                        [[pro ... ts]]<NEWLINE>¦
      [0] .Toml.Key                                                             products¦
        [0] .Toml.SimpleKey                                                     products¦
  [68] .Toml.Keyval                                                             name  ... ail\"<NEWLINE>¦
    [0] .Toml.Key                                                               name ¦
      [0] .Toml.SimpleKey                                                       name ¦
    [1] .Toml.Val                                                               \"Nail\"<NEWLINE>¦
      [0] .string                                                               ｢"Nail"｣
  [69] .Toml.Keyval                                                             sku = ... 393<NEWLINE><NEWLINE>¦
    [0] .Toml.Key                                                               sku ¦
      [0] .Toml.SimpleKey                                                       sku ¦
    [1] .Toml.Val                                                               28475 ... 393<NEWLINE><NEWLINE>¦
      [0] .number                                                               ｢284758393｣
        [0] .number.integer                                                     ｢284758393｣
          [0] .number.integer.decimal                                           ｢284758393｣
            [0] .number.unsigned.integer.decimal                                ｢284758393｣
  [70] .Toml.Table                                                              [[pro ... es]]<NEWLINE>¦
    [0] .Toml.ArrayTable                                                        [[pro ... es]]<NEWLINE>¦
      [0] .Toml.Key                                                             produ ... ories¦
        [0] .Toml.SimpleKey                                                     products¦
        [1] .Toml.SimpleKey                                                     categories¦
  [71] .Toml.Keyval                                                             name  ... ture<NEWLINE>¦
    [0] .Toml.Key                                                               name ¦
      [0] .Toml.SimpleKey                                                       name ¦
    [1] .Toml.Val                                                               \"Fast ... ture<NEWLINE>¦
      [0] .string                                                               ｢"Fasteners"｣
  [72] .Toml.Table                                                              [[fruit]]<NEWLINE>¦
    [0] .Toml.ArrayTable                                                        [[fruit]]<NEWLINE>¦
      [0] .Toml.Key                                                             fruit¦
        [0] .Toml.SimpleKey                                                     fruit¦
  [73] .Toml.Keyval                                                             name  ... le\"<NEWLINE><NEWLINE>¦
    [0] .Toml.Key                                                               name ¦
      [0] .Toml.SimpleKey                                                       name ¦
    [1] .Toml.Val                                                               \"apple\"<NEWLINE><NEWLINE>¦
      [0] .string                                                               ｢"apple"｣
  [74] .Toml.Table                                                              [frui ... cal]<NEWLINE>¦
    [0] .Toml.StdTable                                                          [frui ... cal]<NEWLINE>¦
      [0] .Toml.Key                                                             fruit ... sical¦
        [0] .Toml.SimpleKey                                                     fruit¦
        [1] .Toml.SimpleKey                                                     physical¦
  [75] .Toml.Keyval                                                             color ... ed\"<NEWLINE><NEWLINE>¦
    [0] .Toml.Key                                                               color ¦
      [0] .Toml.SimpleKey                                                       color ¦
    [1] .Toml.Val                                                               \"red\"<NEWLINE><NEWLINE>¦
      [0] .string                                                               ｢"red"｣
  [76] .Toml.Table                                                              [[fru ... es]]<NEWLINE>¦
    [0] .Toml.ArrayTable                                                        [[fru ... es]]<NEWLINE>¦
      [0] .Toml.Key                                                             fruit ... eties¦
        [0] .Toml.SimpleKey                                                     fruit¦
        [1] .Toml.SimpleKey                                                     varieties¦
  [77] .Toml.Keyval                                                             name  ... la\"<NEWLINE><NEWLINE>¦
    [0] .Toml.Key                                                               name ¦
      [0] .Toml.SimpleKey                                                       name ¦
    [1] .Toml.Val                                                               \"gala\"<NEWLINE><NEWLINE>¦
      [0] .string                                                               ｢"gala"｣
  [78] .Toml.Table                                                              [[fru ... es]]<NEWLINE>¦
    [0] .Toml.ArrayTable                                                        [[fru ... es]]<NEWLINE>¦
      [0] .Toml.Key                                                             fruit ... eties¦
        [0] .Toml.SimpleKey                                                     fruit¦
        [1] .Toml.SimpleKey                                                     varieties¦
  [79] .Toml.Keyval                                                             name  ... ji\"<NEWLINE><NEWLINE>¦
    [0] .Toml.Key                                                               name ¦
      [0] .Toml.SimpleKey                                                       name ¦
    [1] .Toml.Val                                                               \"fuji\"<NEWLINE><NEWLINE>¦
      [0] .string                                                               ｢"fuji"｣
  [80] .Toml.Table                                                              [[fruit]]<NEWLINE>¦
    [0] .Toml.ArrayTable                                                        [[fruit]]<NEWLINE>¦
      [0] .Toml.Key                                                             fruit¦
        [0] .Toml.SimpleKey                                                     fruit¦
  [81] .Toml.Keyval                                                             name  ... na\"<NEWLINE><NEWLINE>¦
    [0] .Toml.Key                                                               name ¦
      [0] .Toml.SimpleKey                                                       name ¦
    [1] .Toml.Val                                                               \"banana\"<NEWLINE><NEWLINE>¦
      [0] .string                                                               ｢"banana"｣
  [82] .Toml.Table                                                              [[fru ... es]]<NEWLINE>¦
    [0] .Toml.ArrayTable                                                        [[fru ... es]]<NEWLINE>¦
      [0] .Toml.Key                                                             fruit ... eties¦
        [0] .Toml.SimpleKey                                                     fruit¦
        [1] .Toml.SimpleKey                                                     varieties¦
  [83] .Toml.Keyval                                                             name  ... ish\"<NEWLINE>¦
    [0] .Toml.Key                                                               name ¦
      [0] .Toml.SimpleKey                                                       name ¦
    [1] .Toml.Val                                                               \"cave ... ish\"<NEWLINE>¦
      [0] .string                                                               ｢"cavendish"｣

